code,iata,name,city,region,lat,lon,longest_rwy_ft
00CA,,Goldstone (GTS) Airport,Barstow,US-CA,35.3547,-116.8853,6000
01MT,,Crystal Lakes Resort Airport,Fortine,US-MT,48.7891,-114.88,5000
04CA,,Gray Butte Field,Palmdale,US-CA,34.5666,-117.6707,8000
04TT,,4D Ranch Airport,Utopia,US-TX,29.7131,-99.5456,5134
04WN,,Stillwater Creek Airport,Royal City,US-WA,46.9584,-119.6386,4100
05CL,,Pope Valley Airport,Pope Valley,US-CA,38.6107,-122.391,3700
06FA,,William P Gwinn Airport,Jupiter,US-FL,26.9084,-80.3289,7003
06TE,,Ainsworth Airport,Cleveland,US-TX,30.3127,-95.0269,3500
07FA,OCA,Ocean Reef Club Airport,Key Largo,US-FL,25.3254,-80.2748,4500
07K,,Central City Municipal - Larry Reineke Field,Central City,US-NE,41.1126,-98.0517,3700
07MT,,Glasgow Industrial Airport,Glasgow,US-MT,48.4211,-106.528,13500
08F,,City of Coalgate Airport,Coalgate,US-OK,34.5318,-96.2331,3862
08MS,,Midsouth Airpark,Coldwater,US-MS,34.6615,-89.8696,3725
09FA,,Placid Lakes Airport,Lake Placid,US-FL,27.2456,-81.4133,4800
09TS,,Pitcock Rosillos Mountain Ranch Airport,Marathon,US-TX,29.4824,-103.165,4083
0AZ2,,Western Sky Airport,Salome,US-AZ,33.7782,-113.6406,3500
0CO2,CSE,Crested Butte Airpark,Crested Butte,US-CO,38.8519,-106.9283,4000
0ID2,,Flying Joseph Ranch Airport,May,US-ID,44.4429,-113.773,7507
0NE6,,Frager Field,Fairfield,US-NE,40.4333,-98.0706,3500
0OK3,,McKinley Ranch Airport,Geary,US-OK,35.6145,-98.5344,5000
0R7,,The Red River Airport,Coushatta,US-LA,31.9907,-93.3074,5000
0TA7,,Alta Vista Ranch Airport,Marfa,US-TX,30.1532,-103.8998,5200
0TE5,,Santa Maria Ranch Airport,Laredo,US-TX,27.4338,-99.1859,5992
0TE7,JCY,LBJ Ranch Airport,Stonewall,US-TX,30.2518,-98.6225,6291
0TX1,,Pecan Plantation Airport,Granbury,US-TX,32.3533,-97.6762,3500
0XA4,,Seven Cs Ranch Airport,Encinal,US-TX,27.9969,-98.8822,5005
0XA5,,74 Ranch Airport,Campbellton,US-TX,28.6849,-98.3828,3800
0XS7,,Anacacho Ranch Airport,Brackettville,US-TX,29.1937,-100.28,6000
KHBE,,Himsel Army Airfield,Nineveh,US-IN,39.3393,-86.0298,4039
12NC,,Atlantic Field Marine Corps Outlying Field,Atlantic,US-NC,34.8921,-76.349,3678
13NC,,Oak Grove Marine Corps Outlying Field,Pollocksville,US-NC,35.025,-77.2559,4200
14AZ,,Ruby Star Airpark,Sahuarita,US-AZ,31.9095,-111.1203,4300
14MS,,Rose Field,Hickory,US-MS,32.3453,-89.0342,3500
14NC,,Camp Davis Marine Corps Outlying Field,Holly Ridge,US-NC,34.5165,-77.5451,5000
KUSW,,Boggs Field,Spencer,US-WV,38.8238,-81.3488,4549
14TS,,O S Wyatt Airport,Realitos,US-TX,27.4217,-98.6045,6010
15FL,,Cannon Creek Airpark,Lake City,US-FL,30.1506,-82.6679,3500
17FL,,Jumbolair-Greystone Airport,Ocala,US-FL,29.2774,-82.1207,7380
17XS,,Quahadi Ranch Airport,Dublin,US-TX,32.1778,-98.435,6295
18AZ,,Sky Ranch At Carefree Airport,Carefree,US-AZ,33.8185,-111.8983,4029
18TA,,West Kerr Ranch Airport,Junction,US-TX,30.1363,-99.7437,4500
18TE,,Alert Field,Big Sandy,US-TX,32.5852,-95.0639,5093
19MT,,N Bar Ranch Airport,Grass Range,US-MT,46.8381,-108.9368,6000
1AZ0,,Bishop Airfield,Mobile,US-AZ,33.1119,-112.269,4500
1CA1,,Belridge Strip,McKittrick,US-CA,35.4679,-119.722,5600
1CO5,,Melon Field,Rocky Ford,US-CO,38.0162,-103.6946,3780
1GA0,,Eagle Neck Airport,Shellman Bluff,US-GA,31.6394,-81.329,3744
1I9,,Delphi Municipal Airport,Delphi,US-IN,40.5428,-86.6817,4001
1K1,,Lloyd Stearman Field,Benton,US-KS,37.7779,-97.1135,5106
1K5,,Waynoka Municipal Airport,Waynoka,US-OK,36.5715,-98.8547,3532
1K8,,South Grand Lake Regional Airport,Ketchum,US-OK,36.5417,-95.0211,4730
1M7,,Fulton Airport,Fulton,US-KY,36.5259,-88.9156,4001
1MI3,,Black River Ranch Airport,Onaway,US-MI,45.1958,-84.3217,3900
1MS8,,Columbus Air Force Base Auxiliary Field (Gunshy),Shuqualak,US-MS,32.9401,-88.5792,6302
1MY1,,Carlson Agricultural Airport,Wendell,US-MN,45.9853,-96.1944,4500
1TE1,,Briscoes Catarina Ranch Airport,Catarina,US-TX,28.2503,-99.817,4000
KTX2,NIR,Chase Field Industrial Airport,Beeville,US-TX,28.3624,-97.6619,8000
1XS8,,Pinon Ranch Airport,Brackettville,US-TX,29.6338,-100.3757,4500
20GA,,Earl L. Small Jr. Field/Stockmar Airport,Villa Rica,US-GA,33.7565,-84.8847,4500
21AZ,,White Mountain Lake Airport,Show Low,US-AZ,34.3509,-109.964,4000
23ND,,Minnkota Private Airport,Center,US-ND,47.0822,-101.267,4000
24CL,,Boswell Airport,Corcoran,US-CA,36.0884,-119.5414,6815
25TA,,Ferris Airport,Baytown,US-TX,29.8366,-94.9674,3600
25TS,,Miller Airfield,Dalhart,US-TX,36.0943,-102.4175,6500
25XA,,Headwaters Airport,Stonewall,US-TX,30.0929,-98.7013,4400
27AZ,,Eagle Roost Airpark,Aguila,US-AZ,33.9193,-113.1678,3906
28TA,,Duval County Ranch Co Airport,Freer,US-TX,27.8336,-98.717,10280
2CL9,,Mustang Airport,Galt,US-CA,38.3344,-121.304,4000
2CN4,,Wonderful Pistachios & Almonds Airport,Lost Hills,US-CA,35.6646,-119.8935,5002
KI20,OTN,Ed-Air Airport,Oaktown,US-IN,38.8518,-87.4999,4572
2OR1,,Big Muddy Ranch Airport,Fossil,US-OR,44.8287,-120.4953,4185
2TA6,,Pyramid Ranch Airport,Fairfield,US-TX,31.8627,-96.1975,4700
2TA8,,El Coyote Ranch Airport,Encino,US-TX,26.8584,-98.222,5499
2TS8,,Bailey Airport,Stockdale,US-TX,29.2205,-97.8717,4200
2TX4,,Lewis Ranch Airport,Encinal,US-TX,27.9836,-99.3767,4800
2VG2,,Upperville Airport,Upperville,US-VA,38.9718,-77.8697,5100
2XA1,,Great Horizon Ranch Airport,Cotulla,US-TX,28.1403,-98.936,5500
2XS1,,Harris Ranch Airport,Johnson City,US-TX,30.2197,-98.3026,4600
2XS2,,Indio-Faith Airport,Carrizo Springs,US-TX,28.2628,-100.162,5164
2XS3,,Glad Oaks Airport,Palestine,US-TX,32.0198,-95.695,4250
09GE,,Elliott Field,Dawsonville,US-GA,34.459,-84.1813,5619
31VA,,Aberdeen Field,Smithfield,US-VA,37.0238,-76.5886,5921
KW11,,Sullivan Airport,Sullivan,US-WI,43.0074,-88.6022,4558
33NR,,Skyline Peak Airport,Mars Hill,US-NC,35.939,-82.5155,3500
36MI,,Tecumseh Mills Airport,Tecumseh,US-MI,42.0344,-83.8793,4278
37XA,,Skydive Houston Airport,Waller,US-TX,29.9934,-95.9303,4190
38XA,,Walk-Air Airport,Tyler,US-TX,32.4081,-95.3894,3550
38XS,,San Rafael Ranch Airport,Santa Elena,US-TX,26.8152,-98.4793,6000
39TE,,Seminole Spraying Service Airport,Seminole,US-TX,32.7182,-102.738,4000
3AZ5,,Hualapai Airport,Peach Springs,US-AZ,35.5722,-113.292,4790
3KS9,,Tri Rotor Airport,Ulysses,US-KS,37.7269,-101.1953,3800
3LA4,,Little Pecan Island Airport,Grand Chenier,US-LA,29.7997,-92.8036,4002
3NJ6,,Inductotherm Airport,Rancocas,US-NJ,40.0151,-74.8429,4002
3OL8,,Harrison Airport,Welch,US-OK,36.8779,-95.1491,4600
3TA0,,Four Square Ranch Airport,Rocksprings,US-TX,30.0969,-100.405,4093
3TA6,,Spring Ranch Airport,Brackettville,US-TX,29.5419,-100.253,4280
3WA3,,Angel Park Airport,Kahlotus,US-WA,46.6485,-118.583,3900
3XS8,,Ken Ada Ranch Airport,Waller,US-TX,30.137,-95.9176,4200
41TT,,Rancho Paraiso Airport,Mountain Home,US-TX,30.1814,-99.4075,5432
42XS,,Temple Ranch Airport,Freer,US-TX,27.9574,-98.4039,5000
46CN,,Crystal Airport,Llano,US-CA,34.4848,-117.8259,4500
47TX,,Armstrong Ranch Airport,Armstrong,US-TX,26.9339,-97.7625,4000
48TE,,4M Ranch Airfield,Langtry,US-TX,30.021,-101.5731,4998
48XS,,Maravillas Gap Ranch Airport,Marathon,US-TX,29.9266,-103.295,5000
49CN,,Rancho Tehama Airport,Red Bluff,US-CA,40.016,-122.39,3750
4AK6,,Wolf Lake Airport,Palmer,US-AK,61.6393,-149.2911,3800
4TE9,,Squirrel Creek Ranch Airport,D'Hanis,US-TX,29.2641,-99.3506,4400
4WA0,,B & G Farms Airport,Royal City,US-WA,46.9281,-119.7392,3700
50TX,,Kennedy Ranch Airport,Blanco,US-TX,30.137,-98.524,3500
50XS,,Hughes Ranch Airport,Quemado,US-TX,29.0433,-100.585,4608
55XS,,Frontier Airport,Brackettville,US-TX,29.1663,-100.418,4316
56FD,,North American Farms Airport,Malone,US-FL,30.9646,-85.0694,4400
56LA,,Old Hickory Ranch Airport,Keithville,US-LA,32.3453,-93.8183,3500
57AZ,,La Cholla Airpark,Oro Valley,US-AZ,32.4466,-111.0029,4670
57FA,,Lake X Airport,St Cloud,US-FL,28.2086,-81.1192,5100
59B,,Newton Field,Jackman,US-ME,45.6328,-70.2488,3601
59FD,,Big Cypress Airfield,Immokalee,US-FL,26.3261,-80.9879,5596
5AZ3,,Pegasus Airpark,Queen Creek,US-AZ,33.2087,-111.6172,5124
5G0,,Le Roy Airport,Le Roy,US-NY,42.9814,-77.9375,3854
5G2,,Indian Lake Airport,Central City,US-PA,40.0542,-78.847,4490
5K2,,Tribune Municipal Airport,Tribune,US-KS,38.4509,-101.7501,5007
5MS1,RFK,Rollang Field,Rolling Fork,US-MS,32.9535,-90.8451,3670
5NC5,,The Duchy Airport,Haw River,US-NC,35.9823,-79.2741,3500
5TE0,,Comanche Ranch Airport,Eagle Pass,US-TX,28.6273,-100.1614,5500
5TE4,,Perkins Prothro Cimarron Ranch Airport,Kerrick,US-TX,36.5084,-102.392,4300
5WA8,,Hogan's Corner Airport,Hoquiam,US-WA,47.0417,-124.1457,3700
63XS,,Byram Ranch Airport,Henly,US-TX,30.2241,-98.2886,4100
64OG,,Antone Ranch Airport,Mitchell,US-OR,44.4934,-119.8437,5069
68TS,,Bishop Field,Royse City,US-TX,32.8745,-96.285,4600
69TX,,Green Lake Ranch Airport,Bloomington,US-TX,28.5836,-96.8544,3898
6AL5,,Big Sky Farms Airport,Speed,US-AL,32.7395,-86.2252,4000
6CA6,,Eagle Ridge Ranch Airport,Railroad Flat,US-CA,38.3277,-120.477,4000
6FL3,,Payson Ranch Airport,Punta Gorda,US-FL,26.9373,-81.567,4000
6NE3,,Beaver Landing Airport,Tekamah,US-NE,41.8449,-96.124,4000
6TE6,,6666 Ranch Airport,Guthrie,US-TX,33.6426,-100.3473,6005
6WA4,,Ochoa Field,Othello,US-WA,46.8627,-119.1429,4500
72MI,,Northwoods Airport,Watersmeet,US-MI,46.2859,-89.2775,5000
72TA,,Pierce Field,Port O'Connor,US-TX,28.4586,-96.2919,6000
72TE,,Chaparrosa Ranch Airport,La Pryor,US-TX,28.8794,-99.9906,5200
73AZ,,Dunton Ranch Airport,Kingman,US-AZ,35.2017,-113.3618,4800
73OH,,Thompson Drag Raceway Airport,Thompson,US-OH,41.647,-81.0087,4000
74TE,,Flat Top Ranch Airport,Walnut Springs,US-TX,32.0599,-97.7947,4191
75TA,,Coleman Cattle Company Nr 1 Airport,Ackerly,US-TX,32.5343,-101.725,4725
75TX,,Leona Ranch Airport,Brackettville,US-TX,29.5097,-100.3732,4250
46XS,,Canadian River Ranch Airport,Adrian,US-TX,35.4027,-102.8076,4524
77NC,,Winnabow Airport,Winnabow,US-NC,34.1524,-78.1051,3500
77NV,,Flying Eagle Airport,Reno,US-NV,39.8436,-119.6865,4564
79AZ,,Sentiel Airport,Marana,US-AZ,32.3063,-111.2841,4025
79KY,,Lucas Field,Nicholasville,US-KY,37.8713,-84.6105,5488
7CO0,,Parkland Airport,Erie,US-CO,40.0717,-105.034,4200
7FL6,,Spruce Creek Airport,Daytona Beach,US-FL,29.0802,-81.0467,4002
7PA3,,Charles G. Kalko Airport,Honesdale,US-PA,41.7081,-75.2879,4000
KNGT,,Naval Outlying Landing Field Goliad,Goliad,US-TX,28.6155,-97.6163,8000
7TE2,,Cage Ranch Airport,Falfurrias,US-TX,27.1059,-98.2058,4100
7TE7,,Moore Field,Edinburg,US-TX,26.3837,-98.3336,5150
7TX5,,Mabee Ranch Airport,Midland,US-TX,32.2171,-102.16,6080
80FD,,Brady Ranch Airport,Indiantown,US-FL,27.1134,-80.6334,4600
81NM,,Diamond A Ranch Airport,Picacho,US-NM,33.3455,-105.1731,6000
82AZ,,Ridgeline Airpark,Green Valley,US-AZ,31.7452,-110.9521,4500
83TX,,Texas A And M Flight Test Station Airport,Bryan,US-TX,30.6335,-96.4836,7000
84TE,,W4 Ranch Airport,Morgan,US-TX,31.9881,-97.5432,4500
85TX,,Rutherford Ranch Airport,Buda,US-TX,30.0777,-97.9656,3800
88AZ,,Grapevine Airstrip,Roosevelt,US-AZ,33.6409,-111.0569,3800
89NY,AXB,Maxson Airfield,Alexandria Bay,US-NY,44.312,-75.9003,4280
KT89,,Lajitas International Airport,Lajitas,US-TX,29.278,-103.687,6501
89TS,,Carter Ranch Airport,Oakwood,US-TX,31.5668,-95.7666,5200
8D4,,Paul C. Miller-Sparta Airport,Sparta,US-MI,43.1274,-85.6792,4033
8FA8,,Flying H Airport,Lake Placid,US-FL,27.2381,-81.3882,3520
8GK,,Gallatin County Airport,Sparta,US-KY,38.6795,-84.9289,5000
8TA0,,John B Connally Ranch Airport,Floresville,US-TX,29.1358,-98.2764,4050
8TS9,,Strait Ranch Airport,Encinal,US-TX,28.1407,-99.5666,5000
8XS8,REE,Reese Airpark,Lubbock,US-TX,33.5903,-102.037,10500
91TX,,Paisano Ranch Airport,Calliham,US-TX,28.3969,-98.3628,4900
92CA,,Westlake Farms Airport,Stratford,US-CA,36.1208,-119.888,3600
93AZ,,Inde Motorsports Ranch Airport,Willcox,US-AZ,32.2247,-110.0074,3800
94TX,,River Bend Ranch Airport,Brady,US-TX,31.4377,-99.3156,3800
95TX,,Chupadera Ranch Airport,Carrizo Springs,US-TX,28.1925,-100.072,4000
96OR,,Cable Creek Ranch Airport,Ukiah,US-OR,45.1006,-118.817,4800
99CL,,El Mirage Field Adelanto Airport,El Mirage,US-CA,34.6244,-117.6007,3700
9G1,,Pittsburgh Northeast Airport,Tarentum,US-PA,40.6033,-79.826,3550
9MT0,,Pale Morning Dun Ranch Airport,Fort Smith,US-MT,45.403,-107.7746,3550
9OI5,,Transportation Research Center of Ohio Airport,East Liberty,US-OH,40.3081,-83.5417,3500
K9S7,,Winifred Airport,Winifred,US-MT,47.5554,-109.386,4400
9SD9,,Weelborg Airport,Dell Rapids,US-SD,43.8066,-96.7089,3500
9TE2,,JL Bar Ranch,Sonora,US-TX,30.5687,-100.4445,5301
9WN2,,Voyager Village Airstrip,Webster,US-WI,45.9666,-92.146,3500
TAPB,BBQ,Burton-Nibbs International Airport,Codrington,AG-10,17.6212,-61.7983,6100
AGGH,HIR,Honiara International Airport,Honiara,SB-GU,-9.428,160.055,7218
AGGM,MUA,Munda Airport,Munda,SB-WE,-8.328,157.263,4593
AL05,,Sehoy Airport,Hurtsboro,US-AL,32.2201,-85.468,5000
AL12,,Kershaw Airport,Montgomery,US-AL,32.3585,-86.125,4600
AL71,,Willow Point Airport,Our Town,US-AL,32.8037,-85.9805,4500
ANYN,INU,Nauru International Airport,Yaren,NR-14,-0.5479,166.9195,7054
AR-0100,,Chascomús Airport,Chascomús,AR-B,-35.5426,-58.0521,3934
SAE8,,El Corcovado Airport,Corcovado,AR-U,-43.5336,-71.4847,7431
AR-0143,,Estancia Don Roberto Airport,Villa Mercedes,AR-D,-34.0014,-65.3669,5085
AR-0246,,Las Ovejas Airport,Las Ovejas,AR-Q,-36.9997,-70.7419,3934
SAMI,,Aeroclub San Martín,San Martin,AR-M,-33.0619,-68.5086,4429
AR-0335,,Bahía Dorada Airport,Sierra Grande,AR-R,-41.8428,-65.0822,6138
AR-0382,,Villa Rumipal Airport,Villa Rumipal,AR-X,-32.185,-64.4883,4111
AR-0622,,Anillaco Airport,Anillaco,AR-F,-28.7951,-66.9147,6562
AR-0624,,Ingeniero Juárez Airport,Ingeniero Juárez,AR-P,-23.9048,-61.8201,4921
SAWO,,Ushuaia Aeroclub Airport,Ushuaia,AR-V,-54.8227,-68.3043,5299
SACT,,Chamical Airport,Gobernador Gordillo,AR-F,-30.3453,-66.2941,6726
AR79,,Flying G Ranch Airport,Tillar,US-AR,33.6935,-91.3796,3750
YSWR,,Swan Reach Airport,Swan Reach,AU-SA,-34.5561,139.5922,4933
YGRM,GYZ,Gruyere Airport,Cosmo Newbery,AU-WA,-28.0345,123.8151,6890
YSWS,WSI,Western Sydney International (Nancy-Bird Walton) Airport,Sydney,AU-NSW,-33.8835,150.713,12139
ZBAL,AXF,Alxa Left Banner Bayanhot Airport,Bayanhot,CN-15,38.7483,105.5842,7874
AYBK,BUA,Buka Airport,Buka Island,PG-NSB,-5.4223,154.6727,5125
AYDU,DAU,Daru Airport,Daru,PG-WPD,-9.0868,143.208,4593
AYGA,GKA,Goroka Airport,Goronka,PG-EHG,-6.0817,145.392,5400
AYGN,GUR,Gurney Airport,Gurney,PG-MBA,-10.3115,150.334,5546
AYGR,PNP,Girua Airport,Popondetta,PG-NPP,-8.8045,148.309,5485
AYHK,HKN,Hoskins Airport,Kimbe,PG-WBK,-5.4638,150.4073,6644
AYIQ,KIE,Aropa Airport,Kieta,PG-NSB,-6.3057,155.7282,5397
AYKV,KVG,Kavieng Airport,Kavieng,PG-NIK,-2.5794,150.808,5592
AYMD,MAG,Madang Airport,Madang,PG-MPM,-5.2071,145.789,5174
AYMH,HGU,Mount Hagen Kagamuga Airport,Mount Hagen,PG-WHM,-5.8282,144.2994,7185
AYMN,MDU,Mendi Airport,Mendi,PG-SHM,-6.1477,143.657,4411
AYMO,MAS,Momote Airport,Manus Island,PG-MRL,-2.0619,147.424,6136
AYNZ,LAE,Nadzab Tomodachi International Airport,Lae,PG-MPL,-6.568,146.7265,8000
AYPY,POM,Port Moresby Jacksons International Airport,Port Moresby,PG-NCD,-9.4434,147.22,9022
AYTG,TGL,Tagula Airport,Sudest Island,PG-MBA,-11.3311,153.2029,8202
AYTK,RAB,Tokua Airport,Kokopo,PG-EBR,-4.3405,152.38,5643
AYVN,VAI,Vanimo Airport,Vanimo,PG-SAN,-2.6926,141.3028,5775
AYWD,WBM,Wapenamanda Airport,Wapenamanda,PG-EPW,-5.6353,143.8922,5052
AYWK,WWK,Wewak International Airport,Wewak,PG-ESW,-3.5838,143.669,5234
AZ67,,El Tiro Gliderport,Tucson,US-AZ,32.427,-111.39,5000
LBSP,,Sapareva Banya Airport,Sapareva Banya,BG-10,42.3113,23.2461,8380
LBIA,JAM,Bezmer Air Base,Bezmer,BG-28,42.4549,26.3522,8193
BGGH,GOH,Nuuk International Airport,Nuuk,GL-SE,64.1911,-51.6791,7217
BGSF,SFJ,Kangerlussuaq International Airport,Kangerlussuaq,GL-QA,67.0104,-50.7153,9219
BGTL,THU,Pituffik Space Base,Pituffik,GL-AV,76.5306,-68.7005,9997
BIAR,AEY,Akureyri International Airport,Akureyri,IS-6,65.6566,-18.072,8858
BIEG,EGS,Egilsstaðir Airport,Egilsstaðir,IS-7,65.2833,-14.4014,7054
BIHN,HFN,Hornafjörður Airport,Höfn,IS-8,64.2956,-15.2272,4921
BIHU,HZK,Húsavík Airport,Húsavík,IS-6,65.9523,-17.426,5266
BIIS,IFJ,Ísafjörður Airport,Ísafjörður,IS-4,66.0581,-23.1353,4593
BIKF,KEF,Keflavik International Airport,Reykjavík,IS-2,63.985,-22.6056,10056
BIKR,SAK,Sauðárkrókur Airport,Sauðárkrókur,IS-5,65.7317,-19.5728,6191
BIRF,OLI,Rif Airport,Rif,IS-3,64.9114,-23.8182,3937
BIRK,RKV,Reykjavík Domestic Airport,Reykjavík,IS-1,64.1287,-21.9376,5138
BISI,SIJ,Siglufjörður Airport,Siglufjörður,IS-6,66.1378,-18.9082,3556
BITN,THO,Þórshöfn Airport,Þórshöfn,IS-6,66.2185,-15.3347,3937
BIVM,VEY,Vestmannaeyjar Airport,Vestmannaeyjar,IS-8,63.4243,-20.2789,3937
BKPR,PRN,Priština Adem Jashari International Airport,Prishtina,XK-01,42.5728,21.0358,9974
BR-0039,,Cachoeira Alta Airport,Cachoeira Alta,BR-GO,-18.7872,-50.9365,4707
SDLR,,Luiz Ribeiro Maia Airport,Tapauá,BR-AM,-5.6361,-63.1857,3920
SDC9,,Tocantinópolis Airport,Tocantinópolis,BR-TO,-6.3334,-47.4719,3609
SIWH,,Francisco Lazaro da Silveira Airport,Coromandel,BR-MG,-18.4802,-47.2238,3909
SD09,,Cidade de Goiás Airport,Goiás,BR-GO,-15.9202,-50.193,4595
SN9Z,,Crixás Airport,Crixás,BR-GO,-14.5383,-49.9348,4004
SJZA,CJZ,Pedro Vieira Moreira Airport,Cajazeiras,BR-PB,-6.8827,-38.6158,5249
SWYQ,,Fazenda Brusque Airport,São Félix do Xingu,BR-PA,-9.2843,-51.7519,4564
SNDI,,Fazenda Dois Irmãos Airport,Naviraí,BR-MS,-22.7922,-54.1794,4921
SDJR,,JN Resort Airport,Sete Lagoas,BR-MG,-19.4307,-44.3048,4921
SNJL,,J Lem Airport,Luís Eduardo Magalhães,BR-BA,-12.1252,-45.7711,3937
SDQH,,Fazenda Santa Clara Airport,Castanheira,BR-MT,-10.6534,-58.6026,4921
SDWG,,Fazenda Santa Maria Airport,São Desidério,BR-BA,-13.0592,-45.133,6726
SBVC,VDC,Glauber de Andrade Rocha Airport,Vitória da Conquista,BR-BA,-14.9079,-40.9148,6890
SJZZ,,Agropecuária Zé Reis Airport,Palmeirópolis,BR-TO,-13.0189,-48.4158,5020
SJCZ,,Fazenda Cascata Airport,Ipiranga do Norte,BR-MT,-11.6296,-55.9051,4265
SSOM,,Embaixador Airport,Bela Vista de Goiás,BR-GO,-16.8229,-49.044,4590
SIFC,,Coroa do Avião Airport,Igarassu,BR-PE,-7.8452,-34.8915,4326
SJVL,,Vale Europeu Airport,Guaramirim,BR-SC,-26.4226,-48.8769,3527
SNTG,,Gercino Coelho Airport,Formosa do Rio Preto,BR-BA,-11.2753,-45.2379,4925
SNWE,,Clube Estância Ouro Verde Airport,Santa Rita,BR-PB,-7.0463,-34.9129,3532
SSFW,,Fazenda Progresso Airport,Mucugê,BR-BA,-13.1572,-41.5072,4068
SD4P,,Fazenda Garrote II Airport,Britânia,BR-GO,-15.3333,-51.1581,4921
SSWN,,Fazenda Cayman Airport,São Félix do Araguaia,BR-MT,-11.5406,-51.7244,4593
SWNZ,,Fazenda Jamaica Airport,Serra Nova Dourada,BR-MT,-11.9321,-51.6157,4757
SSBJ,,Fazenda Savana Airport,Riachão das Neves,BR-BA,-11.5577,-45.5441,4593
SSGR,,Santa Helena de Goiás - Paulo Lopes Regional Airport,Santa Helena de Goiás,BR-GO,-17.7843,-50.5924,4593
SIZI,,Fazenda Agrícola Godoy Airport,Catalão,BR-GO,-17.6175,-47.5268,3937
SWNB,,Luís Eduardo Magalhães Airport,Luís Eduardo Magalhães,BR-BA,-12.0682,-45.7115,6562
BR-1699,,Assis Brasil Airport,Assis Brasil,BR-AC,-10.9252,-69.5573,4340
SSLS,,Ruy Barbosa Airport,Ruy Barbosa,BR-BA,-12.2716,-40.5301,4160
BR-1739,,Aeródromo de Campo Formoso,Campo Formoso,BR-BA,-10.4955,-40.4874,3937
SSPF,,Fly Village Airport,Altos,BR-PI,-5.0712,-42.5099,3937
SSLA,,Fazenda Alves  Airport,Sorriso,BR-MT,-12.6167,-55.611,3937
SSQD,,Fazenda Panamby Airport,Querência,BR-MT,-13.0469,-52.1772,4265
SJXE,,Deputado Moraes Souza Airport,Buriti dos Lopes,BR-PI,-3.1547,-41.8681,3937
SSRG,,Registro State Airport,Registro,BR-SP,-24.5317,-47.8405,4921
SSUR,,Fazenda Rio Fontoura Airport,São Félix do Araguaia,BR-MT,-11.5642,-52.2574,4921
SWIE,,Fazenda Planalto das Emas Airport,Jaborandi,BR-BA,-14.0985,-46.1355,4921
SSZD,,Zirondi Airport,Porto Velho,BR-RO,-8.7742,-63.7339,4593
SWPW,,CEA-Caçapava Airport,Caçapava,BR-SP,-23.1261,-45.6643,4528
SJXU,,Fazenda Coperbrás Airport,Brasília,BR-DF,-15.7515,-47.545,3904
SNB3,,Fazenda Maravilha Airport,Sorriso,BR-MT,-12.6818,-55.6765,3609
SD53,,Porto Primavera Airport,Rosana,BR-SP,-22.5257,-52.9722,4921
SND6,,Dionísio Cerqueira Airport,Dionísio Cerqueira,BR-SC,-26.2883,-53.6308,4514
BR-2149,AAI,Arraias Airport,Arraias,BR-TO,-13.0252,-46.8841,4921
BR-2152,ITN,Tertuliano Guedes de Pinho Airport,Itabuna,BR-BA,-14.8105,-39.2904,4993
SIBC,,Fazenda Bonança Airport,Pereira Barreto,BR-SP,-20.6764,-51.0308,4593
BR-2155,,Juazeiro Airport,Curaçá,BR-BA,-9.1556,-40.0917,4265
BR-2158,,Alagoinhas Airport,Alagoinhas,BR-BA,-12.1751,-38.3801,5184
BR-2160,,Fazenda Bananeira Airport,Altair,BR-SP,-20.58,-49.0748,4265
BR-2161,,Benedito Mutran Airport,Marabá,BR-PA,-5.7585,-49.1762,3609
BR-2163,,Fazenda Jopejó Airport,Chapada dos Guimarães,BR-MT,-14.9913,-55.8177,3937
SS8J,,Fazenda São Francisco Airport,Vila Rica,BR-MT,-10.0419,-51.5885,3786
BR-2165,,Itaú de Minas Airport,Itaú de Minas,BR-MG,-20.7553,-46.7502,3701
BR-2166,,Adustina Airport,Adustina,BR-BA,-10.5809,-38.0888,3609
BR-2167,,Amargosa Airport,Amargosa,BR-BA,-12.9936,-39.6399,3609
BR-2169,,Campo de Boi Airport,Ipixuna do Pará,BR-PA,-2.5233,-47.5174,4757
BR-2170,,Bambuí Airport,Bambuí,BR-MG,-20.0364,-45.9723,3937
BR-2171,LEP,Leopoldina Airport,Leopoldina,BR-MG,-21.4682,-42.7271,3937
BR-2172,,Belém de São Francisco Airport,Belém de São Francisco,BR-PE,-8.7696,-38.9496,3609
BR-2173,,Jaraguá Airport,Sacramento,BR-MG,-20.0403,-47.4215,3543
SSYD,,Nova Ponte Airport,Nova Ponte,BR-MG,-19.1984,-47.7287,4921
BR-2178,,Ouricuri Airport,Ouricuri,BR-PE,-7.8765,-40.0918,4593
BR-2179,,Freitas Melro Airport,Penedo,BR-AL,-10.2659,-36.5515,4921
BR-2181,,Rachid Saliba Airport,Boa Esperança,BR-MG,-21.0434,-45.8682,4101
BR-2182,,Russas - João de Deus Regional Airport,Russas,BR-CE,-4.9473,-38.0082,3527
BR-2183,,Fazenda Veredão Airport,Taiobeiras,BR-MG,-15.6554,-41.6541,4921
BR-2184,,Poções Airport,Poções,BR-BA,-14.5227,-40.345,3609
SD03,,Fazenda São Cristóvão Airport,Bodoquena,BR-MS,-20.675,-56.6296,4889
BR-2186,,Camapuã Airport,Camapuã,BR-MS,-19.5984,-54.0211,3937
BR-2187,,Fazenda Itamaratí Airport,Ponta Porã,BR-MS,-22.1882,-55.5778,6693
BR-2189,,Independência Airport,Nova Andradina,BR-MS,-22.2789,-53.3832,4593
SS1H,,Medianeira Airport,Medianeira,BR-PR,-25.3109,-54.0705,3937
BR-2193,,Porecatu Municipal Airport,Porecatu,BR-PR,-22.7757,-51.3636,3937
BR-2194,,Fazenda Torrão de Ouro Airport,Pedro Gomes,BR-MS,-18.1812,-54.5021,5118
BR-2195,,Balbina Airport,Presidente Figueiredo,BR-AM,-1.9248,-59.4123,3937
BR-2198,,Fazenda Indiara Airport,São Miguel do Araguaia,BR-GO,-13.3149,-49.7749,3937
BR-2200,,Urucará Airport,Urucará,BR-AM,-2.5289,-57.7558,3937
BR-2201,,Fazenda Agrocentro Airport,Barra do Garças,BR-MT,-15.6878,-52.266,3609
BR-2202,,Fazenda Rio Alegre Airport,São José do Rio Claro,BR-MT,-13.2743,-56.8922,4134
BR-2203,,Fazenda Nova Fronteira Airport,Sinop,BR-MT,-11.4678,-56.4376,4593
BR-2212,,Volta Grande Airport,Conceição das Alagoas,BR-MG,-20.0086,-48.252,3937
SS7W,,AAGR (Associação Aerodesportiva de Guaporé) Airport,Guaporé,BR-RS,-28.8948,-51.8553,3609
BR-2215,,Iaciara Airport,Iaciara,BR-GO,-14.1076,-46.6669,4921
BR-2223,,Monte Santo de Minas Airport,Monte Santo de Minas,BR-MG,-21.1758,-46.9589,4167
BR-2227,,Pastos Bons Airport,Pastos Bons,BR-MA,-6.6669,-44.0839,3937
BR-2228,,Propriá Airport,Propriá,BR-SE,-10.2561,-36.8024,3937
SND4,,Ismael Nunes Airport,São Joaquim,BR-SC,-28.2455,-49.8976,4265
BR-2243,,Fazenda Marambaia Airport,Pirapora,BR-MG,-17.4392,-44.9375,3937
BR-2274,,Fazenda Triângulo Airport,Pontes e Lacerda,BR-MT,-15.1735,-59.1721,4675
BR-2277,,Caldas do Jorro Airport,Tucano,BR-BA,-11.0421,-38.7837,3609
BR-2348,,Fazenda Gaivota Airport,Poconé,BR-MT,-16.2346,-56.9158,4528
BR-2358,,Sada Siderurgia Ltda Airport,Várzea da Palma,BR-MG,-17.5279,-44.7704,3609
BR-2397,,Santa Rita do Araguaia Airport,Santa Rita do Araguaia,BR-GO,-17.3208,-53.194,3937
BR-2469,,Fazenda Santa Fé Airport,Santana do Araguaia,BR-PA,-9.5751,-50.3519,3937
BR-2474,,Fazenda Entre Serras Airport,Planalto da Serra,BR-MT,-14.6239,-54.4765,3937
BR-2487,,Fazenda Triângulo Airport,Bonópolis,BR-GO,-13.5803,-49.8208,3609
BR-2518,,Fazenda MRV Airport,Monte Azul,BR-MG,-14.9135,-43.3643,3871
BR-2525,,Agrosserra Airport,São Raimundo Das Mangabeiras,BR-MA,-6.7756,-45.8917,3937
BR-2532,,Crispiano Airport,Monte Alegre de Goiás,BR-GO,-13.2244,-46.9531,3937
BR-2535,,Fazenda Sapucaí Airport,Tasso Fragoso,BR-MA,-8.2989,-45.7633,3609
BR-2549,,Usinas Braco Norte Airport,Guarantã Do Norte,BR-MT,-9.6585,-54.951,3642
BR-2578,,Usina Eldorado Airport,Rio Brilhante,BR-MS,-21.8604,-54.018,3937
BR-2628,,Fazenda Dois Netos Airport,Paranatinga,BR-MT,-13.2456,-54.0339,4265
BR-2643,,Michels Aviação Agrícola LTDA Airport,Sapezal,BR-MT,-13.5322,-58.7653,4265
BR-2661,,Ilha dos Macacos Airport,Paranaíta,BR-MT,-9.2277,-57.0192,4921
BR-2686,,Dona Iracema Airport,Porto Nacional,BR-TO,-10.607,-48.3489,3990
BR-2704,,Fazenda Calcário Tangará Airport,Tangará da Serra,BR-MT,-14.4503,-57.8006,3773
SJU3,,Fazenda Pampeira Airport,Campo Novo do Parecis,BR-MT,-14.1505,-57.7863,4593
BR-2726,,Campos Gerais Airport,Balsas,BR-MA,-8.5185,-46.7514,3937
BR-2733,,Fazenda Santa Inês Airport,Nova Brasilândia,BR-MT,-14.6618,-55.3843,3937
BR-2736,,Fazenda Sucuri Airport,Itiquira,BR-MT,-17.3958,-54.7597,3937
BR-2751,,Carlos Alberto Pinto Airport,Arraias,BR-TO,-12.609,-46.7471,4429
BR-2768,,Piçarrão Airport,Estrela do Sul,BR-MG,-18.7269,-47.8693,3937
BR-2770,,Monte Verde Airport,Camanducaia,BR-MG,-22.86,-46.0375,3609
BR-2772,,Belterra Airport,Belterra,BR-PA,-2.6681,-54.8957,6562
BR-2773,,Fazenda Calumbi Airport,Fortuna,BR-MA,-5.8154,-44.1336,3937
BR-2781,,Fazenda Nova Airport,Uberlândia,BR-MG,-19.0478,-48.5822,3937
BR-2792,,Ibimirim Airport,Ibimirim,BR-PE,-8.5329,-37.6742,3609
BR-2794,,São José do Jacuípe Airport,São José do Jacuípe,BR-BA,-11.4516,-40.0463,3773
BR-2796,,Jardim do Seridó Airport,Jardim do Seridó,BR-RN,-6.5414,-36.732,3609
BR-2797,,Fazenda Caraíbas Airport,Janaúba,BR-MG,-15.6529,-43.4032,3543
BR-2822,,Fazenda Jaibense Airport,Matias Cardoso,BR-MG,-14.9471,-43.6701,3658
BR-2831,,Piaus Airport,Piaus,BR-PA,-8.8336,-50.0006,5906
BR-2861,,Uauá Airport,Uauá,BR-BA,-9.8321,-39.4997,3937
BR-2868,,Fazenda Araçatuba Airport,Santa Fé,BR-TO,-6.9767,-49.1995,3937
BR-2870,,Várzea da Palma Airport,Várzea da Palma,BR-MG,-17.6513,-44.7059,3609
BR-2885,,Pilão Arcado Airport,Pilão Arcado,BR-BA,-10.0086,-42.4773,3609
BR-2887,,Fazenda Flexas Airport,São Romão,BR-MG,-16.3701,-45.1236,5085
BR-2928,,Fazenda Volta Grande Airport,Maracaju,BR-MS,-21.4558,-55.4569,3609
BR-2944,,Fazenda União Airport,Aquidauana,BR-MS,-19.7563,-55.4787,3668
BR-2957,,Salvaterra II Airport,João Pinheiro,BR-MG,-17.1967,-45.7632,3609
BR-2973,,Fazenda Santa Ana Airport,Deodápolis,BR-MS,-22.0347,-54.1904,3937
BR-2991,,Fazenda Cedro Airport,Ponta Porã,BR-MS,-21.8708,-55.7475,3937
BR-3007,,Galletti II Airport,Portel,BR-PA,-2.9514,-51.1461,3609
BR-3018,,Fazenda Lapa do Lobo Airport,Paranaíba,BR-MS,-19.5272,-50.9703,5033
BR-3035,,Fazenda Saudade Airport,Cocalinho,BR-MT,-14.1433,-51.015,3609
SS6D,,Fazenda Duas Âncoras Airport,Barra do Garças,BR-MT,-14.9382,-52.1735,4921
BR-3042,,Fazenda Eldorado Airport,Barra do Garças,BR-MT,-15.5772,-52.2191,3937
BR-3047,,Fazenda Pioneira Airport,Diamantino,BR-MT,-14.2836,-57.7006,4921
BR-3059,,Fazenda Tombador Airport,Brasnorte,BR-MT,-11.7212,-58.052,4242
BR-3064,,Fazenda Bocaína Airport,Jangada,BR-MT,-15.3508,-56.7129,3609
BR-3067,,Fazenda Ipê Airport,Vila Rica,BR-MT,-9.9669,-50.9506,3904
BR-3086,JRN,Juruena Airport,Juruena,BR-MT,-10.3141,-58.4949,5381
BR-3090,,Fazenda Excalibur Airport,Vila Bela da Santíssima Trindade,BR-MT,-15.2963,-60.3687,3937
BR-3096,,Agropecuária Tratex Airport,Colider,BR-MT,-10.8932,-55.5661,3937
BR-3100,,Nova Olinda do Norte Airport,Nova Olinda do Norte,BR-AM,-3.8884,-59.08,3937
BR-3107,,Fazenda Salto Bello II Airport,Novo São Joaquim,BR-MT,-14.9611,-53.4881,3773
BR-3112,,Fazenda Duas Barras Airport,Pontal do Araguaia,BR-MT,-16.0169,-52.8104,4101
BR-3118,,Campos de Júlio Airport,Campos de Júlio,BR-MT,-13.4147,-59.2675,4429
BR-3135,,São Simão Airport,Vila Bela da Santíssima Trindade,BR-MT,-15.9146,-60.1484,3655
BR-3137,,Fazenda Sete de Setembro Airport,Água Boa,BR-MT,-13.8807,-52.4,4921
BR-3140,,Fazenda São Lucas Airport,Pontes e Lacerda,BR-MT,-15.7144,-59.2419,3937
BR-3141,,Fazenda Olho d'Água Airport,Torixoreu,BR-MT,-16.1419,-52.9673,3609
BR-3152,,Fazenda Vertente Airport,Santo Antônio Do Leverger,BR-MT,-15.8967,-55.3156,3609
BR-3178,,Fazenda Estrela d’Alva Airport,Querência,BR-MT,-12.1203,-52.6412,4987
BR-3185,,Estância Norteagro Airport,Boa Vista,BR-RR,2.6758,-60.7786,3773
SD13,,Agriter Agronegócios Airport,,BR-MT,-13.0484,-57.7917,4593
SD02,,Agro Basso Airport,Luís Eduardo Magalhães,BR-BA,-11.9374,-45.8721,3938
SD58,,Campo de Bagatelle Airport,Sete Lagoas,BR-MG,-19.3739,-44.1781,4595
UMIO,TXC,Orsha Airport - Balbasovo Air Base,Orsha,BY-VI,54.44,30.2967,9845
UMDD,,Lida Air Base,Lida,BY-HR,53.877,25.377,8202
BY-0022,,Dzerzhinsky Highway Strip,Dzerzhinsky,BY-MI,53.6887,27.3396,7742
UMNL,,Luninets Air Base,Luninets,BY-BR,52.2757,26.7746,8114
KC56,,Bult Field,Monee,US-IL,41.3776,-87.6814,5002
KC59,,Lake Lawn Airport,Delavan,US-WI,42.6341,-88.6011,4423
CA-0084,,Casey (Camp de Base) Airport,,CA-QC,47.9375,-74.0906,5411
CA20,,Eagle's Nest Airport,Ione,US-CA,38.4326,-121.0165,4000
CA90,,Cadiz Airstrip,Cadiz,US-CA,34.5141,-115.5183,5280
CAD4,YZZ,Trail Regional Airport,Trail,CA-BC,49.0556,-117.609,4000
CAD5,YMB,Merritt Airport,Merritt,CA-BC,50.1225,-120.7454,4000
CAH4,,Valemount Airport,Valemount,CA-BC,52.8527,-119.3363,3950
CAJ3,CFQ,Creston Valley Regional Airport - Art Sutcliffe Field,Creston,CA-BC,49.0369,-116.498,3945
CAJ4,YAA,Anahim Lake Airport,Anahim Lake,CA-BC,52.4515,-125.3038,3930
CAJ7,,A J Flying Ranch Airport,Cayley,CA-AB,50.4539,-113.7472,4500
CAL3,DGF,Douglas Lake Airport,Douglas Lake,CA-BC,50.1655,-120.1713,4600
CAL4,JHL,Fort MacKay/Albian Aerodrome,Albian Village,CA-AB,57.2239,-111.419,7549
CAM5,,Houston Airport,Houston,CA-BC,54.4403,-126.78,3900
CAT4,XQU,Qualicum Beach Airport,Qualicum Beach,CA-BC,49.3375,-124.3931,3565
CAU4,,Vanderhoof Airport,Vanderhoof,CA-BC,54.0516,-124.0108,5018
CAW3,,Scum Lake Airport,Scum Lake,CA-BC,51.7954,-123.5816,3500
CBBC,ZEL,Bella Bella (Campbell Island) Airport,Bella Bella,CA-BC,52.185,-128.157,3700
CBR2,,Kaslo Airport,Kaslo,CA-BC,49.9036,-116.935,3700
CBS8,YPB,Alberni Valley Regional Airport,Port Alberni,CA-BC,49.3219,-124.931,3952
CBX7,TUX,Tumbler Ridge Airport,Tumbler Ridge,CA-BC,55.025,-120.935,4000
CBZ9,,Fraser Lake Airport,Fraser Lake,CA-BC,54.0145,-124.7714,3900
CCE3,,Juniper Airport,Juniper,CA-NB,46.5628,-67.1683,4021
CCP2,,Exploits Valley Botwood Airport,Exploits Valley,CA-NL,49.056,-55.4477,3930
CCQ3,,Debert Airport,Debert,CA-NS,45.4186,-63.4606,5000
CCR3,,Florenceville Airport,Florenceville-Bristol,CA-NB,46.4261,-67.6281,5400
CCS4,,Chipman Airport,Chipman,CA-NB,46.1486,-65.9042,4022
CCW3,,Waterville / Kings County Municipal Airport,Waterville,CA-NS,45.0519,-64.6517,3500
CCZ3,,Clarenville Airport,Clarenville,CA-NL,48.2747,-53.9239,3933
CDJ4,,Clearwater Airport,Clearwater,CA-NB,46.7133,-66.8283,3979
CDT5,,Bouctouche Airport,Buctouche,CA-NB,46.5094,-64.6939,5024
CDU6,,Doaktown Airport,Doaktown,CA-NB,46.5525,-66.0939,3996
CDV2,,Downs Gulch Airport,Downs Gulch,CA-NB,47.7536,-67.4261,4003
CEA3,,Olds-Didsbury Airport,Olds-Didsbury,CA-AB,51.7119,-114.107,3650
CEA6,,Cardston Airport,Cardston,CA-AB,49.1636,-113.2419,3500
CEB5,ZFW,Fairview Airport,Fairview,CA-AB,56.0814,-118.435,3506
CEC4,YJP,Jasper-Hinton Airport,Hinton,CA-AB,53.3192,-117.753,4300
CEE5,,Wabasca Airport,Wabasca-Desmarais,CA-AB,55.9614,-113.8187,3544
CEF4,,Airdrie Aerodrome,Airdrie,CA-AB,51.2639,-113.934,5000
CEG4,,Drumheller Municipal Airport,Drumheller,CA-AB,51.4964,-112.749,3505
CEH5,,Red Earth Creek Airport,Red Earth Creek,CA-AB,56.5461,-115.2758,3542
CEH6,,Provost Airport,Provost,CA-AB,52.3381,-110.279,5001
CEJ6,,Elk Point Airport,Elk Point,CA-AB,53.8929,-110.772,4498
CEL4,,Hanna Airport,Hanna,CA-AB,51.6322,-111.9047,3535
CEM5,,Swan Hills Airport,Swan Hills,CA-AB,54.6708,-115.415,4500
CEN4,,High River Airport,High River,CA-AB,50.5342,-113.8434,4160
CEP3,,Barrhead Airport,Barrhead,CA-AB,54.0969,-114.4389,3500
CEQ3,,Camrose Airport,Camrose,CA-AB,53.0403,-112.816,4512
CER3,YDC,Drayton Valley Industrial Airport,Drayton Valley,CA-AB,53.2658,-114.96,5066
CEV3,,Vegreville Airport,Vegreville,CA-AB,53.5144,-112.027,4000
CEW3,,St. Paul Airport,St. Paul,CA-AB,53.9937,-111.378,3500
CEX3,,Wetaskiwin Regional Airport,Wetaskiwin,CA-AB,52.965,-113.411,3876
CFB6,,Edmonton / Josephburg Airport,Edmonton,CA-AB,53.728,-113.0866,4560
CYFI,YFI,Fort Mackay / Firebag,Suncor Energy Site,CA-AB,57.2758,-110.9767,6890
CFH4,,Fox Harbour Airport,Fox Harbour,CA-NS,45.87,-63.4611,4885
CFL2,,Empress McNeill Spectra Energy Airport,Hilda,CA-AB,50.6818,-110.0432,3500
CFN5,,La Crete Airport,La Crete,CA-AB,58.1729,-116.3379,4400
CFN7,,Sundre Airport,Sundre,CA-AB,51.7742,-114.677,4285
CYWN,,CFB Wainwright Field 21 Airport,Wainwright,CA-AB,52.8306,-111.101,7349
CFS6,,Loon River Airport,Loon River,CA-AB,57.1419,-115.075,5900
CFT8,,Pelican Airport,Pelican,CA-AB,56.1608,-113.474,3872
CFX4,,Manning Municipal Airport,Manning,CA-AB,56.9508,-117.644,5577
CJA3,,Morden Regional Airport,Morden,CA-MB,49.2086,-98.0635,3937
CJE3,,Weyburn Airport,Weyburn,CA-SK,49.6975,-103.801,4000
CJF3,,Île-à-la-Crosse Airport,Île-à-la-Crosse,CA-SK,55.4897,-107.93,3908
CJJ4,,Deloraine Airport,Deloraine,CA-MB,49.1506,-100.501,3980
CJM5,,Frontier Airport,Frontier,CA-SK,49.1725,-108.5746,3625
CJS4,,Moose Jaw Municipal Airport,Moose Jaw,CA-SK,50.4347,-105.3877,4000
CJV5,,Neepawa Airport,Neepawa,CA-MB,50.2328,-99.5106,3510
CKB7,,Roblin Airport,Roblin,CA-MB,51.2344,-101.393,3510
CKH2,,Rocanville Airport,Rocanville,CA-SK,50.4647,-101.554,3950
SCPD,,Peldehue Aerodrome,Peldehue,CL-RM,-33.1186,-70.6831,4920
SC49,,Oficina Victoria Airport,Oficina Victoria,CL-TA,-20.7347,-69.6257,4472
CL35,,Warner Springs Gliderport Airport,Warner Springs,US-CA,33.2845,-116.675,3500
CLM2,,Leamington Airport,Leamington,CA-ON,42.025,-82.525,3832
CMT,CMT,New Cametá Airport,Cametá,BR-PA,-2.2468,-49.56,4000
CN-0036,,Shantou Waisha Airport,Shantou (Longhu),CN-44,23.4269,116.762,8202
ZUBZ,BZX,Bazhong Enyang Airport,Bazhong,CN-51,31.7384,106.6449,8530
ZSGS,JGS,Jinggangshan Airport,Ji'an,CN-36,26.8569,114.737,8530
CN-0149,,Fuzhou Air Base,Fuzhou (Cangshan),CN-35,26.0039,119.3128,7874
CN-0157,DWS,Morin Dawa Banner Airport,Hulunbuir,CN-15,48.3875,124.4313,3937
ZBNJ,,Beijing Nanjiao Airport,Beijing,CN-11,39.4828,116.3723,12467
CN-0218,CBZ,Binzhou Dagao General Aviation Airport,Binzhou,CN-37,37.6106,117.8857,7169
ZUDR,DDR,Shigatse Tingri Airport,Xigazê (Dingri),CN-54,28.6046,86.798,14764
ZUPL,APJ,Ali Pulan Airport,Burang Town,CN-54,30.3979,81.1332,15000
CN-0418,,Hohhot Shengle International Airport (under construction),Hohhot,CN-15,40.481,111.5752,12467
CN-0443,,Yantai Laishan Airport,Yantai,CN-37,37.3968,121.3696,8530
CN-0444,,Baitabu Air Base,Lianyungang (Donghai),CN-32,34.5713,118.8731,8202
ZSBA,BFY,Bengbu Tenghu Airport,Bengbu,CN-34,33.1663,117.0583,8530
CNE4,,Iroquois Falls Airport,Iroquois Falls,CA-ON,48.7417,-80.7933,3999
CNF4,,Kawartha Lakes Municipal Airport,Lindsay,CA-ON,44.3647,-78.7839,3500
CNK4,YPD,Parry Sound Area Municipal Airport,Parry Sound,CA-ON,45.2575,-79.8297,4901
CNL3,XBR,Brockville - Thousand Islands Regional Tackaberry Airport,Brockville,CA-ON,44.6394,-75.7503,4500
CNP3,,Arnprior Airport,Arnprior,CA-ON,45.4136,-76.3658,3955
CYTB,,Tillsonburg Airport,Tillsonburg,CA-ON,42.9275,-80.7469,5502
CNV8,,Edenvale Aerodrome,Edenvale,CA-ON,44.4411,-79.9628,3936
CNY3,,Collingwood Regional Airport,Collingwood,CA-ON,44.4483,-80.1589,5000
CO-0054,,Ríohacha Highway Strip,Ríohacha,CO-GUV,11.4988,-72.9892,8268
CO12,,Brighton Van-Aire Estates Airport,Brighton,US-CO,39.9835,-104.7046,3681
CO15,,Kelly Air Park,Elbert,US-CO,39.2247,-104.64,3800
CO25,,Metrogro Farm Airport,Agate,US-CO,39.4949,-103.7274,3700
CO55,,Christman Field,Fort Collins,US-CO,40.5972,-105.144,4000
CPE4,,Cambridge / Reid's Field,Cambridge,CA-ON,43.4427,-80.2325,3745
CPF2,YEB,Bar River Airport,Echo Bay,CA-ON,46.4212,-84.0965,4415
CPR7,,Wingham / Richard W. LeVan Airport,Wingham,CA-ON,43.8675,-81.2986,4000
CPT2,,Killarney Airport,Killarney,CA-ON,45.9775,-81.4947,3500
CPU6,,Tyendinaga Mohawk Airport,Tyendinaga,CA-ON,44.1847,-77.1078,4270
CPZ3,,Trenton/Mountain View Airport,Ameliasburgh,CA-ON,44.0694,-77.3381,5000
CRHA,,Streatham Reef Hueston Airfield,Streatham,CA-BC,53.8226,-126.173,9300
CSC3,,Drummondville Airport,Drummondville,CA-QC,45.8453,-72.3947,6003
CSD4,,Mont Laurier Airport,Mont-Laurier,CA-QC,46.5644,-75.5778,4000
CSE4,,Lachute Airport,Lachute,CA-QC,45.6394,-74.3706,3989
CSH4,YLS,Lebel-sur-Quevillon Airport,Lebel-sur-Quévillon,CA-QC,49.0303,-77.0172,3712
CSM3,,Thetford Mines Airport,Thetford Mines,CA-QC,46.0517,-71.2572,4500
CSR3,,Victoriaville Airport,Victoriaville,CA-QC,46.1106,-71.9319,5530
CSR8,SSQ,La Sarre Airport,La Sarre,CA-QC,48.9172,-79.1786,4700
CSY3,,Sorel Airport,Saint-Robert,CA-QC,45.9803,-73.0422,4000
CSZ4,,St-Frédéric Airport,St-Frédéric,CA-QC,46.3314,-70.9633,3572
CTA4,,St Bruno-de-Guigues Airport,St-Bruno-de-Guigues,CA-QC,47.4492,-79.4181,4489
CTG3,,Du Rocher-Percé (Pabok) Airport,Grande-Rivière-Ouest,CA-QC,48.3838,-64.5627,4982
CTT5,ZGS,La Romaine Airport,Le Golfe-du-Saint-Laurent,CA-QC,50.2596,-60.6744,3938
CY-0066,,Mammari Aerial Firefighting Base,Mammari,CY-02,35.1688,33.22,3940
CYAG,YAG,Fort Frances Municipal Airport,Fort Frances,CA-ON,48.6557,-93.4435,4500
CYAM,YAM,Sault Ste Marie Airport,Sault Ste Marie,CA-ON,46.4832,-84.5085,6000
CYAU,,Liverpool South Shore Regional Airport,Greenfield,CA-NS,44.2303,-64.8561,3937
CYAX,,Lac du Bonnet Airport,Lac du Bonnet,CA-MB,50.2944,-96.01,3600
CYAY,YAY,St. Anthony Airport,St. Anthony,CA-NL,51.3919,-56.0832,4000
CYAZ,YAZ,Tofino / Long Beach Airport,Tofino,CA-BC,49.0798,-125.7756,5000
CYBC,YBC,Baie-Comeau Airport,Baie-Comeau,CA-QC,49.1325,-68.2044,6000
CYBD,QBC,Bella Coola Airport,Bella Coola,CA-BC,52.3875,-126.596,4200
CYBE,YBE,Uranium City Airport,Uranium City,CA-SK,59.5614,-108.481,3935
CYBF,YBY,Bonnyville Airport,Bonnyville,CA-AB,54.3042,-110.744,4434
CYBG,YBG,Saguenay-Bagotville Airport,Saguenay,CA-QC,48.3301,-70.992,10000
CYBL,YBL,Campbell River Airport,Campbell River,CA-BC,49.9508,-125.271,6499
CYBR,YBR,Brandon Municipal Airport,Brandon,CA-MB,49.91,-99.9519,6500
CYBW,,Calgary / Springbank Airport,Calgary,CA-AB,51.104,-114.3694,5000
CYBX,YBX,Lourdes-de-Blanc-Sablon Airport,Blanc-Sablon,CA-QC,51.4436,-57.1853,4500
CYCC,YCC,Cornwall Regional Airport,Cornwall,CA-ON,45.0926,-74.5677,3500
CYCD,YCD,Nanaimo Airport,Nanaimo,CA-BC,49.055,-123.8699,6602
CYCE,YCE,Centralia / James T. Field Memorial Aerodrome,Huron Park,CA-ON,43.2856,-81.5083,5012
CYCG,YCG,Castlegar/West Kootenay Regional Airport,Castlegar,CA-BC,49.2964,-117.632,5300
CYCH,YCH,Miramichi Airport,Miramichi,CA-NB,47.0078,-65.4492,10006
CYCK,XCM,Chatham Kent Airport,Chatham-Kent,CA-ON,42.3064,-82.0819,5000
CYCL,YCL,Charlo Airport,Charlo,CA-NB,47.9908,-66.3303,6000
CYCN,YCN,Cochrane Airport,Cochrane,CA-ON,49.1056,-81.0136,4500
CYCP,,Blue River Airport,Blue River,CA-BC,52.1167,-119.283,5000
CYCQ,YCQ,Chetwynd Airport,Chetwynd,CA-BC,55.6872,-121.627,4484
CYCW,YCW,Chilliwack Airport,Chilliwack,CA-BC,49.1532,-121.9393,3990
CYCZ,YCZ,Fairmont Hot Springs Airport,Fairmont Hot Springs,CA-BC,50.3311,-115.8737,6005
CYDA,YDA,Dawson City Airport,Dawson City,CA-YT,64.0431,-139.128,5000
CYDC,,Princeton Airport,Town of Princeton,CA-BC,49.4681,-120.511,3932
CYDF,YDF,Deer Lake Airport,Deer Lake,CA-NL,49.2082,-57.3961,8005
CYDL,YDL,Dease Lake Airport,Dease Lake,CA-BC,58.4222,-130.032,6000
CYDN,YDN,Dauphin Barker Airport,Dauphin,CA-MB,51.1008,-100.052,5000
CYDO,YDO,Dolbeau-Saint-Felicien Airport,Dolbeau-Saint-Felicien,CA-QC,48.7785,-72.375,4971
CYDQ,YDQ,Dawson Creek Airport,Dawson Creek,CA-BC,55.7412,-120.1833,5001
CYEE,,Huronia Airport,Midland,CA-ON,44.6833,-79.9283,3998
CYEG,YEG,Edmonton International Airport,Edmonton,CA-AB,53.3097,-113.58,11000
CYEL,YEL,Elliot Lake Municipal Airport,Elliot Lake,CA-ON,46.3514,-82.5614,4500
CYEM,YEM,Manitoulin East Municipal Airport,Sheguiandah,CA-ON,45.8424,-81.8576,3500
CYEN,YEN,Estevan Airport,Estevan,CA-SK,49.2103,-102.966,5000
CYES,,Edmundston Airport,Edmundston,CA-NB,47.4872,-68.4777,4499
CYET,YET,Edson Airport,Edson,CA-AB,53.5789,-116.465,6000
CYEV,YEV,Inuvik Mike Zubko Airport,Inuvik,CA-NT,68.3042,-133.483,6000
CYEY,YEY,Amos/Magny Airport,Amos,CA-QC,48.5639,-78.2497,5000
CYFB,YFB,Iqaluit Airport,Iqaluit,CA-NU,63.7564,-68.5558,8605
CYFC,YFC,Fredericton International Airport,Fredericton,CA-NB,45.8687,-66.5299,8005
CYFD,,Brantford Municipal Airport,Brantford,CA-ON,43.1314,-80.3425,5000
CYFE,YFE,Forestville Airport,Forestville,CA-QC,48.7461,-69.0972,5000
CYFJ,YTM,Mont-Tremblant International Airport,La Macaza,CA-QC,46.4094,-74.78,5587
CYFO,YFO,Flin Flon Airport,Flin Flon,CA-MB,54.6781,-101.682,5004
CYFS,YFS,Fort Simpson Airport,Fort Simpson,CA-NT,61.7602,-121.237,6000
CYGD,,Goderich Airport,Goderich,CA-ON,43.7669,-81.7106,5000
CYGE,,Golden Airport,Golden,CA-BC,51.2992,-116.982,4500
CYGK,YGK,Kingston Norman Rogers Airport,Kingston,CA-ON,44.2253,-76.5969,6001
CYGL,YGL,La Grande Rivière Airport,La Grande Rivière,CA-QC,53.6253,-77.7042,6500
CYGM,YGM,Gimli Industrial Park Airport,Gimli,CA-MB,50.6281,-97.0433,6800
CYGP,YGP,Michel-Pouliot Gaspé Airport,Gaspé,CA-QC,48.7749,-64.4819,5488
CYGQ,YGQ,Geraldton Greenstone Regional Airport,Geraldton,CA-ON,49.7783,-86.9394,5000
CYGR,YGR,Îles-de-la-Madeleine Airport,Les Îles-de-la-Madeleine,CA-QC,47.4252,-61.7786,4500
CYGV,YGV,Havre-Saint-Pierre Airport,Havre-Saint-Pierre,CA-QC,50.2819,-63.6114,4500
CYHB,YHB,Hudson Bay Airport,Hudson Bay,CA-SK,52.8167,-102.311,5000
CYHD,YHD,Dryden Regional Airport,Dryden,CA-ON,49.8317,-92.7442,5993
CYHF,YHF,Hearst René Fontaine Municipal Airport,Hearst,CA-ON,49.7142,-83.6861,4500
CYHM,YHM,John C. Munro Hamilton International Airport,Hamilton,CA-ON,43.1713,-79.9294,10006
CYHN,YHN,Hornepayne Municipal Airport,Hornepayne,CA-ON,49.1931,-84.7589,3500
CYHR,YHR,Chevery Airport,Chevery,CA-QC,50.4683,-59.6378,4500
CYHS,,Hanover / Saugeen Municipal Airport,Hanover,CA-ON,44.1583,-81.0628,4000
CYHU,YHU,Montréal / Saint-Hubert Metropolitan Airport,Montréal,CA-QC,45.5175,-73.4169,7840
CYHY,YHY,Hay River / Merlyn Carter Airport,Hay River,CA-NT,60.8397,-115.783,6000
CYHZ,YHZ,Halifax / Stanfield International Airport,Halifax,CA-NS,44.8808,-63.5086,10500
CYIB,YIB,Atikokan Municipal Airport,Atikokan,CA-ON,48.7739,-91.6386,3500
CYID,YDG,Digby / Annapolis Regional Airport,Digby,CA-NS,44.5458,-65.7854,3950
CYIF,YIF,St Augustin Airport,St-Augustin,CA-QC,51.2117,-58.6583,4590
CYJM,,Fort St James Airport,Fort St. James,CA-BC,54.3972,-124.263,4000
CYJN,YJN,St Jean Airport,St Jean,CA-QC,45.2944,-73.2811,4000
CYKA,YKA,Kamloops John Moose Fulton Field Regional Airport,Kamloops,CA-BC,50.703,-120.4486,8000
CYKF,YKF,Region of Waterloo International Airport,Breslau,CA-ON,43.4608,-80.3786,7003
CYKL,YKL,Schefferville Airport,Schefferville,CA-QC,54.8053,-66.8053,5000
CYKM,YKD,Kincardine Municipal Airport,Kincardine,CA-ON,44.2014,-81.6067,4085
CYKX,YKX,Kirkland Lake Airport,Kirkland Lake,CA-ON,48.2103,-79.9814,4500
CYKY,YKY,Kindersley Airport,Kindersley,CA-SK,51.5175,-109.181,3507
CYLB,YLB,Lac La Biche Airport,Lac La Biche,CA-AB,54.7703,-112.032,5700
CYLD,YLD,Chapleau Airport,Chapleau,CA-ON,47.82,-83.3467,5000
CYLI,,Lillooet Airport,Lillooet,CA-BC,50.6747,-121.894,3990
CYLJ,YLJ,Meadow Lake Airport,Meadow Lake,CA-SK,54.1253,-108.523,5000
CYLL,YLL,Lloydminster Airport,Lloydminster,CA-AB,53.3092,-110.073,5577
CYLQ,YLQ,La Tuque Airport,La Tuque,CA-QC,47.4097,-72.7889,5000
CYLS,YLK,Barrie-Lake Simcoe Regional Airport,Barrie,CA-ON,44.4851,-79.5547,6001
CYLW,YLW,Kelowna International Airport,Kelowna,CA-BC,49.9561,-119.378,8900
CYME,YME,Matane Airport,Matane,CA-QC,48.8569,-67.4533,5500
CYMG,YMG,Manitouwadge Airport,Manitouwadge,CA-ON,49.0839,-85.8606,3600
CYMJ,YMJ,Moose Jaw Air Vice Marshal C. M. McEwen Airport,Moose Jaw,CA-SK,50.3303,-105.559,8326
CYML,YML,Charlevoix Airport,Charlevoix,CA-QC,47.5975,-70.2239,4501
CYMM,YMM,Fort McMurray International Airport,Fort McMurray,CA-AB,56.6533,-111.222,7503
CYMO,YMO,Moosonee Airport,Moosonee,CA-ON,51.2911,-80.6078,4000
CYMT,YMT,Chapais Airport,Chibougamau,CA-QC,49.7719,-74.5281,6496
CYMW,YMW,Maniwaki Airport,Messines,CA-QC,46.2728,-75.9906,4920
CYMX,YMX,Montreal Mirabel International Airport,Montréal,CA-QC,45.6795,-74.0387,12000
CDP2,,Ear Falls Airport,Ear Falls,CA-ON,50.7172,-93.3845,3937
CYNA,YNA,Natashquan Airport,Natashquan,CA-QC,50.1901,-61.789,4494
CYND,YND,Ottawa / Gatineau Airport,Gatineau,CA-QC,45.5217,-75.5636,6000
CYNH,YNH,Hudson's Hope Airport,Hudson's Hope,CA-BC,56.0351,-121.9783,5200
CYNM,YNM,Matagami Airport,Matagami,CA-QC,49.7617,-77.8028,5000
CYOD,YOD,CFB Cold Lake,Cold Lake,CA-AB,54.405,-110.279,12600
CYOJ,YOJ,High Level Airport,High Level,CA-AB,58.6214,-117.165,5000
CYOO,YOO,Oshawa Executive Airport,Oshawa,CA-ON,43.9228,-78.895,4750
CYOP,YOP,Rainbow Lake Airport,Rainbow Lake,CA-AB,58.4914,-119.408,4539
CYOS,YOS,Owen Sound / Billy Bishop Regional Airport,Owen Sound,CA-ON,44.5903,-80.8375,3932
CYOW,YOW,Ottawa Macdonald-Cartier International Airport,Ottawa,CA-ON,45.3225,-75.6692,10000
CYPA,YPA,Prince Albert Glass Field,Prince Albert,CA-SK,53.2142,-105.673,5000
CYPD,YPS,Port Hawkesbury Airport,Port Hawkesbury,CA-NS,45.6567,-61.3681,5000
CYPE,YPE,Peace River Airport,Peace River,CA-AB,56.2269,-117.447,5000
CYPG,YPG,Portage-la-Prairie / Southport Airport,Portage la Prairie,CA-MB,49.9031,-98.2738,7000
CYPK,,Pitt Meadows Regional Airport,Pitt Meadows,CA-BC,49.2149,-122.7093,5003
CYPL,YPL,Pickle Lake Airport,Pickle Lake,CA-ON,51.4464,-90.2142,4921
CYPN,YPN,Port-Menier Airport,Port-Menier,CA-QC,49.8364,-64.2886,4886
CYPQ,YPQ,Peterborough Regional Airport,Peterborough,CA-ON,44.2323,-78.3621,7005
CYPR,YPR,Prince Rupert Airport,Prince Rupert,CA-BC,54.2861,-130.445,6000
CYPS,,Pemberton Regional Airport,Pemberton,CA-BC,50.3025,-122.738,3917
CYPU,,Puntzi Mountain Airport,Puntzi Mountain,CA-BC,52.1128,-124.145,6012
CYPW,YPW,Powell River Airport,Powell River,CA-BC,49.8342,-124.5,3627
CYPY,YPY,Fort Chipewyan Airport,Fort Chipewyan,CA-AB,58.7672,-111.117,5000
CYPZ,YPZ,Burns Lake Airport,Burns Lake,CA-BC,54.3764,-125.951,5000
CYQA,YQA,Muskoka Airport,Gravenhurst,CA-ON,44.9754,-79.3065,6000
CYQB,YQB,Quebec Jean Lesage International Airport,Quebec,CA-QC,46.7911,-71.3933,9000
CYQD,YQD,The Pas Airport,The Pas,CA-MB,53.9714,-101.091,5901
CYQF,YQF,Red Deer Regional Airport,Springbrook,CA-AB,52.1822,-113.894,7500
CYQG,YQG,Windsor International Airport,Windsor,CA-ON,42.2756,-82.9556,9000
CYQH,YQH,Watson Lake Airport,Watson Lake,CA-YT,60.1168,-128.822,5504
CYQI,YQI,Yarmouth Airport,Yarmouth,CA-NS,43.8269,-66.0881,6000
CYQK,YQK,Kenora Airport,Kenora,CA-ON,49.7883,-94.3631,5800
CYQL,YQL,Lethbridge County Airport,Lethbridge,CA-AB,49.6303,-112.8,6500
CYQM,YQM,Greater Moncton Roméo LeBlanc International Airport,Moncton,CA-NB,46.1132,-64.6772,10001
CYQN,YQN,Nakina Airport,Nakina,CA-ON,50.1828,-86.6964,3500
CYQQ,YQQ,Comox Valley International Airport / CFB Comox,Comox,CA-BC,49.7108,-124.887,10000
CYQR,YQR,Regina International Airport,Regina,CA-SK,50.4319,-104.6609,7900
CYQS,YQS,St Thomas Municipal Airport,St Thomas,CA-ON,42.77,-81.1108,5013
CYQT,YQT,Thunder Bay International Airport,Thunder Bay,CA-ON,48.3719,-89.3239,7318
CYQU,YQU,Grande Prairie Airport,Grande Prairie,CA-AB,55.1797,-118.885,8502
CYQV,YQV,Yorkton Municipal Airport,Yorkton,CA-SK,51.2647,-102.462,4800
CYQW,YQW,North Battleford Airport,North Battleford,CA-SK,52.7694,-108.2437,5000
CYQX,YQX,Gander International Airport,Gander,CA-NL,48.9363,-54.5677,10200
CYQY,YQY,Sydney / J.A. Douglas McCurdy Airport,Sydney,CA-NS,46.1611,-60.0498,7070
CYQZ,YQZ,Quesnel Airport,Quesnel,CA-BC,53.0261,-122.51,5500
CYRC,,Chicoutimi/Saint-Honoré Aerodrome,Saint-Honoré,CA-QC,48.521,-71.0526,6087
CYRI,YRI,Rivière-du-Loup Airport,Rivière-du-Loup,CA-QC,47.7644,-69.5847,6000
CYRJ,YRJ,Roberval Airport,Roberval,CA-QC,48.5197,-72.2657,5000
CYRL,YRL,Red Lake Airport,Red Lake,CA-ON,51.0669,-93.7931,5001
CYRM,YRM,Rocky Mountain House Airport,Rocky Mountain House,CA-AB,52.4297,-114.904,5500
CYRP,,Ottawa / Carp Airport,Ottawa,CA-ON,45.3192,-76.0222,3937
CYRQ,YRQ,Trois-Rivières Airport,Trois-Rivières,CA-QC,46.3528,-72.6794,9006
CYRT,YRT,Rankin Inlet Airport,Rankin Inlet,CA-NU,62.8114,-92.1158,6000
CYRV,YRV,Revelstoke Airport,Revelstoke,CA-BC,50.9622,-118.1843,4800
CYSA,,Stratford Municipal Airport,Stratford,CA-ON,43.4156,-80.9344,5000
CYSB,YSB,Sudbury Airport,Sudbury,CA-ON,46.625,-80.7989,6600
CYSC,YSC,Sherbrooke Airport,Sherbrooke,CA-QC,45.4386,-71.6914,6000
CYSG,,Saint-Georges Airport,Saint-Georges,CA-QC,46.0964,-70.7147,5108
CYSH,YSH,Smiths Falls-Montague (Russ Beach) Airport,Smiths Falls,CA-ON,44.9458,-75.9406,4000
CYSJ,YSJ,Saint John Airport,Saint John,CA-NB,45.3161,-65.8903,7000
CYSL,YSL,Saint-Léonard Airport,Saint-Léonard,CA-NB,47.1571,-67.8362,4000
CYSM,YSM,Fort Smith Airport,Fort Smith,CA-NT,60.0203,-111.962,6000
CYSN,YCM,Niagara District Airport,Niagara-on-the-Lake,CA-ON,43.1916,-79.1717,5000
CYSP,YSP,Marathon Airport,Marathon,CA-ON,48.7553,-86.3444,3933
CYSU,YSU,Summerside Airport,Slemon Park,CA-PE,46.4406,-63.8336,8000
CYSW,,Sparwood Elk Valley Airport,Sparwood,CA-BC,49.8343,-114.8787,4000
CYSZ,,Sainte-Anne-des-Monts Aerodrome,Sainte-Anne-des-Monts,CA-QC,49.1203,-66.5292,3977
CYTA,YTA,Pembroke Airport,Pembroke,CA-ON,45.8644,-77.2517,5000
CYTF,YTF,Alma Airport,Alma,CA-QC,48.5089,-71.6419,5000
CYTH,YTH,Thompson Airport,Thompson,CA-MB,55.8011,-97.8642,5800
CYTN,,Trenton Airport,Trenton,CA-NS,45.6119,-62.6211,5377
CYTR,YTR,CFB Trenton,Trenton,CA-ON,44.1189,-77.5281,10000
CYTS,YTS,Timmins/Victor M. Power,Timmins,CA-ON,48.5697,-81.3767,6000
CYTZ,YTZ,Billy Bishop Toronto City Airport,Toronto,CA-ON,43.6279,-79.3955,3988
CYUL,YUL,Montreal / Pierre Elliott Trudeau International Airport,Montréal,CA-QC,45.4678,-73.7423,11000
CYUY,YUY,Rouyn Noranda Airport,Rouyn-Noranda,CA-QC,48.2061,-78.8356,7485
CYVB,YVB,Bonaventure Airport,Bonaventure,CA-QC,48.0711,-65.4603,5985
CYVC,YVC,La Ronge Airport,La Ronge,CA-SK,55.1514,-105.262,5000
CYVD,,Virden / RJ (Bob) Andrew Field Regional Aerodrome,Virden,CA-MB,49.8783,-100.918,4000
CYVO,YVO,Val-d'Or Airport,Val-d'Or,CA-QC,48.0533,-77.7828,10000
CYVP,YVP,Kuujjuaq Airport,Kuujjuaq,CA-QC,58.0961,-68.4269,6000
CYVQ,YVQ,Norman Wells Airport,Norman Wells,CA-NT,65.2816,-126.798,5998
CYVR,YVR,Vancouver International Airport,Vancouver,CA-BC,49.1939,-123.184,11500
CYVT,YVT,Buffalo Narrows Airport,Buffalo Narrows,CA-SK,55.8419,-108.418,5006
CYVV,YVV,Wiarton Airport,Wiarton,CA-ON,44.7458,-81.1072,5021
CYWG,YWG,Winnipeg / James Armstrong Richardson International Airport,Winnipeg,CA-MB,49.91,-97.2399,11000
CYWK,YWK,Wabush Airport,Wabush,CA-NL,52.9219,-66.8644,6002
CYWL,YWL,Williams Lake Airport,Williams Lake,CA-BC,52.1831,-122.054,7000
CYWM,,Athabasca Airport,Athabasca,CA-AB,54.7431,-113.205,4000
CYXC,YXC,Cranbrook/Canadian Rockies International Airport,Cranbrook,CA-BC,49.6108,-115.782,6000
CYXE,YXE,Saskatoon John G. Diefenbaker International Airport,Saskatoon,CA-SK,52.1707,-106.7008,8300
CYXH,YXH,Medicine Hat Regional Airport,Medicine Hat,CA-AB,50.0189,-110.721,5000
CYXJ,YXJ,Fort St John / North Peace Regional Airport,Fort Saint John,CA-BC,56.2381,-120.74,6909
CYXK,YXK,Rimouski Airport,Rimouski,CA-QC,48.4776,-68.4963,4600
CYXL,YXL,Sioux Lookout Airport,Sioux Lookout,CA-ON,50.1139,-91.9053,5300
CYXR,YXR,Earlton (Timiskaming Regional) Airport,Earlton,CA-ON,47.6974,-79.8473,5998
CYXS,YXS,Prince George (International) Airport,Prince George,CA-BC,53.8843,-122.6666,11450
CYXT,YXT,Northwest Regional Airport Terrace-Kitimat,Terrace,CA-BC,54.4685,-128.576,7497
CYXU,YXU,London International Airport,London,CA-ON,43.0328,-81.149,8800
CYXX,YXX,Abbotsford International Airport,Abbotsford,CA-BC,49.0253,-122.361,9600
CYXY,YXY,Whitehorse / Erik Nielsen International Airport,Whitehorse,CA-YT,60.7085,-135.0657,9497
CYXZ,YXZ,Wawa Airport,Wawa,CA-ON,47.9667,-84.7867,4429
CYYB,YYB,North Bay Jack Garland Airport,North Bay,CA-ON,46.3636,-79.4228,10000
CYYC,YYC,Calgary International Airport,Calgary,CA-AB,51.1188,-114.0099,14000
CYYD,YYD,Smithers Airport,Smithers,CA-BC,54.8247,-127.183,5000
CYYE,YYE,Fort Nelson Airport,Fort Nelson,CA-BC,58.8364,-122.597,6400
CYYF,YYF,Penticton Airport,Penticton,CA-BC,49.4631,-119.602,6000
CYYG,YYG,Charlottetown Airport,Charlottetown,CA-PE,46.2889,-63.1252,7002
CYYJ,YYJ,Victoria International Airport,Victoria,CA-BC,48.6472,-123.4278,7000
CYYL,YYL,Lynn Lake Airport,Lynn Lake,CA-MB,56.8639,-101.076,5000
CYYN,YYN,Swift Current Airport,Swift Current,CA-SK,50.2919,-107.691,4250
CYYQ,YYQ,Churchill Airport,Churchill,CA-MB,58.7392,-94.065,9200
CYYR,YYR,Goose Bay Airport,Goose Bay,CA-NL,53.3192,-60.4258,11046
CYYT,YYT,St. John's International Airport,St. John's,CA-NL,47.6186,-52.7519,8502
CYYU,YYU,Kapuskasing Airport,Kapuskasing,CA-ON,49.4116,-82.4696,5500
CYYW,YYW,Armstrong Airport,Armstrong,CA-ON,50.2903,-88.9097,4000
CYYY,YYY,Mont Joli Airport,Mont-Joli,CA-QC,48.6086,-68.2081,6000
CYYZ,YYZ,Toronto Pearson International Airport,Toronto,CA-ON,43.6759,-79.6294,11120
CYZE,YZE,Gore Bay Manitoulin Airport,Gore Bay,CA-ON,45.8853,-82.5678,5500
CYZF,YZF,Yellowknife International Airport,Yellowknife,CA-NT,62.4628,-114.44,7500
CYZH,YZH,Slave Lake Airport,Slave Lake,CA-AB,55.2929,-114.7773,5561
CYZP,YZP,Sandspit Airport,Sandspit,CA-BC,53.2543,-131.814,5120
CYZR,YZR,Chris Hadfield Airport,Sarnia,CA-ON,42.9994,-82.3089,5100
CYZT,YZT,Port Hardy Airport,Port Hardy,CA-BC,50.6806,-127.367,5000
CYZU,YZU,Whitecourt Airport,Whitecourt,CA-AB,54.1439,-115.787,5800
CYZV,YZV,Sept-Îles Airport,Sept-Îles,CA-QC,50.2233,-66.2656,6552
CYZX,YZX,CFB Greenwood,Greenwood,CA-NS,44.9844,-64.9169,8000
CYZY,,Mackenzie Airport,Mackenzie,CA-BC,55.2978,-123.1339,5033
CZAM,YSN,Shuswap Regional Airport,Salmon Arm,CA-BC,50.6828,-119.229,4260
CZBA,,Burlington Executive Airpark,Burlington,CA-ON,43.4415,-79.8501,3775
CZBB,YDT,Boundary Bay Airport,Delta,CA-BC,49.0743,-123.0069,5606
CZBF,ZBF,Bathurst Airport,South Tetagouche,CA-NB,47.6297,-65.7389,5613
CZBM,ZBM,Bromont (Roland Désourdy) Airport,Bromont,CA-QC,45.2908,-72.7414,5000
CZGF,ZGF,Grand Forks Airport,Grand Forks,CA-BC,49.0156,-118.431,4300
CZHP,ZHP,High Prairie Airport,High Prairie,CA-AB,55.3936,-116.475,3933
CZJN,ZJN,Swan River Airport,Swan River,CA-MB,52.1206,-101.236,3933
CZML,ZMH,South Cariboo Region / 108 Mile Airport,108 Mile,CA-BC,51.7361,-121.333,5293
CZMT,ZMT,Masset Airport,Masset,CA-BC,54.0275,-132.125,5000
CZPC,WPC,Pincher Creek Airport,Pincher Creek,CA-AB,49.5204,-113.997,6600
CZST,ZST,Stewart Airport,Stewart,CA-BC,55.9354,-129.9824,3900
CZUC,ZUC,Ignace Municipal Airport,Ignace,CA-ON,49.4282,-91.7204,3512
CZUM,ZUM,Churchill Falls Airport,Churchill Falls,CA-NL,53.5619,-64.1064,5500
CZVL,,Edmonton / Villeneuve Airport,Edmonton,CA-AB,53.6675,-113.854,5001
CZWL,ZWL,Wollaston Lake Airport,Wollaston Lake,CA-SK,58.1069,-103.172,3793
KIUA,IUA,Canandaigua Airport,Ontario County IDA,US-NY,42.9089,-77.3252,5500
DAOM,,Hamaguir Airport,Hamaguir,DZ-08,30.879,-3.0678,9843
DA12,,El Abiodh Sidi Cheikh Airport,El Abiodh Sidi Cheikh,DZ-32,32.8985,0.5247,6608
DA13,,Tinfouchy Airport,Oum El Assel,DZ-37,28.8793,-5.8229,7740
DA14,MQV,Mostaganem Airport,Sayada,DZ-27,35.9052,0.1445,3550
DA15,,Saïda Airport,Ouled Khaled,DZ-20,34.8972,0.1517,4248
DA16,,Tindouf East Airport,Tindouf,DZ-37,27.5859,-7.5001,12700
DAAB,,Blida Airport,Blida,DZ-09,36.5036,2.8142,5833
DAAD,BUJ,Bou Saada Airport,Ouled Sidi Brahim,DZ-28,35.3325,4.2064,7218
DAAE,BJA,Soummam–Abane Ramdane Airport,Béjaïa,DZ-06,36.7125,5.0699,7874
DAAG,ALG,Houari Boumediene Airport,Algiers,DZ-16,36.6939,3.2145,11483
DAAJ,DJG,Tiska Djanet Airport,Djanet,DZ-56,24.2854,9.4637,9843
DAAK,,Boufarik Air Base,Boufarik,DZ-09,36.5458,2.8761,11883
DAAN,,Reggane Air Base,Reggane,DZ-01,26.7124,0.2882,8216
DAAP,VVZ,Illizi Takhamalt Airport,Illizi,DZ-33,26.7235,8.6227,9843
DAAQ,,Ain Oussera Airport,Ain Oussera,DZ-17,35.5254,2.8787,10696
DAAS,QSF,Ain Arnat Airport,Sétif,DZ-19,36.1785,5.3299,9498
DAAT,TMR,Aguenar – Hadj Bey Akhamok Airport,Tamanrasset,DZ-11,22.811,5.4508,11811
DAAV,GJL,Jijel Ferhat Abbas Airport,Tahir,DZ-18,36.7941,5.8737,7874
DAAY,MZW,Mecheria Airport,Mecheria,DZ-45,33.5359,-0.2424,11780
DAAZ,,Relizane Airport,Relizane,DZ-48,35.753,0.6259,4265
DABB,AAE,Annaba Rabah Bitat Airport,Annaba,DZ-23,36.8268,7.8133,9843
DABC,CZL,Mohamed Boudiaf International Airport,Constantine,DZ-25,36.276,6.6204,9843
DABS,TEE,Cheikh Larbi Tébessi Airport,Tébessi,DZ-12,35.4316,8.1207,9843
DABT,BLJ,Batna Mostefa Ben Boulaid Airport,Batna,DZ-05,35.7521,6.3086,9843
DAFH,HRM,Hassi R'Mel Airport,Hassi R'Mel,DZ-03,32.9304,3.3115,9835
DAOB,TID,Abdelhafid Boussouf Bou Chekif Airport,Tiaret,DZ-14,35.3411,1.4631,9843
DAOE,,Bousfer Air Base,Bousfer,DZ-31,35.7354,-0.8054,9834
DAOF,TIN,Tindouf Airport,Tindouf,DZ-37,27.7004,-8.1671,9840
DAOI,CFK,Chlef Aboubakr Belkaid International Airport,Chlef,DZ-02,36.2166,1.3411,8793
DAOL,TAF,Oran Tafraoui Airport,Tafraoui,DZ-31,35.5424,-0.5323,9037
DAON,TLM,Zenata – Messali El Hadj Airport,Zenata,DZ-13,35.0127,-1.4571,8530
DAOO,ORN,Oran Es-Sénia (Ahmed Ben Bella) International Airport,Es-Sénia,DZ-31,35.6206,-0.6225,11811
DAOR,CBH,Béchar Boudghene Ben Ali Lotfi Airport,Béchar,DZ-08,31.6457,-2.2699,12245
DAOS,BFW,Sidi Bel Abbes Airport,Sidi Bel Abbès,DZ-22,35.1718,-0.5933,4868
DAOV,MUW,Ghriss Airport,Ghriss,DZ-29,35.2077,0.1471,5577
DAOY,EBH,El Bayadh Airport,El Bayadh,DZ-32,33.7217,1.0925,9843
DATG,INF,In Guezzam Airport,In Guezzam,DZ-58,19.5605,5.7493,7218
DATM,BMW,Bordj Badji Mokhtar Airport,Bordj Badji Mokhtar,DZ-52,21.3778,0.927,9843
DAUA,AZR,Touat-Cheikh Sidi Mohamed Belkebir Airport,Adrar,DZ-01,27.8376,-0.1864,9843
DAUB,BSK,Biskra - Mohamed Khider Airport,Biskra,DZ-07,34.7932,5.7389,9469
DAUE,ELG,El Golea Airport,El Menia,DZ-50,30.5807,2.8616,9843
DAUG,GHA,Noumérat - Moufdi Zakaria Airport,El Atteuf,DZ-47,32.3841,3.7941,10171
DAUH,HME,Hassi Messaoud-Oued Irara Krim Belkacem Airport,Hassi Messaoud,DZ-30,31.673,6.1404,9843
DAUI,INZ,In Salah Airport,In Salah,DZ-57,27.251,2.512,9843
DAUK,TGR,Touggourt Sidi Madhi Airport,Touggourt,DZ-55,33.0678,6.0887,9843
DAUL,LOO,Laghouat - Molay Ahmed Medeghri Airport,Laghouat,DZ-03,33.7644,2.9283,12486
DAUO,ELU,Guemar Airport - مطار قمار بالوادي,Guemar,DZ-39,33.5114,6.7768,9843
DAUT,TMX,Timimoun Airport,Timimoun,DZ-54,29.2371,0.276,9843
DAUU,OGX,Ain Beida Airport,Ouargla,DZ-30,31.9172,5.4128,10171
DAUZ,IAM,Zarzaitine - In Aménas Airport,In Aménas,DZ-33,28.0515,9.6429,9843
DBBB,COO,Cotonou Cadjehoun International Airport,Cotonou,BJ-AQ,6.3572,2.3843,7906
WAVD,DEX,Nop Goliat Dekai Airport,Dekai,ID-PP,-4.8557,139.482,6398
DFFD,OUA,Ouagadougou Thomas Sankara International Airport,Ouagadougou,BF-KAD,12.3532,-1.5124,9843
DFOO,BOY,Bobo Dioulasso Airport,Bobo Dioulasso,BF-HOU,11.1601,-4.331,10826
DGAA,ACC,Kotoka International Airport,Accra,GH-AA,5.6052,-0.1668,11165
DGAH,,Ho Airport,Ho,GH-TV,6.5797,0.5325,5266
DGLE,TML,Yakubu Tali International Airport,Tamale,GH-NP,9.5539,-0.8661,7999
DGLW,WZA,Wa Airport,Wa,GH-UW,10.0827,-2.5077,6612
DGSI,KMS,Prempeh I International Airport,Kumasi,GH-AH,6.7146,-1.5908,7612
DGSN,NYI,Sunyani Airport,Sunyani,GH-BO,7.3618,-2.3288,4594
DGTK,TKD,Takoradi Airport,Sekondi-Takoradi,GH-WP,4.8961,-1.7748,5745
DIAP,ABJ,Félix-Houphouët-Boigny International Airport,Abidjan,CI-AB,5.2614,-3.9263,9843
DIBK,BYK,Bouaké Airport,Bouaké,CI-VB,7.7388,-5.0737,10827
DIDL,DJO,Daloa Airport,,CI-SM,6.7928,-6.4732,6562
DIKO,HGO,Korhogo Airport,Korhogo,CI-SV,9.3872,-5.5567,6890
DIMN,MJC,Man Airport,,CI-MG,7.2721,-7.5874,6726
DISP,SPY,San Pedro Airport,,CI-BS,4.7467,-6.6608,6234
DIYO,ASK,Yamoussoukro International Airport,Yamoussoukro,CI-YM,6.9032,-5.3656,9843
DN50,,Shiroro Airport,,NG-NI,9.8847,6.8186,4170
DN51,,Ajaokuta Airport,Ajaokuta,NG-KO,7.4579,6.4608,4983
DN53,,Kaduna Old Airport,,NG-KD,10.5989,7.4487,8612
DN54,,Bajoga Northeast Airport,Bajoga,NG-GO,10.9199,11.5012,4950
DNEK,,Eket Airport,Eket,NG-AK,4.6428,7.9491,4266
DNES,,Escravos Airport,Escravos,NG-DE,5.6167,5.1885,5085
DNKT,DKA,Umaru Musa Yar'adua Airport,Katsina,NG-KT,13.0078,7.6604,11352
DNAA,ABV,Nnamdi Azikiwe International Airport,Abuja,NG-FC,9.0068,7.2632,11842
DNAK,AKR,Akure Airport,Akure,NG-ON,7.2467,5.301,9195
DNAS,ABB,Asaba International Airport,Asaba,NG-DE,6.2042,6.6653,11155
DNBB,,Bebi Airport,Bayaluga,NG-CR,6.6215,9.319,5577
DNBC,BCU,Sir Abubakar Tafawa Balewa Bauchi State International Airport,Bauchi,NG-BA,10.4828,9.744,11154
DNBE,BNI,Benin Airport,Benin,NG-ED,6.317,5.5995,7870
DNBI,,Bida Airport,Bida,NG-NI,9.1029,6.0148,3900
DNBY,,Bayelsa International Airport,Yenagoa,NG-BY,4.9576,6.2033,12139
DNCA,CBQ,Margaret Ekpo International Airport,Calabar,NG-CR,4.976,8.3472,8040
DNDS,,Dutse International Airport,Dutse,NG-JI,11.7951,9.3012,9840
DNEN,ENU,Akanu Ibiam International Airport,Enegu,NG-EN,6.4737,7.5605,7879
DNFB,,Finima Bonny Airport,Finima,NG-RI,4.4048,7.1809,5582
DNGO,GMO,Gombe Lawanti International Airport,Gombe,NG-GO,10.2989,10.9,10827
DNIB,IBA,Ibadan Airport,Ibadan,NG-OY,7.3625,3.9783,7875
DNIL,ILR,General Tunde Idiagbon International Airport,Ilorin/Ogbomosho,NG-KW,8.4402,4.4939,10169
DNIM,QOW,Sam Mbakwe International Cargo Airport,Owerri,NG-IM,5.4271,7.206,8858
DNJO,JOS,Yakubu Gowon Airport,Jos,NG-PL,9.6398,8.8691,9845
DNKA,KAD,Kaduna International Airport,Kaduna,NG-KD,10.696,7.3201,9843
DNKN,KAN,Mallam Aminu Kano International Airport,Kano,NG-KN,12.0456,8.5236,10831
DNMA,MIU,Maiduguri International Airport,Maiduguri,NG-BO,11.8542,13.0807,9846
DNMK,MDI,Makurdi Airport,Makurdi,NG-BE,7.7039,8.6139,9830
DNMM,LOS,Murtala Muhammed International Airport,Lagos,NG-LA,6.5774,3.3212,12794
DNMN,MXJ,Minna Airport,Minna,NG-NI,9.6522,6.4623,11153
DNPO,PHC,Port Harcourt International Airport,Port Harcourt,NG-RI,5.0155,6.9496,9843
DNSO,SKO,Sadiq Abubakar III International Airport,Sokoto,NG-SO,12.9157,5.2075,9844
DNSU,QRW,Warri Airport,Okpe,NG-DE,5.5982,5.8187,6868
DNYO,YOL,Yola Airport,Yola,NG-AD,9.2576,12.4304,9840
DNZA,ZAR,Zaria Airport,Zaria,NG-KD,11.1302,7.6858,5462
DRRM,MFQ,Maradi Airport,Maradi,NE-4,13.5025,7.1268,6070
DRRN,NIM,Diori Hamani International Airport,Niamey,NE-8,13.4815,2.1836,9843
DRRT,THZ,Tahoua Airport,Tahoua,NE-5,14.8757,5.2654,7053
DRZA,AJY,Mano Dayak International Airport,Agadez,NE-1,16.966,8.0001,9843
DRZD,,Dirkou Airport,Dirkou,NE-1,18.9639,12.8641,5249
DRZF,,Diffa Airport,Diffa,NE-2,13.3729,12.6267,5906
DRZR,ZND,Zinder Airport,Zinder,NE-7,13.779,8.9838,5988
DT70,,Medenine Airport,Medenine,TN-82,33.3502,10.444,3952
DTKA,TBJ,Tabarka-Aïn Draham International Airport,Tabarka,TN-32,36.98,8.8769,9416
DTMB,MIR,Monastir Habib Bourguiba International Airport,Monastir,TN-52,35.7581,10.7547,9678
DTNH,NBE,Enfidha - Hammamet International Airport,Enfidha,TN-51,36.0758,10.4386,10827
DTTA,TUN,Tunis Carthage International Airport,Tunis,TN-11,36.851,10.2272,10499
DTTB,,Bizerte Sidi Ahmed Air Base,Borj Challouf,TN-23,37.2424,9.787,9845
DTTD,,Remada Air Base,Remada,TN-83,32.3062,10.3821,7812
DTTF,GAF,Gafsa Ksar International Airport,Gafsa,TN-71,34.422,8.8225,9514
DTTG,GAE,Gabès Matmata International Airport,Gabès,TN-81,33.7337,9.9194,3702
DTTJ,DJE,Djerba Zarzis International Airport,Mellita,TN-82,33.8737,10.7773,10171
DTTR,EBM,El Borma Airport,El Borma,TN-83,31.7043,9.2546,8858
DTTX,SFA,Sfax Thyna International Airport,Sfax,TN-61,34.718,10.691,9843
DTTZ,TOE,Tozeur Nefta International Airport,Tozeur,TN-72,33.9397,8.1106,10581
DXNG,LRL,Niamtougou International Airport,Niamtougou,TG-K,9.7667,1.0909,8202
DXXX,LFW,Lomé–Tokoin International Airport,Lomé,TG-M,6.1656,1.2545,9847
DZ-0016,,Amguid Regional Airport,Idlès,DZ-11,26.3934,5.3254,8858
EBAW,ANR,Antwerp International Airport (Deurne),Antwerp,BE-VAN,51.1907,4.4632,4954
EBBE,,Beauvechain Air Base,Beauvechain,BE-WBR,50.7586,4.7683,10085
EBBL,,Kleine Brogel Air Base,Kleine Brogel,BE-VLI,51.1683,5.47,10158
EBBR,BRU,Brussels Airport,Zaventem,BE-VBR,50.9014,4.4844,11936
EBBX,,Jehonville Air Base,Bertrix,BE-WLX,49.8915,5.2274,7874
EBCI,CRL,Brussels South Charleroi Airport,Charleroi,BE-WHT,50.462,4.4596,10023
EBCV,,Chièvres Air Base,Chièvres,BE-WHT,50.5758,3.831,8197
EBFN,,Koksijde Air Base,Koksijde,BE-VWV,51.0903,2.6528,8786
EBFS,,Florennes Air Base,Florennes,BE-WNA,50.2433,4.6458,11105
EBKT,KJK,Kortrijk-Wevelgem International Airport,Wevelgem,BE-VWV,50.8189,3.2096,6234
EBLG,LGG,Liège Airport,Grâce-Hollogne,BE-WLG,50.6386,5.4439,12106
EBOS,OST,Ostend-Bruges International Airport,Oostende,BE-VWV,51.1998,2.8747,10499
EBSL,,Zutendaal Air Base,Zutendaal,BE-VLI,50.9494,5.5935,9777
EBST,,Sint-Truiden / Brustem Airfield,Sint-Truiden,BE-VLI,50.7908,5.1996,3597
EBSU,,Saint Hubert Air Base,Saint Hubert,BE-WLX,50.0344,5.4408,8528
EBUL,,Ursel Air Base,Ursel,BE-VOV,51.1442,3.4756,9777
EBWE,,Weelde Air Base,Weelde,BE-VAN,51.3948,4.9602,9777
EDAB,,Bautzen Airfield,Kubschütz,DE-SN,51.1936,14.5197,7218
EDAC,AOC,Leipzig–Altenburg Airport,Nobitz,DE-TH,50.9819,12.5064,7988
EDAE,,Eisenhüttenstadt Airfield,Siehdichum,DE-BR,52.1972,14.5857,3839
EDAH,HDF,Heringsdorf Airport,Zirchow,DE-MV,53.8787,14.1523,7562
EDAK,,Großenhain Airfield,Großenhain,DE-SN,51.3081,13.5556,4642
EDAM,,Merseburg Airfield,Merseburg,DE-ST,51.3626,11.9411,3740
EDAQ,,Halle-Oppin Airfield,Landsberg,DE-ST,51.5522,12.0539,3675
EDAV,,Eberswalde-Finow Airfield,Eberswalde,DE-BR,52.8263,13.7013,5046
EDAX,REB,Müritz Airpark,Lärz,DE-MV,53.3064,12.7522,7808
EDAY,,Strausberg Airfield,Strausberg,DE-BR,52.5806,13.9167,3937
EDAZ,,Schönhagen Airfield,Trebbin,DE-BR,52.2046,13.1595,4954
EDBC,CSO,Cochstedt Airport,Hecklingen,DE-ST,51.8564,11.4203,8202
EDBH,BBH,Stralsund-Barth Airport,Barth,DE-MV,54.3383,12.7105,5528
EDBJ,,Jena-Schöngleina Airfield,Schöngleina,DE-TH,50.9153,11.7142,3839
EDBN,FNB,Neubrandenburg Trollenhagen Airport,Trollenhagen,DE-MV,53.6022,13.306,7522
EDBR,,Rothenburg/Görlitz Airfield,Rothenburg/Oberlausitz,DE-SN,51.3633,14.95,6562
EDBT,,Allstedt Airfield,Allstedt,DE-ST,51.3806,11.4467,3937
EDCM,,Kamenz Airfield,Kamenz,DE-SN,51.2969,14.1275,3609
EDCO,,Obermehler-Schlotheim Airfield,Nottertal-Heilinger Höhen,DE-TH,51.2678,10.6347,4757
EDCP,PEF,Peenemünde Airport,Peenemünde,DE-MV,54.1578,13.7744,7874
EDCY,,Spremberg-Welzow Airfield,Welzow,DE-BR,51.5756,14.1369,6562
EDDB,BER,Berlin Brandenburg Airport,Berlin,DE-BR,52.3617,13.5023,13123
EDDC,DRS,Dresden Airport,Dresden,DE-SN,51.1341,13.7678,9350
EDDE,ERF,Erfurt-Weimar Airport,Erfurt,DE-TH,50.9783,10.9607,8530
EDDF,FRA,Frankfurt Main Airport,Frankfurt am Main,DE-HE,50.0267,8.5584,13123
EDDG,FMO,Münster Osnabrück Airport,Greven,DE-NW,52.1338,7.6885,7119
EDDH,HAM,Hamburg Helmut Schmidt Airport,Hamburg,DE-HH,53.6304,9.9882,12028
EDDK,CGN,Cologne Bonn Airport,Köln (Cologne),DE-NW,50.8659,7.1427,12516
EDDL,DUS,Düsseldorf Airport,Düsseldorf,DE-NW,51.2895,6.7668,9842
EDDM,MUC,Munich Airport,Munich,DE-BY,48.3538,11.7861,13123
EDDN,NUE,Nuremberg Airport,Nuremberg,DE-BY,49.4987,11.0781,8858
EDDP,LEJ,Leipzig/Halle Airport,Schkeuditz,DE-SN,51.4207,12.2327,11811
EDDR,SCN,Saarbrücken Airport,Saarbrücken,DE-SL,49.2145,7.1097,6562
EDDS,STR,Stuttgart Airport,Stuttgart,DE-BW,48.6899,9.222,10974
EDDV,HAJ,Hannover Airport,Hannover,DE-NI,52.4611,9.6851,12434
EDDW,BRE,Bremen Airport,Bremen,DE-HB,53.0468,8.7893,8642
EDFB,,Reichelsheim Airfield,Reichelsheim,DE-HE,50.338,8.879,4265
EDFE,,Frankfurt-Egelsbach Airport,Egelsbach,DE-HE,49.96,8.643,4593
EDFH,HHN,Frankfurt-Hahn Airport,Frankfurt am Main (Lautzenhausen),DE-RP,49.9464,7.2617,12467
EDFQ,,Allendorf-Eder Airfield,Allendorf (Eder),DE-HE,51.0353,8.681,4068
EDGE,EIB,Eisenach-Kindel Airport,Hörselberg-Hainich,DE-TH,50.9916,10.4797,5643
EDGS,SGE,Siegerland Airport,Burbach,DE-NW,50.7077,8.083,5315
EDHI,XFW,Hamburg-Finkenwerder Airport,Hamburg,DE-HH,53.5353,9.8356,8629
EDHK,KEL,Kiel-Holtenau Airport,Kiel,DE-SH,54.3796,10.1453,4134
EDHL,LBC,Lübeck Blankensee Airport,Lübeck,DE-SH,53.8054,10.7192,6896
EDJA,FMM,Memmingen Allgau Airport,Memmingen,DE-BY,47.9881,10.2382,8629
EDKA,AAH,Aachen-Merzbrück Airport,Aachen,DE-NW,50.8231,6.1864,3805
EDKV,,Dahlemer Binz Airfield,Dahlhem,DE-NW,50.4061,6.5303,3510
EDKZ,,Meinerzhagen Airfield,Meinerzhagen,DE-NW,51.0994,7.5969,3839
EDLD,,Dinslaken-Schwarze Heide Airfield,Hünxe,DE-NW,51.616,6.8613,4921
EDLE,ESS,Essen-Mülheim Airport,Essen,DE-NW,51.4023,6.9373,5095
EDLI,BFE,Bielefeld Airport,Bielefeld,DE-NW,51.9647,8.5444,4121
EDLN,MGL,Mönchengladbach Airport,Mönchengladbach,DE-NW,51.2303,6.5044,3937
EDLP,PAD,Paderborn Lippstadt Airport,Büren,DE-NW,51.6125,8.6175,7152
EDLS,,Stadtlohn-Vreden Airfield,Stadtlohn,DE-NW,51.9958,6.8406,4068
EDLV,NRN,Weeze (Niederrhein) Airport,Weeze,DE-NW,51.6014,6.1412,8005
EDLW,DTM,Dortmund Airport,Dortmund,DE-NW,51.5183,7.6122,6562
EDMA,AGB,Augsburg Airport,Augsburg,DE-BY,48.4253,10.9317,5230
EDMB,,Biberach an der Riß Airfield,Warthausen,DE-BW,48.1124,9.764,4314
EDME,,Eggenfelden Airfield,Eggenfelden,DE-BY,48.3961,12.7236,3806
EDMN,,Mindelheim-Mattsies Airfield,Tussenhausen,DE-BY,48.1069,10.525,3770
EDMO,OBF,Oberpfaffenhofen Airport,Weßling,DE-BY,48.0814,11.2831,7500
EDMS,RBM,Straubing Airport,Atting,DE-BY,48.9008,12.5167,4429
EDMV,,Vilshofen Airfield,Vilshofen an der Donau,DE-BY,48.635,13.1956,3734
EDNY,FDH,Bodensee Airport Friedrichshafen,Friedrichshafen,DE-BW,47.6713,9.5115,7729
EDON,,Neuhardenberg Marxwalde Airfield,Neuhardenberg,DE-BR,52.6131,14.2428,7874
EDOV,,Stendal-Borstel Airfield,Stendal,DE-ST,52.6289,11.8186,6552
EDQA,,Bamberg-Breitenau Airfield,Bamberg,DE-BY,49.9204,10.9142,3622
EDQG,GHF,Giebelstadt Airport,Giebelstadt,DE-BY,49.6481,9.9664,6502
EDQM,HOQ,Hof-Plauen Airport,Hof,DE-BY,50.2885,11.8529,4856
EDQT,,Haßfurt-Schweinfurt Airfield,Haßfurt,DE-BY,50.0182,10.5292,3609
EDRB,BBJ,Bitburg Airport,Bitburg,DE-RP,49.9453,6.565,10026
EDRK,,Koblenz-Winningen Airfield,Koblenz,DE-RP,50.3256,7.5286,3855
EDRT,,Trier-Föhren Airfield,Föhren,DE-RP,49.8639,6.7875,3937
EDRY,,Speyer Airfield,Speyer,DE-RP,49.3047,8.4514,5501
EDRZ,ZQW,Zweibrücken Airport,Zweibrücken,DE-RP,49.2094,7.4006,8776
EDSB,FKB,Karlsruhe Baden-Baden Airport,Rheinmünster,DE-BW,48.7794,8.0805,9787
EDSN,,Neuhausen ob Eck Airfield,Neuhausen ob Eck,DE-BW,47.9767,8.9039,4094
EDTD,,Donaueschingen-Villingen Airfield,Donaueschingen,DE-BW,47.9733,8.5222,4232
EDTF,,Freiburg im Breisgau Airfield,Freiburg im Breisgau,DE-BW,48.0228,7.8325,4390
EDTG,,Bremgarten Airfield,Eschbach,DE-BW,47.9032,7.6174,5413
EDTL,LHA,Lahr Airport,Lahr/Schwarzwald,DE-BW,48.3693,7.8277,9842
EDTM,,Mengen-Hohentengen Airfield,Mengen,DE-BW,48.0539,9.3728,5138
EDTY,,Adolf Würth Airport,Schwäbisch Hall,DE-BW,49.1183,9.7839,5053
EDUF,,Falkenberg-Lönnewitz Airfield,Mühlberg,DE-BR,51.5478,13.2281,3937
EDVE,BWE,Braunschweig-Wolfsburg Airport,Braunschweig,DE-NI,52.3192,10.5561,7546
EDVK,KSF,Kassel Airport,Calden,DE-HE,51.4184,9.3916,8202
EDVM,,Hildesheim Airfield,Hildesheim,DE-NI,52.1798,9.9458,4003
EDWE,EME,Emden Airport,Emden,DE-NI,53.3911,7.2275,4265
EDWF,,Flugplatz Leer-Papenburg,Leer,DE-NI,53.2719,7.4417,3937
EDWI,WVN,JadeWeser Airport,Wilhelmshaven,DE-NI,53.5022,8.0522,4787
EDXF,FLF,Flensburg-Schäferhaus Airport,Flensburg,DE-SH,54.7733,9.3789,4003
EDXJ,QHU,Husum-Schwesing Airport,Husum,DE-SH,54.51,9.1383,4757
EDXW,GWT,Westerland Sylt Airport,Sylt,DE-SH,54.9132,8.3405,6955
EEEI,,Ämari Air Base,Keila,EE-37,59.2596,24.2048,6562
EEKA,KDL,Kärdla Airport,Kärdla,EE-39,58.9908,22.8307,4987
EEKE,URE,Kuressaare Airport,Kuressaare,EE-74,58.2299,22.5095,6561
EEPU,EPU,Pärnu Airport,Pärnu,EE-67,58.419,24.4728,6463
HEBR,EES,Berenice International Airport / Banas Cape Air Base,Berenice Troglodytica,EG-BA,23.9804,35.4603,9930
EETN,TLL,Lennart Meri Tallinn Airport,Tallinn,EE-37,59.4132,24.8326,11417
EETU,TAY,Tartu Airport,Tartu,EE-7B,58.3074,26.6865,5905
EFET,ENF,Enontekio Airport,Enontekio,FI-10,68.3626,23.4243,6565
EFHA,KEV,Halli Airport,Jämsä,FI-08,61.856,24.7867,8533
EFHK,HEL,Helsinki Vantaa Airport,Helsinki (Vantaa),FI-18,60.3184,24.9633,11483
EFHN,,Hanko Airfield,Hanko,FI-18,59.8489,23.0836,5249
EFHV,HYV,Hyvinkää Airfield,Hyvinkää,FI-18,60.6544,24.8811,4134
EFIM,,Immola Airfield,Imatra,FI-02,61.2492,28.9037,3609
EFIT,KTQ,Kitee Airport,Kitee,FI-13,62.1661,30.0736,4921
EFIV,IVL,Ivalo Airport,Ivalo,FI-10,68.6073,27.4053,8199
EFJO,JOE,Joensuu Airport,Joensuu,FI-13,62.6588,29.6194,8202
EFJY,JYV,Jyväskylä Airport,Jyväskylän Maalaiskunta,FI-08,62.3995,25.6783,8533
EFKA,KAU,Kauhava Airfield,Kauhava,FI-03,63.1271,23.0514,8858
EFKE,KEM,Kemi-Tornio Airport,Kemi / Tornio,FI-10,65.7787,24.5821,8212
EFKI,KAJ,Kajaani Airport,Kajaani,FI-05,64.2855,27.6924,8199
EFKJ,KHJ,Kauhajoki Airfield,Kauhajoki,FI-03,62.4632,22.3908,3806
EFKK,KOK,Kokkola-Pietarsaari Airport,Kokkola / Kruunupyy,FI-07,63.7212,23.1431,8202
EFKM,,Kemijärvi Airfield,,FI-10,66.7129,27.1568,4593
EFKO,,Kalajoki Airfield,Kalajoki,FI-14,64.2286,23.8264,3937
EFKS,KAO,Kuusamo Airport,Kuusamo,FI-14,65.9876,29.2394,8202
EFKT,KTT,Kittilä International Airport,Kittilä,FI-10,67.701,24.8468,8202
EFKU,KUO,Kuopio Airport,Kuopio / Siilinjärvi,FI-15,63.0071,27.7978,9186
EFLA,,Lahti Vesivehmaa Airfield,Lahti,FI-16,61.1442,25.6935,3937
EFLP,LPP,Lappeenranta Airport,Lappeenranta,FI-02,61.0446,28.1447,8202
EFMA,MHQ,Mariehamn Airport,Mariehamn,FI-01,60.1222,19.8982,6243
EFME,,Menkijärvi Airfield,Alajärvi,FI-03,62.9467,23.5189,3937
EFMI,MIK,Mikkeli Airport,Mikkeli,FI-04,61.6866,27.2018,5584
EFNU,,Nummela Airfield,Vihti / Nummela,FI-18,60.3339,24.2964,3937
EFOU,OUL,Oulu Airport,Oulu / Oulunsalo,FI-14,64.9301,25.3546,8205
EFPI,,Piikajarvi Airfield,Kokemäki,FI-17,61.2456,22.1934,3773
EFPO,POR,Pori Airport,Pori,FI-17,61.4617,21.8,7713
EFPU,,Pudasjärvi Airfield,Pudasjärvi,FI-14,65.4022,26.9469,6528
EFRO,RVN,Rovaniemi Airport,Rovaniemi,FI-10,66.5633,25.8298,9849
EFRU,,Ranua Airfield,,FI-10,65.9731,26.3653,3937
EFSA,SVL,Savonlinna Airport,Savonlinna,FI-04,61.9431,28.9451,7546
EFSE,,Selanpaa Airfield,Kouvola,FI-09,61.0624,26.7989,4344
EFSI,SJY,Seinäjoki Airport,Seinäjoki / Ilmajoki,FI-03,62.6921,22.8323,6562
EFSO,SOT,Sodankyla Airport,Sodankyla,FI-10,67.395,26.6191,4921
EFTP,TMP,Tampere-Pirkkala Airport,Tampere / Pirkkala,FI-11,61.4141,23.6044,8858
EFTU,TKU,Turku Airport,Turku,FI-19,60.5141,22.2628,8202
EFUT,UTI,Utti Air Base,Utti / Valkeala,FI-09,60.8964,26.9384,6562
EFVA,VAA,Vaasa Airport,Vaasa,FI-12,63.0502,21.7625,8727
EFVR,VRK,Varkaus Airport,Varkaus / Joroinen,FI-04,62.1711,27.8686,6562
EFYL,YLI,Ylivieska Airfield,Ylivieska,FI-14,64.0547,24.7253,4921
EG74,,Bruntingthorpe Aerodrome,"Lutterworth, Leicestershire",GB-ENG,52.493,-1.1251,9842
EGAA,BFS,Belfast International Airport,Belfast,GB-NIR,54.6575,-6.2158,9121
EGAB,ENK,Enniskillen/St Angelo Airport,"Enniskillen, Fermanagh and Omagh",GB-NIR,54.3983,-7.6512,3996
EGAC,BHD,George Best Belfast City Airport,Belfast,GB-NIR,54.6181,-5.8725,6001
EGAE,LDY,City of Derry Airport,"Derry, Derry and Strabane",GB-NIR,55.0428,-7.1611,6460
EGBB,BHX,Birmingham Airport,"Birmingham, West Midlands",GB-ENG,52.4539,-1.748,10013
EGBF,,Bedford Aerodrome,"Bedford, Bedford",GB-ENG,52.2307,-0.4638,3592
EGBJ,GLO,Gloucestershire Airport,"Staverton, Gloucestershire",GB-ENG,51.8942,-2.1672,4695
EGBK,ORM,Sywell Aerodrome,"Northampton, Northamptonshire",GB-ENG,52.3053,-0.7931,4160
EGBM,,Tatenhill Airfield,"Burton upon Trent, Staffordshire",GB-ENG,52.8143,-1.7679,3904
EGBO,,Wolverhampton Halfpenny Green Airport,"Wolverhampton, Staffordshire",GB-ENG,52.5175,-2.2594,3878
EGBP,GBA,Cotswold Airport,"Cirencester, Gloucestershire",GB-ENG,51.6685,-2.0566,6591
EGBT,,Turweston Aerodrome,Turweston,GB-ENG,52.0408,-1.0956,4120
EGCC,MAN,Manchester Airport,"Manchester, Greater Manchester",GB-ENG,53.3494,-2.2795,10007
EGCK,,Caernarfon Airport,Caernarfon,GB-WLS,53.1018,-4.3376,3534
EGDC,,Royal Marines Base Chivenor,Chivenor,GB-ENG,51.0872,-4.1503,6014
EGDM,,MoD Boscombe Down,"Salisbury, Wiltshire",GB-ENG,51.1522,-1.7474,10538
EGDO,,Predannack Airfield,"Predannack Wollas, Cornwall",GB-ENG,50.0012,-5.2308,5984
EGDR,,RNAS Culdrose,Helston,GB-ENG,50.0861,-5.2557,6006
EGSY,,MOD St Athan,"St Athan, Vale of Glamorgan",GB-WLS,51.4052,-3.4333,5997
EGDY,YEO,RNAS Yeovilton,"Yeovil, Somerset",GB-ENG,51.0094,-2.6388,7580
EGEC,CAL,Campbeltown Airport,Campbeltown,GB-SCT,55.4372,-5.6864,4633
EGEO,OBN,Oban Airport,North Connel,GB-SCT,56.4635,-5.3997,4147
EGET,LWK,Lerwick / Tingwall Airport,"Lerwick, Shetland Islands",GB-SCT,60.1922,-1.2436,5787
EGFD,,Llanbedr Airfield,Llanbedr,GB-WLS,52.8117,-4.1236,7500
EGFE,HAW,Haverfordwest Airport,Haverfordwest,GB-WLS,51.8331,-4.9611,5000
EGFF,CWL,Cardiff International Airport,Cardiff,GB-WLS,51.3967,-3.3433,7723
EGFH,SWS,Swansea Airport,Swansea,GB-WLS,51.6014,-4.071,4429
EGGD,BRS,Bristol Airport,Bristol,GB-ENG,51.3823,-2.7165,6598
EGGP,LPL,Liverpool John Lennon Airport,Liverpool,GB-ENG,53.3349,-2.8496,7497
EGGW,LTN,London Luton Airport,"Luton, Luton",GB-ENG,51.8747,-0.3683,7093
EGHH,BOH,Bournemouth Airport,Bournemouth,GB-ENG,50.7805,-1.8396,7454
EGHI,SOU,Southampton Airport,Southampton,GB-ENG,50.9503,-1.3568,6191
EGHL,,Lasham Airfield,"Alton, Hampshire",GB-ENG,51.1874,-1.0317,5896
EGHQ,NQY,Cornwall Airport Newquay,Newquay,GB-ENG,50.4406,-4.9954,9003
EGJB,GCI,Guernsey Airport,Saint Peter Port,GG-G,49.435,-2.602,5194
EGJJ,JER,Jersey Airport,St. Peter,JE-U-A,49.2079,-2.1955,5594
EGKB,BQH,London Biggin Hill Airport,London,GB-ENG,51.3308,0.0325,5925
EGKK,LGW,London Gatwick Airport,London,GB-ENG,51.1487,-0.1857,10883
EGLC,LCY,London City Airport,London,GB-ENG,51.5053,0.0553,4948
EGLF,FAB,Farnborough Airport,"Farnborough, Hampshire",GB-ENG,51.2758,-0.7763,8005
EGLJ,,Chalgrove Airfield,"Oxford, Oxfordshire",GB-ENG,51.6761,-1.0808,5909
EGLK,BBS,Blackbushe Airport,"Camberley, Surrey",GB-ENG,51.3239,-0.8475,4380
EGLL,LHR,London Heathrow Airport,London,GB-ENG,51.4707,-0.4599,12799
EGMC,SEN,London Southend Airport,"Southend-on-Sea, Essex",GB-ENG,51.5706,0.6936,6089
EGMD,LYX,Lydd London Ashford Airport,"Romney Marsh, Kent",GB-ENG,50.9562,0.9391,4938
EGNC,CAX,Carlisle Lake District Airport,"Carlisle, Cumbria",GB-ENG,54.9375,-2.8092,6000
EGNE,,Retford Gamston Airport,"Retford, Nottinghamshire",GB-ENG,53.2806,-0.9514,3933
EGNH,BLK,Blackpool Airport,Blackpool,GB-ENG,53.7717,-3.0286,6129
EGNJ,HUY,Humberside Airport,"Grimsby, Lincolnshire",GB-ENG,53.5762,-0.3495,7218
EGNM,LBA,Leeds Bradford Airport,"Leeds, West Yorkshire",GB-ENG,53.8659,-1.6606,7381
EGNO,WRT,Warton Aerodrome,Warton,GB-ENG,53.7451,-2.8831,7946
EGNR,CEG,Hawarden Airport,Broughton,GB-WLS,53.1781,-2.9778,6867
EGNS,IOM,Isle of Man Airport,Castletown,IM-U-A,54.0831,-4.6239,6923
EGNT,NCL,Newcastle International Airport,"Newcastle upon Tyne, Tyne and Wear",GB-ENG,55.038,-1.6896,7644
EGNV,MME,Teesside International Airport,"Darlington, Durham",GB-ENG,54.5092,-1.4294,7516
EGNX,EMA,East Midlands Airport,"Nottingham, Leicestershire",GB-ENG,52.8311,-1.3281,9495
EGOQ,,RAF Mona,"Bodffordd, Anglesey",GB-WLS,53.2586,-4.3735,5180
EGOS,,RAF Shawbury,"Shrewsbury, Shropshire",GB-ENG,52.7982,-2.668,6018
EGOV,VLY,Anglesey Airport,Angelsey,GB-WLS,53.2481,-4.5353,7513
EGOW,,RAF Woodvale,"Southport, Sefton",GB-ENG,53.5816,-3.0555,5405
EGPA,KOI,Kirkwall Airport,"Kirkwall, Orkney Islands",GB-SCT,58.9579,-2.9051,4690
EGPB,LSI,Sumburgh Airport,"Lerwick, Shetland",GB-SCT,59.8789,-1.2956,4915
EGPC,WIC,Wick John O'Groats Airport,Wick,GB-SCT,58.4589,-3.0931,6007
EGPD,ABZ,Aberdeen International Airport,Aberdeen,GB-SCT,57.2019,-2.1978,6407
EGPE,INV,Inverness Airport,Inverness,GB-SCT,57.5425,-4.0475,6194
EGPF,GLA,Glasgow Airport,Glasgow,GB-SCT,55.8719,-4.4331,8730
EGPH,EDI,Edinburgh Airport,"Ingliston, Edinburgh",GB-SCT,55.9501,-3.3723,8392
EGPI,ILY,Islay Airport,"Isle of Islay, Argyll and Bute",GB-SCT,55.6827,-6.2575,5098
EGPK,PIK,Glasgow Prestwick Airport,"Prestwick, South Ayrshire",GB-SCT,55.5015,-4.5772,9800
EGPL,BEB,Benbecula Airport,Balivanich,GB-SCT,57.4811,-7.3628,6027
EGPN,DND,Dundee Airport,Dundee,GB-SCT,56.4525,-3.0258,4593
EGPO,SYY,Stornoway Airport,"Stornoway, Western Isles",GB-SCT,58.2156,-6.3311,7218
EGPU,TRE,Tiree Airport,"Balemartine, Argyll and Bute",GB-SCT,56.4992,-6.8692,4600
EGQL,ADX,Leuchars Station Airfield,"Leuchars, Fife",GB-SCT,56.374,-2.8689,8491
EGQS,LMO,RAF Lossiemouth,"Lossiemouth, Moray",GB-SCT,57.7052,-3.3392,9091
EGSC,CBG,Cambridge City Airport,"Cambridge, Cambridgeshire",GB-ENG,52.205,0.175,6444
EGSH,NWI,Norwich Airport,"Norwich, Norfolk",GB-ENG,52.6758,1.2828,6043
EGSS,STN,London Stansted Airport,"London, Essex",GB-ENG,51.885,0.235,10003
EGSU,,Duxford Aerodrome,"Duxford, Cambridgeshire",GB-ENG,52.0908,0.1319,4750
EGSX,,North Weald Airfield,"Epping, Essex",GB-ENG,51.7217,0.1542,6332
EGTC,,Cranfield Airport,"Cranfield, Central Bedfordshire",GB-ENG,52.0722,-0.6167,5902
EGTD,,Dunsfold Aerodrome,"Cranleigh, Surrey",GB-ENG,51.1172,-0.5358,6168
EGTE,EXT,Exeter International Airport,"Exeter, Devon",GB-ENG,50.7343,-3.414,6811
EGTK,OXF,London Oxford Airport,"Kidlington, Oxfordshire",GB-ENG,51.8369,-1.32,5006
EGUB,BEX,RAF Benson,"Wallingford, Oxfordshire",GB-ENG,51.6144,-1.096,5981
EGUD,,RAF Abingdon,"Abingdon, Oxfordshire",GB-ENG,51.6906,-1.3166,5911
EGUL,LKZ,RAF Lakenheath,"Brandon, Suffolk",GB-ENG,52.4095,0.5612,8998
EGUN,MHZ,RAF Mildenhall,"Bury Saint Edmunds, Suffolk",GB-ENG,52.3619,0.4864,9213
EGUW,,Wattisham Airfield,"Ipswich, Suffolk",GB-ENG,52.1275,0.9562,7953
EGVA,FFD,RAF Fairford,"Fairford, Gloucestershire",GB-ENG,51.6836,-1.7892,9994
EGVN,BZZ,RAF Brize Norton,"Carterton, Oxfordshire",GB-ENG,51.75,-1.5836,10007
EGVO,ODH,RAF Odiham,"Hook, Hampshire",GB-ENG,51.2341,-0.9428,6030
EGWC,,RAF Cosford,"Cosford, Shropshire",GB-ENG,52.6405,-2.3053,3890
EGWU,NHT,RAF Northolt,"Northolt, Greater London",GB-ENG,51.553,-0.4182,5545
EGXC,QCY,RAF Coningsby,"Lincoln, Lincolnshire",GB-ENG,53.093,-0.166,9003
EGXE,,RAF Leeming,"Northallerton, North Yorkshire",GB-ENG,54.2972,-1.5389,7516
EGCM,,Leeds East Airport,"Tadcaster, North Yorkshire",GB-ENG,53.8347,-1.1947,6158
EGXH,BEQ,RAF Honington,"Bury Saint Edmunds, Suffolk",GB-ENG,52.3426,0.7729,9012
EGXT,,RAF Wittering,"Peterborough, Cambridgeshire",GB-ENG,52.6126,-0.4765,9052
EGXW,WTN,RAF Waddington,"Lincoln, Lincolnshire",GB-ENG,53.1662,-0.5238,9642
EGXY,,RAF Syerston,"Newark on Trent, Nottinghamshire",GB-ENG,53.0228,-0.9111,5994
EGXZ,,RAF Topcliffe,"Thirsk, North Yorkshire",GB-ENG,54.2041,-1.3803,5948
EGYD,,RAF Cranwell,"Sleaford, Lincolnshire",GB-ENG,53.0273,-0.4931,6831
EGYE,,RAF Barkston Heath,"Grantham, Lincolnshire",GB-ENG,52.9606,-0.5594,5722
EGYM,KNF,RAF Marham,"King's Lynn, Norfolk",GB-ENG,52.6484,0.5507,9131
EGYP,MPN,Mount Pleasant Airport / RAF Mount Pleasant,Mount Pleasant,FK-U-A,-51.8226,-58.4458,8497
EHAM,AMS,Amsterdam Airport Schiphol,Amsterdam,NL-NH,52.3086,4.7639,12467
EHBD,,Kempen Airport Budel,Weert,NL-NB,51.2553,5.6014,3934
EHBK,MST,Maastricht Aachen Airport,Maastricht,NL-LI,50.9111,5.7694,9022
EHEH,EIN,Eindhoven Airport,Eindhoven,NL-NB,51.4501,5.3745,9843
EHGG,GRQ,Groningen Airport Eelde,Groningen,NL-DR,53.1191,6.5777,8202
EHGR,GLZ,Gilze Rijen Air Base,Rijen,NL-NB,51.5674,4.9318,9081
EHKD,DHR,De Kooy Airfield / Den Helder Naval Air Station,Den Helder,NL-NH,52.9234,4.7806,4183
EHLE,LEY,Lelystad Airport,Lelystad,NL-FL,52.4532,5.5146,8858
EHLW,LWR,Leeuwarden Air Base,Leeuwarden,NL-FR,53.2286,5.7606,8045
EHRD,RTM,Rotterdam The Hague Airport,Rotterdam,NL-ZH,51.9569,4.4372,7218
EHTE,,Teuge Airport,Deventer,NL-GE,52.2428,6.05,3934
EHTW,ENS,Twente Airport,Enschede,NL-OV,52.2758,6.8892,9801
EHVK,UDE,Volkel Air Base,Uden,NL-NB,51.6572,5.7078,9931
EHWO,WOE,Woensdrecht Air Base,Hoogerheide,NL-NB,51.4491,4.342,8015
EICK,ORK,Cork International Airport,Cork,IE-CO,51.8413,-8.4911,6998
EIDL,CFN,Donegal Airport,Donegal,IE-DL,55.0442,-8.341,4908
EIDW,DUB,Dublin Airport,Dublin,IE-D,53.4287,-6.2621,10203
EIKN,NOC,Ireland West Airport Knock,Charlestown,IE-MO,53.9104,-8.817,7546
EIKY,KIR,Kerry Airport,Farranfore,IE-KY,52.1809,-9.5238,6562
EIME,,Casement Air Base,Baldonnel,IE-D,53.3017,-6.4513,6001
EINN,SNN,Shannon Airport,Shannon,IE-CE,52.702,-8.9248,10495
EISG,SXL,Sligo Airport,Sligo,IE-SO,54.2802,-8.5992,3517
EIWF,WAT,Waterford Airport,Waterford,IE-WD,52.1872,-7.087,4701
ZBEN,EJN,Ejin Banner Taolai Airport,Ejin Banner,CN-15,42.0155,101.0005,6562
EKAH,AAR,Aarhus Airport,Aarhus,DK-82,56.3033,10.6183,9111
EKBI,BLL,Billund Airport,Billund,DK-83,55.7403,9.157,10172
EKCH,CPH,Copenhagen Kastrup Airport,Copenhagen,DK-84,55.6179,12.656,11811
EKEB,EBJ,Esbjerg Airport,Esbjerg,DK-83,55.5259,8.5534,8527
EKHG,,Herning Airfield,Herning,DK-82,56.1847,9.0444,3934
EKHO,,Lindtorp Airfield,Struer,DK-82,56.3969,8.4441,3935
EKHV,,Haderslev Airfield,Haderslev,DK-83,55.3018,9.5245,3675
EKKA,KRP,Midtjyllands Airport / Air Base Karup,Karup,DK-82,56.2971,9.1043,9816
EKMB,MRW,Lolland Falster Maribo Airport,Rødby,DK-85,54.6994,11.4382,3937
EKOD,ODE,Odense Hans Christian Andersen Airport,Odense,DK-83,55.4753,10.3272,6053
EKPB,,Kruså-Padborg Airfield,Padborg,DK-83,54.8703,9.279,3524
EKRK,RKE,Copenhagen Roskilde Airport,Roskilde,DK-85,55.5856,12.1314,5709
EKRN,RNN,Bornholm Airport,Rønne,DK-84,55.0633,14.7596,6568
EKSB,SGD,Sønderborg Airport,Sønderborg,DK-83,54.9644,9.7917,5895
EKSN,CNL,Sindal Airport,Sindal,DK-81,57.5035,10.2294,3934
EKSP,SKS,Skrydstrup Air Base,Vojens,DK-83,55.221,9.267,9863
EKSV,SQW,Skive Airport,Skive,DK-82,56.5502,9.173,3933
EKTS,TED,Thisted Airport,Thisted,DK-81,57.0688,8.7052,5249
EKVG,FAE,Vágar Airport,Vágar,FO-U-A,62.0633,-7.2758,5905
EKVH,,Vesthimmerland Airfield,Aars,DK-81,56.8466,9.4606,3976
EKVJ,STA,Stauning Vestjylland  Airport,Skjern,DK-82,55.9901,8.3539,4757
EKYT,AAL,Aalborg Airport,Aalborg,DK-81,57.0948,9.8499,8707
ELLX,LUX,Luxembourg-Findel International Airport,Luxembourg,LU-L,49.6268,6.2121,13123
ENAL,AES,Ålesund Airport,Ålesund,NO-15,62.5604,6.1108,7592
ENAN,ANX,"Andøya Airport, Andenes",Andenes,NO-18,69.2952,16.1394,8097
ENAT,ALF,Alta Airport,Alta,NO-56,69.9761,23.3717,7165
ENBN,BNN,"Brønnøysund Airport, Brønnøy",Brønnøy,NO-18,65.4611,12.2175,3937
ENBO,BOO,Bodø Airport,Bodø,NO-18,67.2692,14.3653,9167
ENBR,BGO,"Bergen Airport, Flesland",Bergen,NO-46,60.2934,5.2181,9810
ENCN,KRS,Kristiansand Airport,Kristiansand(Kjevik),NO-42,58.2042,8.0854,6677
ENDI,,Geilo Airport Dagali,Dagali,NO-33,60.4167,8.5128,5905
ENDU,BDU,Bardufoss Airport,Målselv,NO-55,69.0558,18.5404,8015
ENEG,,"Hønefoss Airfield, Eggemoen",Hønefoss,NO-33,60.2147,10.3187,5790
ENEV,EVE,Harstad/Narvik Airport,Evenes,NO-18,68.4913,16.6781,9236
ENFG,,"Fagernes Airport, Leirin",Fagernes,NO-34,61.0156,9.2881,6722
ENFL,FRO,Florø Airport,Florø,NO-46,61.5836,5.0247,4144
ENGK,,"Arendal Airfield, Gullknapp",,NO-42,58.5167,8.7,3674
ENGM,OSL,Oslo-Gardermoen International Airport,Oslo (Gardermoen),NO-32,60.1939,11.1004,11811
ENHD,HAU,"Haugesund Airport, Karmøy",Karmøy,NO-11,59.3453,5.2084,6957
ENKB,KSU,"Kristiansund Airport, Kvernberget",Kvernberget,NO-15,63.1118,7.8245,7841
ENKJ,,"Lillestrøm Airfield, Kjeller",Kjeller,NO-32,59.9691,11.0405,5321
ENKR,KKN,"Kirkenes Airport, Høybuktmoen",Kirkenes,NO-56,69.7258,29.8913,6939
ENLI,,Lista Airport,Farsund,NO-42,58.0995,6.6261,9809
ENML,MOL,"Molde Airport, Årø",Årø,NO-15,62.7447,7.2625,6922
ENNA,LKL,"Lakselv Airport, Banak",Lakselv,NO-56,70.0688,24.9735,9147
ENNO,NTB,Notodden Airport,Notodden,NO-40,59.5651,9.2132,5745
ENOL,OLA,Ørland Airport,Ørland,NO-50,63.6989,9.604,10755
ENOV,HOV,"Ørsta-Volda Airport, Hovden",Ørsta,NO-15,62.18,6.0741,3510
ENRK,,Rakkestad Astorp Airfield,Rakkestad,NO-31,59.3975,11.3469,3543
ENRO,RRS,Røros Airport,Røros,NO-50,62.5784,11.3423,5643
ENRY,,"Moss Airport, Rygge",Oslo,NO-31,59.3788,10.7854,8012
ENSB,LYR,"Svalbard Airport, Longyear",Longyearbyen,NO-21,78.2461,15.4656,7608
ENSN,,Skien Airport,Geiteryggen,NO-40,59.185,9.5669,4596
ENSO,SRP,"Stord Airport, Sørstokken",Leirvik,NO-46,59.7919,5.3408,3937
ENSS,VAW,"Vardø Airport, Svartnes",Vardø,NO-56,70.3554,31.0449,3707
ENST,SSJ,"Sandnessjøen Airport, Stokka",Alstahaug,NO-18,65.9568,12.4689,4619
ENTC,TOS,Tromsø Airport,Tromsø,NO-55,69.6833,18.9189,8041
ENTO,TRF,"Sandefjord Airport, Torp",Sandefjord(Torp),NO-39,59.1867,10.2586,9216
ENVA,TRD,"Trondheim Airport, Værnes",Trondheim,NO-50,63.4578,10.924,9052
ENZV,SVG,"Stavanger Airport, Sola",Stavanger,NO-11,58.8767,5.6378,9369
EPAR,,Arłamów Airfield,Wola Korzeniecka,PL-PK,49.6575,22.5143,3914
EPBC,,Warsaw Babice Airport,Warsaw,PL-MZ,52.2692,20.9072,4265
EPBY,BZG,Ignacy Jan Paderewski Bydgoszcz Airport,Bydgoszcz,PL-KP,53.0968,17.9777,8202
EPCE,,Cewice Naval Air Base,Siemirowice,PL-PM,54.4165,17.7657,8214
EPDE,,Deblin Military Air Base,Dęblin,PL-LU,51.551,21.8923,8202
EPGD,GDN,Gdańsk Lech Wałęsa Airport,Gdańsk,PL-PM,54.3776,18.4662,9186
EPKA,,Kielce-Masłów Airfield,Kielce,PL-SK,50.8967,20.7317,3789
EPKK,KRK,Kraków John Paul II International Airport,Balice,PL-MA,50.0777,19.7848,8366
EPKM,,Katowice-Muchowiec Airfield,Katowice,PL-SL,50.2382,19.0337,3640
EPKN,,Opole-Kamień Śląski Airfield,Kamień Śląski,PL-OP,50.5306,18.0793,3937
EPKR,,Krosno Airfield,Krosno,PL-PK,49.6838,21.741,3608
EPKS,,Krzesiny Military Air Base,Poznań,PL-WP,52.3317,16.9664,8202
EPKT,KTW,Katowice Wojciech Korfanty International Airport,Katowice,PL-SL,50.476,19.0807,10499
EPLB,LUZ,Lublin Airport,Lublin,PL-LU,51.2402,22.7135,8268
EPLK,,Łask Air Base,Łask,PL-LD,51.5517,19.1791,9843
EPLL,LCJ,Łódź Władysław Reymont Airport,Łódź,PL-LD,51.7219,19.3981,8202
EPLY,,Leźnica Wielka Air Base,Leźnica Wielka,PL-LD,52.0049,19.1438,8202
EPMB,,Malbork Królewo Air Base,Królewo,PL-PM,54.0266,19.1357,8202
EPMI,,Miroslawiec Military Air Base,Mirosławiec,PL-ZP,53.3951,16.0828,8202
EPML,,Mielec Airfield,Mielec,PL-PK,50.3223,21.4621,8176
EPMM,,Minsk Mazowiecki Military Air Base,,PL-MZ,52.1955,21.6559,8245
EPMO,WMI,Warsaw Modlin Airport,Nowy Dwór Mazowiecki,PL-MZ,52.4511,20.6518,8202
EPOK,,Oksywie Air Base / Gdynia-Kosakowo Airfield,Kosakowo,PL-PM,54.5797,18.5172,8190
EPPI,,Piła Airfield,Piła,PL-WP,53.1701,16.7111,7876
EPPO,POZ,Poznań-Ławica Airport,Poznań,PL-WP,52.4216,16.8234,8215
EPPR,,Pruszcz Gdański Air Base,Pruszcz Gdański,PL-PM,54.248,18.6716,3825
EPPW,,Powidz Military Air Base,Powidz,PL-WP,52.3801,17.8532,11565
EPRA,RDO,Warsaw Radom Airport,Radom,PL-MZ,51.3894,21.2147,8202
EPRU,,Częstochowa-Rudniki Airport,Rudniki,PL-SL,50.8847,19.2018,6562
EPRZ,RZE,Rzeszów-Jasionka Airport,Jasionka,PL-PK,50.1098,22.0242,10498
EPSC,SZZ,Solidarity Szczecin–Goleniów Airport,Szczecin(Glewice),PL-ZP,53.5847,14.9022,8202
EPSN,,Swidwin Military Air Base,,PL-ZP,53.7906,15.8263,8200
EPSU,,Suwałki Airfield,Suwałki,PL-PD,54.0728,22.8992,4328
EPSL,,Świdnik Airfield,Lublin,PL-LU,51.2319,22.6903,8268
EPSY,SZY,Olsztyn-Mazury Airport,Szymany,PL-WN,53.4819,20.9377,8202
EPTM,,Tomaszów Mazowiecki Military Air Base,Nowy Glinnik,PL-LD,51.5844,20.0978,6560
EPTO,,Toruń Airfield,Toruń,PL-KP,53.0292,18.5459,4163
EPWA,WAW,Warsaw Chopin Airport,Warsaw,PL-MZ,52.1657,20.9671,12106
EPWR,WRO,Copernicus Wrocław Airport,Wrocław,PL-DS,51.1037,16.8821,8212
EPZG,IEG,Zielona Góra-Babimost Airport,Nowe Kramsko,PL-LB,52.1385,15.7986,8202
LETJ,,Trebujena Airfield,Trebujena,ES-AN,36.8589,-6.1392,3937
LESI,,Rosinos de la Requejada Airfield,Santiago de la Requejada,ES-CL,42.0981,-6.5262,3852
LEVY,,Vicente Huerta Airfield,Viver,ES-VC,39.9537,-0.6225,3937
LEDC,,La Cuesta Aerodrome,La Cuesta,ES-CM,38.5309,-2.8325,6372
ESCF,,Malmen Air Base,Linköping,SE-E,58.3977,15.5224,7265
ESCM,,Ärna Air Base,Uppsala,SE-C,59.8973,17.5886,6594
ESDF,RNB,Ronneby Airport,Ronneby,SE-K,56.2667,15.265,7648
ESFR,,Råda Air Base,Råda,SE-Q,58.4981,13.0532,6517
ESGG,GOT,Göteborg Landvetter Airport,Göteborg,SE-Q,57.6628,12.2798,10823
ESGJ,JKG,Jönköping Airport,Jönköping,SE-F,57.7576,14.0687,7228
ESGK,,Falköping Airfield,Falköping,SE-Q,58.1698,13.5878,4318
ESGL,LDK,Lidköping-Hovby Airport,Lidköping,SE-Q,58.4655,13.1744,6529
ESGP,GSE,Säve Airport,Göteborg,SE-Q,57.7747,11.8704,3560
ESGR,KVB,Skövde Airport,Skövde,SE-Q,58.4564,13.9727,5696
ESGT,THN,Trollhättan-Vänersborg Airport,Trollhättan,SE-Q,58.3181,12.345,5610
ESIA,,Karlsborg Air Base,Karlsborg,SE-Q,58.5138,14.5071,7472
ESIB,,Såtenäs Air Base,Såtenäs,SE-Q,58.4264,12.7144,7428
ESKA,,Lunda Airfield,Gimo,SE-C,60.1328,18.1049,5972
ESKK,KSK,Karlskoga Airport,Karlskoga,SE-T,59.3459,14.4959,4919
ESKM,MXX,Mora Airport,Mora,SE-W,60.9579,14.5114,5951
ESKN,NYO,Stockholm Skavsta Airport,Nyköping,SE-D,58.7897,16.9115,9442
ESKS,SCR,Scandinavian Mountains Airport,Malung-Sälen,SE-W,61.1651,12.8335,8202
ESKV,,Arvika Airfield,Arvika,SE-S,59.6759,12.6394,3773
ESMG,,Feringe Airfield,Ljungby,SE-G,56.9503,13.9217,3780
ESMK,KID,Kristianstad Airport,Kristianstad,SE-M,55.9217,14.0855,7267
ESML,,Landskrona Enoch Thulins Airfield,Härslöv,SE-M,55.9461,12.87,3871
ESMO,OSK,Oskarshamn Airport,Oskarshamn,SE-H,57.3505,16.498,4921
ESMQ,KLR,Kalmar Airport,Kalmar,SE-H,56.6855,16.2876,6726
ESMS,MMX,Malmö Sturup Airport,Malmö,SE-M,55.5356,13.3763,9186
ESMT,HAD,Halmstad Airport,Halmstad,SE-N,56.6911,12.8202,7419
ESMV,,Hagshult Air Base,,SE-F,57.2922,14.1368,6726
ESMX,VXO,Växjö Kronoberg Airport,Växjö,SE-G,56.9291,14.728,6900
ESND,EVG,Sveg Airport,Sveg,SE-Z,62.0478,14.4229,5579
ESNG,GEV,Gällivare Airport,Gällivare,SE-BD,67.1324,20.8146,5623
ESNJ,,Jokkmokk Airfield,,SE-BD,66.4962,20.1472,6562
ESNK,KRF,Kramfors-Sollefteå Höga Kusten Airport,Nyland,SE-Y,63.0486,17.7689,6565
ESNL,LYC,Lycksele Airport,Lycksele,SE-AC,64.5483,18.7162,6564
ESNN,SDL,Sundsvall-Härnösand Airport,Sundsvall/ Härnösand,SE-Y,62.5281,17.4439,6857
ESNO,OER,Örnsköldsvik Airport,Örnsköldsvik,SE-Y,63.4083,18.99,6607
ESNQ,KRN,Kiruna Airport,Kiruna,SE-BD,67.822,20.3368,8209
ESNS,SFT,Skellefteå Airport,Skellefteå,SE-AC,64.6248,21.0769,8268
ESNU,UME,Umeå Airport,Umeå,SE-AC,63.7918,20.2828,7551
ESNV,VHM,Vilhelmina South Lapland Airport,Vilhelmina,SE-AC,64.5791,16.8336,4928
ESNX,AJR,Arvidsjaur Airport,Arvidsjaur,SE-BD,65.5903,19.2819,8201
ESNY,SOO,Söderhamn Airport,Söderhamn,SE-X,61.2615,17.0991,8281
ESNZ,OSD,Åre Östersund Airport,Östersund,SE-Z,63.1935,14.5042,8202
ESOE,ORB,Örebro Airport,Örebro,SE-T,59.2237,15.038,10728
ESOH,HFS,Hagfors Airport,Råda,SE-S,60.0201,13.5789,4951
ESOK,KSD,Karlstad Airport,Karlstad,SE-S,59.4447,13.3374,8255
ESOW,VST,Stockholm Västerås Airport,Stockholm / Västerås,SE-U,59.5894,16.6336,8468
ESPA,LLA,Luleå Airport,Luleå,SE-BD,65.5438,22.122,10990
ESPE,,Vidsel Air Base,Vidsel,SE-BD,65.8753,20.1499,7316
ESQO,,Arboga Airfield,,SE-U,59.3866,15.9241,6562
ESSA,ARN,Stockholm-Arlanda Airport,Stockholm,SE-AB,59.6485,17.9288,10830
ESSB,BMA,Stockholm-Bromma Airport,Stockholm,SE-AB,59.3544,17.9417,5472
ESSD,BLE,Dala Airport,Borlange,SE-W,60.422,15.5152,7579
ESSF,HLF,Hultsfred Airport,Hultsfred,SE-H,57.5258,15.8233,6383
ESSL,LPI,Linköping City Airport,Linköping,SE-E,58.4049,15.6845,7004
ESSP,NRK,Norrköping Airport,Norrköping,SE-E,58.5863,16.2506,7228
ESST,TYF,Torsby Airport,Torsby,SE-S,60.1576,12.9913,5219
ESSU,EKT,Eskilstuna Airport,Eskilstuna,SE-D,59.3511,16.7084,6187
ESSV,VBY,Visby Airport,Visby,SE-I,57.6628,18.3462,6562
ESSW,VVK,Västervik Airport,Västervik,SE-H,57.78,16.5236,3934
ESTA,AGH,Ängelholm-Helsingborg Airport,Ängelholm,SE-M,56.2961,12.8471,6381
ESTL,,Ljungbyhed Airfield,Ljungbyhed,SE-M,56.0828,13.2125,7449
ESUD,SQO,Storuman Airport,Storuman,SE-AC,64.9609,17.6966,7490
ESUE,IDB,Idre Airport,Idre,SE-W,61.8697,12.6894,5100
ESUK,,Kalixfors Airfield,Kiruna,SE-BD,67.7648,20.2572,3949
ESUP,PJA,Pajala Airport,Pajala,SE-BD,67.2446,23.0749,7552
ESUT,HMV,Hemavan Airport,Hemavan,SE-AC,65.8061,15.0828,5254
ETAD,SPM,Spangdahlem Air Base,Trier,DE-RP,49.9765,6.6984,10007
ETAR,RMS,Ramstein Air Base,Ramstein-Miesenbach,DE-RP,49.4369,7.6003,10498
ETHB,,Bückeburg Air Base,Bückeburg,DE-NI,52.2785,9.0822,6010
ETHC,,Celle Army Airfield,Celle,DE-NI,52.5912,10.0221,6007
ETHL,,Laupheim Air Base,Laupheim,DE-BW,48.2203,9.91,5400
EDRE,,Mendig Airfield,Mendig,DE-RP,50.366,7.3153,5342
ETHS,,Faßberg Air Base,Faßberg,DE-NI,52.9194,10.1858,8005
ETMN,FCN,Sea-Airport Cuxhaven/Nordholz / Nordholz Naval Airbase,Wurster Nordseeküste,DE-NI,53.7677,8.6592,8002
ETND,,Diepholz Air Base,Diepholz,DE-NI,52.5856,8.3422,4209
ETNG,GKE,Geilenkirchen Air Base,Geilenkirchen,DE-NW,50.9608,6.0424,10009
ETNH,,Hohn Air Base,Hohn,DE-SH,54.3122,9.5382,8005
ETNL,RLG,Rostock-Laage Airport,Laage,DE-MV,53.9182,12.2783,8202
ETNN,,Nörvenich Air Base,Nörvenich,DE-NW,50.8312,6.6582,8003
ETNS,WBG,Schleswig Air Base,Jagel,DE-SH,54.4593,9.5163,8003
ETNT,,Wittmundhafen Air Base,Wittmund,DE-NI,53.5478,7.6673,8005
ETNW,,Wunstorf Air Base,,DE-NI,52.4573,9.4272,8199
ETOI,,Vilseck Army Air Field,Vilseck,DE-BY,49.6341,11.7675,3500
ETOU,WIE,Wiesbaden Army Airfield,Wiesbaden,DE-HE,50.0498,8.3254,7065
ETSB,,Büchel Air Base,Alflen,DE-RP,50.1738,7.0633,8225
ETSH,,Holzdorf Air Base,Holzdorf,DE-BR,51.7678,13.1677,7936
ETSI,IGS,Ingolstadt Manching Airport,Manching,DE-BY,48.7157,11.534,9646
ETSL,,Lechfeld Air Base,Graben,DE-BY,48.1855,10.8612,8012
ETSN,,Neuburg Air Base,Neuburg an der Donau,DE-BY,48.711,11.2115,8005
EVGA,,Lielvarde Air Base,Lielvarde,LV-067,56.7783,24.8539,8202
EVLA,LPX,Liepāja International Airport,Liepāja,LV-112,56.5175,21.0969,6568
EVRA,RIX,Riga International Airport,Riga,LV-062,56.9208,23.9707,10499
EVJA,,Jūrmala Airport,Tukums,LV-099,56.9422,23.2239,8197
EVVA,VNT,Ventspils International Airport,Ventspils,LV-VEN,57.3578,21.5442,4259
EYKA,KUN,Kaunas International Airport,Kaunas,LT-KU,54.964,24.0858,10663
EYKD,,Kėdainiai Air Base,Kėdainiai,LT-KU,55.3117,23.9564,6562
EYPA,PLQ,Palanga International Airport,Palanga,LT-KL,55.9732,21.0939,7480
EYPP,PNV,Panevėžys Air Base,Panevėžys,LT-PN,55.7294,24.4608,6562
EYSA,SQQ,Šiauliai International Airport,Šiauliai,LT-SA,55.8939,23.395,11483
EYVI,VNO,Vilnius International Airport,Vilnius,LT-VL,54.6341,25.2858,8251
FA36,,White Farms Airport,Chiefland,US-FL,29.5127,-82.8748,3909
FA37,,Wing South Airpark,Naples,US-FL,26.1165,-81.7023,4400
FA40,,Hidden Lake Airport,New Port Richey,US-FL,28.2825,-82.6457,4425
FA54,,Coral Creek Airport,Placida,US-FL,26.8545,-82.2512,6000
FAAB,ALJ,Alexander Bay Airport,Alexander Bay,ZA-NC,-28.575,16.5333,6063
FAAG,AGZ,Aggeneys Airport,Aggeneys,ZA-NC,-29.2818,18.8139,6824
FAAL,ADY,Alldays Airport,Alldays,ZA-NP,-22.679,29.0555,4757
FABB,,Brakpan Airport,Brakpan,ZA-GT,-26.2386,28.3018,5902
FABE,BIY,Bisho Airport,Bisho,ZA-EC,-32.8971,27.2791,8202
FABL,BFN,Bram Fischer International Airport,Bloemfontein,ZA-FS,-29.0927,26.3024,8396
FABM,,Bethlehem Airport,Bethlehem,ZA-FS,-28.2484,28.3361,3855
FABO,,Hendrik Potgieter Airport,Bothaville,ZA-FS,-27.3668,26.6292,4003
FACT,CPT,Cape Town International Airport,Cape Town,ZA-WC,-33.974,18.6043,10502
FACV,,Calvinia Airport,Calvinia,ZA-NC,-31.5003,19.7259,4101
FADK,DUK,Mubatuba Airport,Mubatuba,ZA-NL,-28.3684,32.2481,4003
FADY,,De Aar Military Airport,De Aar,ZA-NC,-30.6365,23.9197,7480
FAEL,ELS,King Phalo Airport,East London,ZA-EC,-33.0356,27.8259,6362
FAEO,,Ermelo Airport,Ermelo,ZA-MP,-26.4956,29.9798,5085
FAFB,FCB,Ficksburg Sentraoes Airport,Ficksburg,ZA-FS,-28.8231,27.9089,4593
FAGC,GCJ,Grand Central Airport,Midrand,ZA-GT,-25.9863,28.1401,6004
FAGG,GRJ,George Airport,George,ZA-WC,-34.0056,22.3789,6562
FAGM,QRA,Rand Airport,Johannesburg,ZA-GT,-26.2425,28.1512,5617
FAGR,,Graaff Reinet Airport,Graaff-Reinet,ZA-EC,-32.1936,24.5414,4921
FAGT,,Grahamstown Airport,Grahamstown,ZA-EC,-33.2847,26.4981,3937
FAGY,,Greytown Airport,Greytown,ZA-NL,-29.122,30.5867,5328
FAHA,,Harmony Airport,Virginia,ZA-FS,-28.0787,26.8612,3809
FAHG,,Heidelburg Airport,Heidelburg,ZA-GT,-26.51,28.39,3923
FAHR,HRS,Harrismith Airport,Harrismith,ZA-FS,-28.2351,29.1062,3937
FAHS,HDS,Eastgate Airport / Air Force Base Hoedspruit,Hoedspruit,ZA-NP,-24.3619,31.0529,13094
FAHV,,Gariep Dam Airport,Gariepdam,ZA-FS,-30.5621,25.5293,4298
FAKD,KXE,P C Pelser Airport,Klerksdorp,ZA-NW,-26.8711,26.718,4921
FAKM,KIM,Kimberley Airport,Kimberley,ZA-NC,-28.8054,24.7649,9843
FAKN,MQP,Kruger Mpumalanga International Airport,Mbombela,ZA-MP,-25.3833,31.1053,10171
FAKP,KOF,Komatipoort Airport,Komatipoort,ZA-MP,-25.4403,31.93,4265
FAKS,,Kroonstad Airport,Kroonstad,ZA-FS,-27.6606,27.3158,5824
FAKU,KMH,Johan Pienaar Airport,Kuruman,ZA-NC,-27.4566,23.4119,5578
FAKZ,KLZ,Kleinsee Airport,Kleinsee,ZA-NC,-29.6884,17.094,4921
FALA,HLA,Lanseria International Airport,Johannesburg,ZA-GT,-25.939,27.9266,9996
FALC,LMR,Lime Acres Finsch Mine Airport,Lime Acres,ZA-NC,-28.3601,23.4391,5249
FALE,DUR,King Shaka International Airport,Durban,ZA-NL,-29.6144,31.1197,12139
FALI,,Lichtenburg Airport,Lichtenburg,ZA-NW,-26.1757,26.1846,4154
FALM,,Makhado Air Force Base Airport,Louis Trichardt Southwest,ZA-NP,-23.1599,29.6965,13189
FALO,LCD,Louis Trichardt Airport,Louis Trichardt,ZA-NP,-23.0619,29.8647,3937
FALW,SDB,Langebaanweg Airport,Langebaanweg,ZA-WC,-32.9689,18.1603,7689
FALY,LAY,Ladysmith Airport,Ladysmith,ZA-NL,-28.5817,29.7497,3937
FAMB,,Middelburg Airport,Middelburg,ZA-MP,-25.6848,29.4402,5905
FAMD,AAM,Malamala Airport,Malamala,ZA-MP,-24.8169,31.5441,4145
FAMG,MGH,Margate Airport,Margate,ZA-NL,-30.8574,30.343,4495
FAMJ,,Majuba Power Station Airport,Amerspoort,ZA-MP,-27.0793,29.7785,4921
FAMM,MBD,Mmabatho International Airport,Mafeking,ZA-NW,-25.7984,25.548,15157
FAMN,LLE,Malelane Airport,Malelane,ZA-MP,-25.4736,31.5659,4101
FAMO,MZY,Mossel Bay Airport,Mossel Bay,ZA-WC,-34.1587,22.0557,3757
FAMS,,Morningside Farm Airport,Silveroaks,ZA-NW,-25.7045,26.909,5046
FAMU,MZQ,Mkuze Airport,Mkuze,ZA-NL,-27.6261,32.0443,6070
FANC,NCS,Newcastle Airport,Newcastle,ZA-NL,-27.7706,29.9769,4921
FANY,,Nylstroom Airfield,Modimolle,ZA-NP,-24.6861,28.4349,3970
FAOB,OVG,Overberg Airport,Overberg,ZA-WC,-34.5635,20.2524,10220
FAOH,OUH,Oudtshoorn Airport,Oudtshoorn,ZA-WC,-33.607,22.189,5577
FAOR,JNB,O.R. Tambo International Airport,Johannesburg,ZA-GT,-26.1401,28.2468,14495
FAPE,PLZ,Chief Dawid Stuurman International Airport,Gqeberha (Port Elizabeth),ZA-EC,-33.9897,25.6174,7087
FAPG,PBZ,Plettenberg Bay Airport,Plettenberg Bay,ZA-WC,-34.0882,23.3287,4003
FAPH,PHW,Hendrik Van Eck Airport,Phalaborwa,ZA-NP,-23.9372,31.1554,4491
FAPI,,Pietersburg Municipal Airport,Polokwane,ZA-NP,-23.9261,29.4844,7218
FAPJ,JOH,Port St Johns Airport,Port St Johns,ZA-EC,-31.6061,29.5218,3610
FAPM,PZB,Pietermaritzburg Airport,Pietermaritzburg,ZA-NL,-29.649,30.3987,5043
FAPN,NTY,Pilanesberg International Airport,Pilanesberg,ZA-NW,-25.3338,27.1734,9022
FAPP,PTG,Polokwane International Airport,Polokwane,ZA-NP,-23.8453,29.4586,8400
FAPS,PCF,Potchefstroom Airport,Potchefstroom,ZA-NW,-26.671,27.0819,4885
FAPT,,Posmasburg Soil Airport,Postmasburg,ZA-NC,-28.3386,23.0797,3600
FAPY,,Parys Airport,Parys,ZA-FS,-26.8893,27.5034,4406
FAQT,UTW,Queenstown Airport,Queenstown,ZA-EC,-31.9202,26.8822,3937
FARB,RCB,Richards Bay Airport,Richards Bay,ZA-NL,-28.741,32.0921,4265
FARG,,Rustenburg Airport,Rustenburg,ZA-NW,-25.6443,27.2711,4019
FARS,ROD,Robertson Airport,Robertson,ZA-WC,-33.8122,19.9028,4921
FASB,SBU,Springbok Airport,Springbok,ZA-NC,-29.6893,17.9396,5213
FASC,ZEC,Secunda Airport,Secunda,ZA-MP,-26.5241,29.1701,3609
FASD,,Saldanha/Vredenburg Airport,Saldanha-Vredenburg,ZA-WC,-32.9641,17.9693,4665
FASE,GSS,Sabi Sabi Airport,Belfast,ZA-MP,-24.9474,31.4488,4921
FASI,,Springs Airfield,Del Fouche,ZA-GT,-26.2494,28.3983,5249
FASK,,Swartkop Air Force Base,Pretoria,ZA-GT,-25.8097,28.1646,6520
FASS,SIS,Sishen Airport,Sishen,ZA-NC,-27.6486,22.9993,5709
FASZ,SZK,Skukuza Airport,Skukuza,ZA-MP,-24.9609,31.5886,5085
FATA,,Tedderfield Air Park,Tedderfield,ZA-GT,-26.352,27.9682,3655
FATF,,Tommys Field Airport,Beeshoek,ZA-NC,-28.26,22.9932,4920
FATT,,Tutuka Power Station Airport,Standerton,ZA-MP,-26.7751,29.3375,4941
FATZ,LTA,Tzaneen Airport,Tzaneen,ZA-NP,-23.8244,30.3293,4659
FAUL,ULD,Prince Mangosuthu Buthelezi Airport,Ulundi,ZA-NL,-28.3206,31.4165,5381
FAUP,UTN,Upington Airport,Upington,ZA-NC,-28.4002,21.2636,16076
FAUS,ULX,Ulusaba Airport,Ulusaba,ZA-NP,-24.7854,31.3549,4440
FAUT,UTT,K. D. Matanzima Airport,Mthatha,ZA-EC,-31.5464,28.6734,8530
FAVB,VRU,Vryburg Airport,Vryburg,ZA-NW,-26.9824,24.7288,3937
FAVM,,Venetia Mine Airport,Alldays,ZA-NP,-22.4481,29.3377,5085
FAVV,,Vereeniging Airport,Vereeniging,ZA-GT,-26.5664,27.9608,5266
FAWA,,Warmbaths Airport,Warmbaths,ZA-NP,-24.91,28.3,3937
FAWB,PRY,Wonderboom Airport,Pretoria,ZA-GT,-25.6539,28.2242,5998
FAWI,,Witbank Airport,Witbank,ZA-MP,-25.8323,29.192,4134
FAWK,WKF,Waterkloof Air Force Base,Pretoria,ZA-GT,-25.83,28.2225,11001
FAWM,WEL,Welkom Airport,Welkom,ZA-FS,-27.9968,26.6633,6578
FAYP,,Ysterplaat Air Force Base,Cape Town,ZA-WC,-33.9002,18.4983,5200
FAZR,,Zeerust Airport,Zeerust,ZA-NW,-25.599,26.0423,6480
FBPM,FRW,Phillip Gaonwe Matante International Airport,Francistown,BW-FR,-21.1592,27.4688,9843
FBJW,JWA,Jwaneng Airport,Jwaneng,BW-JW,-24.6023,24.691,5495
FBKE,BBK,Kasane International Airport,Kasane,BW-CH,-17.8317,25.1662,6562
FBMN,MUB,Maun International Airport,Maun,BW-NW,-19.9705,23.4314,6562
FBMU,,Mamuno Airport,Mamuno,BW-GH,-22.2681,20.0311,4933
FBSK,GBE,Sir Seretse Khama International Airport,Gaborone,BW-GA,-24.5552,25.9182,13123
FBSN,SXN,Sua Pan Airport,Sowa,BW-ST,-20.5534,26.1158,5381
FBSP,PKW,Selebi Phikwe Airport,Selebi Phikwe,BW-SP,-22.0583,27.8288,5840
FBSW,SWX,Shakawe Airport,Shakawe,BW-NW,-18.3739,21.8326,6102
FBTL,TLD,Tuli Lodge Airport,Tuli Lodge,BW-CE,-22.1919,29.1312,4938
FBPT,,Thebephatshwa Airport,,BW-KW,-24.2211,25.3473,9850
FCBB,BZV,Maya-Maya International Airport,Brazzaville,CG-12,-4.2517,15.253,10827
FCBD,DJM,Djambala Airport,Djambala,CG-14,-2.5169,14.7544,6725
FCOD,OLL,Oyo Ollombo Airport,Oyo,CG-14,-1.2267,15.91,10827
FCOE,EWO,Ewo Airport,Ewo,CG-8,-0.883,14.8,6726
FCOO,FTX,Owando Airport,Owando,CG-8,-0.5246,15.9378,5905
FCOU,OUE,Ouesso Airport,,CG-13,1.616,16.0379,6726
FCPD,DIS,Ngot Nzoungou Airport,Dolisie,CG-9,-4.2063,12.6599,6725
FCPP,PNR,Antonio Agostinho-Neto International Airport,Pointe Noire,CG-5,-4.816,11.8866,8530
FD22,,Melrose Landing Airport,Hawthorne,US-FL,29.667,-81.9527,4600
FD38,,Wellington Aero Club Airport,West Palm Beach,US-FL,26.6465,-80.2942,4055
FD48,,Deep Forest Airport,Jacksonville,US-FL,30.2419,-81.4498,6425
FDMS,MTS,Matsapha International Airport,Manzini,SZ-MA,-26.5289,31.3076,8530
FDSK,SHO,King Mswati III International Airport,Mpaka,SZ-LU,-26.3586,31.7169,11811
FEFF,BGF,Bangui M'Poko International Airport,Bangui,CF-MP,4.3985,18.5188,8530
FEFT,BBT,Berbérati Airport,Berbérati,CF-HS,4.2216,15.7864,5446
FGAN,NBN,Annobón Airport,San Antonio de Palé,GQ-AN,-1.4086,5.6242,6177
FGBT,BSG,Bata International Airport,Bata,GQ-LI,1.9055,9.8057,10860
FGMY,GEM,President Obiang Nguema International Airport,Mengomeyén,GQ-WN,1.6764,11.0249,9843
FGSL,SSG,Malabo International Airport,Malabo,GQ-BN,3.7553,8.7087,9647
FHAW,ASI,RAF Ascension Island,Cat Hill,SH-AC,-7.9702,-14.3927,10019
FHSH,HLE,Saint Helena International Airport,Jamestown,SH-SH,-15.9589,-5.6461,6398
FIMP,MRU,Sir Seewoosagur Ramgoolam International Airport,Plaine Magnien,MU-GP,-20.4302,57.6836,11056
FIMR,RRG,Sir Charles Gaetan Duval Airport,Port Mathurin,MU-RO,-19.7567,63.3593,4223
FJDG,NKW,Naval Support Facility Diego Garcia,Diego Garcia,IO-U-A,-7.3133,72.4111,12003
FKKC,TKC,Tiko Airport,Tiko,CM-SW,4.0892,9.3605,4512
FKKD,DLA,Douala International Airport,Douala,CM-LT,4.0061,9.7195,9350
FKKL,MVR,Salak Airport,Maroua,CM-EN,10.4514,14.2574,6890
FKKM,FOM,Foumban Nkounja Airport,Foumban,CM-OU,5.6369,10.7508,6889
FKKN,NGE,N'Gaoundéré Airport,N'Gaoundéré,CM-AD,7.357,13.5592,8858
FKKR,GOU,Garoua International Airport,Garoua,CM-NO,9.3348,13.3721,11032
FKKU,BFX,Bafoussam Airport,Bafoussam,CM-OU,5.5369,10.3546,8203
FKKV,BPC,Bamenda Airport,Bamenda,CM-NW,6.0392,10.1226,8202
FKKY,YAO,Yaoundé Ville Airport,Yaoundé,CM-CE,3.836,11.5235,6519
FKYS,NSI,Yaoundé Nsimalen International Airport,Yaoundé,CM-CE,3.7226,11.5533,11155
FL34,,Eglin Test Site B6 Airport,Valparaiso,US-FL,30.6319,-86.7472,4629
FL41,,Okeelanta Airport,South Bay,US-FL,26.5812,-80.7559,3700
FL59,,Buckingham Field,Fort Myers,US-FL,26.6434,-81.7104,4416
FL60,,Reynolds Airpark,Green Cove Springs,US-FL,29.9725,-81.6609,5000
FLKE,CGJ,Kasompe Airport,Chingola,ZM-08,-12.5728,27.8939,4698
FLLC,,Lusaka City Airport,Lusaka,ZM-09,-15.4138,28.3307,6594
FLHN,LVI,Harry Mwanga Nkumbula International Airport,Livingstone,ZM-07,-17.8215,25.8196,9843
FLKK,LUN,Kenneth Kaunda International Airport,Lusaka,ZM-09,-15.3308,28.4527,12998
FLMF,MFU,Mfuwe International Airport,Mfuwe,ZM-03,-13.2589,31.9366,7349
FLMG,MNR,Mongu Airport,Mongu,ZM-01,-15.2545,23.1623,4800
FLND,,Peter Zuze Air Force Base,Ndola,ZM-08,-12.9972,28.6639,8250
FLSK,NLA,Simon Mwansa Kapwepwe International Airport,Ndola,ZM-08,-12.9651,28.5156,11483
FLSO,KIW,Southdowns Airport,Kitwe,ZM-08,-12.9005,28.1499,6562
FLSW,SLI,Solwesi Airport,Solwesi,ZM-06,-12.1737,26.3651,8858
FMNK,,Antsiranana Andrakaka Airport,,MG-D,-12.2561,49.2542,8211
FMCH,HAH,Prince Said Ibrahim International Airport,Moroni,KM-G,-11.5337,43.2719,9514
FMCI,NWA,Mohéli Bandar Es Eslam Airport,Fomboni,KM-M,-12.2981,43.7665,4265
FMCV,AJN,Ouani Airport,Ouani,KM-A,-12.131,44.43,4429
FMCZ,DZA,Dzaoudzi Pamandzi International Airport,Dzaoudzi,YT-U-A,-12.8093,45.2818,6330
FMEE,RUN,Roland Garros Airport,Sainte-Marie,RE-SD,-20.8901,55.5189,10499
FMEP,ZSE,Saint-Pierre Pierrefonds Airport,Saint-Pierre,RE-SR,-21.3194,55.4225,7000
FMMA,,Antananarivo Arivonimamo Airport,Arivonimamo,MG-T,-19.029,47.1718,8237
FMME,ATJ,Antsirabe Airport,Antsirabe,MG-T,-19.8392,47.0637,4921
FMMI,TNR,Ivato International Airport,Antananarivo,MG-T,-18.7969,47.4788,10171
FMMN,ZVA,Miandrivazo Airport,Miandrivazo,MG-U,-19.5628,45.4508,3609
FMMT,TMM,Toamasina Ambalamanasy Airport,Toamasina,MG-A,-18.1135,49.3923,7218
FMMV,MOQ,Morondava Airport,Morondava,MG-U,-20.2847,44.3176,4921
FMNA,DIE,Arrachart Airport,Antisiranana,MG-D,-12.3494,49.2917,4921
FMNC,WMR,Mananara Nord Airport,Mananara Nord,MG-A,-16.1639,49.7738,4101
FMND,ZWA,Andapa Airport,,MG-D,-14.6517,49.6206,4153
FMNE,AMB,Ambilobe Airport,,MG-D,-13.1884,48.988,4921
FMNH,ANM,Antsirabe Airport,Antsirabe,MG-D,-14.9994,50.3202,3914
FMNM,MJN,Amborovy Airport,Mahajanga,MG-M,-15.6668,46.3512,7218
FMNN,NOS,Nosy Be International Airport,Nosy Be,MG-D,-13.3121,48.3148,7185
FMNQ,BPY,Besalampy Airport,Besalampy,MG-M,-16.7445,44.4825,4046
FMNR,WMN,Maroantsetra Airport,Maroantsetra,MG-A,-15.4377,49.6891,4265
FMNS,SVB,Sambava Airport,Sambava,MG-D,-14.2786,50.1747,4577
FMNV,VOH,Vohemar Airport,Vohemar,MG-D,-13.3758,50.0028,4236
FMNW,WAI,Ambalabe Airport,Antsohihy,MG-M,-14.8988,47.9939,4921
FMNZ,IVA,Ampampamena Airport,,MG-D,-13.4848,48.6327,4450
FMSD,FTU,Tôlanaro Airport,Tôlanaro,MG-U,-25.0381,46.9561,5280
FMSF,WFI,Fianarantsoa Airport,Fianarantsoa,MG-F,-21.4416,47.1117,4101
FMSK,WVK,Manakara Airport,Manakara,MG-F,-22.1197,48.0217,3886
FMSM,MNJ,Mananjary Airport,Mananjary,MG-F,-21.2018,48.3583,4921
FMSR,MXM,Morombe Airport,Morombe,MG-U,-21.7538,43.3748,4265
FMST,TLE,Toliara Airport,Toliara,MG-U,-23.3834,43.7285,6562
FN18,,Matala Airport,Matala,AO-HUI,-14.7275,15.014,8015
FN19,,Cabo Ledo Air Base,Cabo Ledo,AO-LUA,-9.6531,13.2606,9830
FNBC,SSY,Mbanza Congo Airport,Mbanza Congo,AO-ZAI,-6.2699,14.247,5905
FNBG,BUG,Benguela Airport,Benguela,AO-BGU,-12.609,13.4037,5315
FNBJ,NBJ,Dr. Antonio Agostinho Neto International Airport,Luanda (Ícolo e Bengo),AO-LUA,-9.0507,13.4991,13123
FNCA,CAB,Cabinda Airport,Cabinda,AO-CAB,-5.5984,12.1881,8202
FNCT,CBT,Catumbela Airport,Catumbela,AO-BGU,-12.4792,13.4869,12139
FNDU,DUE,Dundo Airport,Chitato,AO-LNO,-7.4009,20.8185,6468
FNGI,VPE,Ngjiva Pereira Airport,Ngiva,AO-CNN,-17.0435,15.6838,10640
FNHU,NOV,Albano Machado Airport,Huambo,AO-HUA,-12.8089,15.7605,8727
FNKU,SVP,Kuito Airport,Kuito,AO-BIE,-12.4046,16.9474,8202
FNLB,LLT,Lobito Airport,Lobito,AO-BGU,-12.3712,13.5366,4920
FNLU,LAD,Quatro de Fevereiro International Airport,Luanda,AO-LUA,-8.8584,13.2312,12190
FNLZ,LZM,Luzamba Airport,Luzamba,AO-LNO,-9.116,18.0493,4915
FNMA,MEG,Malanje Airport,Malanje,AO-MAL,-9.5251,16.3124,7283
FNME,SPP,Menongue Airport,Menongue,AO-CCU,-14.6576,17.7198,11483
FNMO,MSZ,Welwitschia Mirabilis International Airport,Moçâmedes,AO-NAM,-15.2612,12.1468,8202
FNNG,GXG,Negage Airport,Negage,AO-UIG,-7.7545,15.2877,7874
FNSA,VHC,Saurimo Airport,Saurimo,AO-LSU,-9.6891,20.4319,11155
FNSO,SZA,Soyo Airport,Soyo,AO-ZAI,-6.1411,12.3718,5905
FNUB,SDD,Lubango Mukanka International Airport,Lubango,AO-HUI,-14.9248,13.5767,10335
FNUE,LUO,Luena Airport,Luena,AO-MOX,-11.7681,19.8977,7875
FNUG,UGO,Uige Airport,Uige,AO-UIG,-7.6031,15.0278,6562
FNXA,XGN,Xangongo Airport,Xangongo,AO-CNN,-16.7554,14.9653,7400
FNZG,NZA,Nzagi Airport,Nzagi,AO-LNO,-7.7169,21.3582,5906
FOGK,KOU,Koulamoutou Mabimbi Airport,Koulamoutou,GA-7,-1.1846,12.4413,5841
FOGM,MJL,Mouilla Ville Airport,Mouila,GA-4,-1.8451,11.0567,5891
FOGO,OYE,Oyem Airport,Oyem,GA-9,1.5431,11.5814,5906
FOGQ,OKN,Okondja Airport,Okondja,GA-2,-0.6652,13.6731,4921
FOOD,MFF,Moanda Airport,Moanda,GA-2,-1.5266,13.2513,6234
FOOG,POG,Port Gentil International Airport,Port Gentil,GA-8,-0.7117,8.7544,6234
FOOH,OMB,Omboue Hospital Airport,Omboue,GA-8,-1.5747,9.2627,5285
FOOK,MKU,Makokou Airport,Makokou,GA-6,0.5792,12.8909,5892
FOOL,LBV,Libreville Leon M'ba International Airport,Libreville,GA-1,0.459,9.4121,9844
FOON,MVB,M'Vengue El Hadj Omar Bongo Ondimba International Airport,Franceville,GA-2,-1.6562,13.438,10105
FPPR,PCP,Principe Airport,São Tomé & Príncipe,ST-P,1.6612,7.4111,4331
FPST,TMS,São Tomé International Airport,São Tomé,ST-01,0.3782,6.7122,7283
FQBR,BEW,Beira International Airport,Beira,MZ-S,-19.7964,34.9076,7874
FQCH,VPY,Chimoio Airport,Chimoio,MZ-B,-19.1513,33.429,7874
FQIN,INH,Inhambane Airport,Inhambane,MZ-I,-23.8764,35.4085,4921
FQLC,VXC,Lichinga Airport,Lichinga,MZ-A,-13.274,35.2663,8300
FQLU,LFB,Lumbo Airport,Lumbo,MZ-N,-15.0331,40.6717,4921
FQMA,MPM,Maputo Airport,Maputo,MZ-MPM,-25.9208,32.5726,12008
FQMD,MUD,Mueda Airport,Mueda,MZ-P,-11.6729,39.5631,7714
FQMP,MZB,Mocímboa da Praia Airport,Mocímboa da Praia,MZ-P,-11.3618,40.3549,6562
FQMR,,Marrupa Airport,Marrupa,MZ-A,-13.2251,37.5521,5660
FQNC,MNC,Nacala International Airport,Nacala,MZ-N,-14.4882,40.7122,10171
FQNP,APL,Nampula Airport,Nampula,MZ-N,-15.1056,39.2818,6562
FQPB,POL,Pemba Airport,Pemba,MZ-P,-12.9933,40.5249,5905
FQQL,UEL,Quelimane Airport,Quelimane,MZ-Q,-17.8555,36.8691,5905
FQTT,TET,Tete Airport,Tete,MZ-T,-16.1048,33.6402,8225
FQUG,,Ulongwe Airport,Ulongwe,MZ-T,-14.7046,34.3524,5900
FQVL,VNX,Vilankulo Airport,Vilanculo,MZ-I,-22.0184,35.3133,4823
FQXA,VJB,Xai-Xai Chongoene Airport,Xai-Xai,MZ-G,-24.8929,33.753,5906
FSAL,,Alphonse Airport,Alphonse Island,SC-26,-7.0048,52.7262,3983
FSDR,DES,Desroches Airport,Desroches Island,SC-26,-5.6967,53.6558,4531
FSIA,SEZ,Seychelles International Airport,Victoria,SC-20,-4.6743,55.5218,9800
FSPP,PRI,Praslin Island Airport,Praslin Island,SC-14,-4.3193,55.6916,4318
FTTC,AEH,Abeche Airport,Abeche,TD-OD,13.847,20.8443,9186
FTTD,MQQ,Moundou Airport,Moundou,TD-LO,8.6285,16.0742,5906
FTTJ,NDJ,N'Djamena International Airport,N'Djamena,TD-ND,12.1337,15.034,9186
FTTY,FYT,Faya-Largeau Airport,Faya-Largeau,TD-BO,17.9171,19.1111,9186
FV76,,Kwekwe East Airport,Kwekwe,ZW-MI,-19.0108,30.0252,3704
FVGM,,Mhangura Airport,,ZW-MW,-16.9101,30.2423,5108
FVJN,BUQ,Joshua Mqabuko Nkomo International Airport,Bulawayo,ZW-BU,-20.0163,28.6229,8491
FVCN,,Centenary Airport,,ZW-MC,-16.7341,31.122,3569
FVCP,,Charles Prince Airport,Harare,ZW-HA,-17.7516,30.9247,3937
FVCZ,BFO,Buffalo Range Airport,Chiredzi,ZW-MV,-21.0081,31.5786,5785
FVFA,VFA,Victoria Falls International Airport,Victoria Falls,ZW-MN,-18.0974,25.8369,13123
FVRG,HRE,Robert Gabriel Mugabe International Airport,Harare,ZW-HA,-17.9318,31.0928,15502
FVKB,KAB,Kariba Airport,Kariba,ZW-MW,-16.5198,28.885,5413
FVMD,,Mount Darwin Airport,,ZW-MC,-16.7692,31.5598,3650
FVMT,,Mutoko Airport,Mutoko,ZW-ME,-17.4319,32.1845,3609
FVMV,MVZ,Masvingo International Airport,Masvingo,ZW-MV,-20.0553,30.8591,5663
FVOT,,Kotwa Airport,,ZW-ME,-16.9848,32.6727,3642
FVSH,,Zvishavane Airport,Zvishavane,ZW-MI,-20.2895,30.0882,3942
FVTL,GWE,Josiah Tungamirai Air Force Base,Gweru,ZW-MI,-19.4367,29.8619,8766
FVWN,HWN,Hwange National Park Airport,Gwayi River Farms,ZW-MN,-18.6299,27.021,15091
KFWB,,Branson West Airport,Branson West,US-MO,36.6985,-93.4022,5002
FWCL,BLZ,Chileka International Airport,Blantyre,MW-BL,-15.6772,34.9723,7628
FWKA,KGJ,Karonga Airport,Karonga,MW-KR,-9.9536,33.8933,4200
FWKG,KBQ,Kasungu Airport,Kasungu,MW-KS,-13.0146,33.4686,3937
FWKI,LLW,Kamuzu International Airport,Lumbadzi,MW-LI,-13.7894,33.781,11614
FWLE,,Old Lilongwe Airport,Lilongwe,MW-LI,-13.966,33.7018,4462
FWSU,,Nchalo Sucoma Airport,Nchalo,MW-CK,-16.2693,34.8772,4100
FWUU,ZZU,Mzuzu Airport,Mzuzu,MW-MZ,-11.4447,34.0118,4291
FWZA,,Zomba Airport,Zomba,MW-ZO,-15.3863,35.3836,4100
FXMM,MSU,Moshoeshoe I International Airport,Maseru(Mazenod),LS-A,-29.4563,27.5545,10498
FXMU,,Mejametalana Air Base,Foso,LS-A,-29.3028,27.5029,4531
FYAR,ADI,Arandis Airport,Arandis,NA-ER,-22.4619,14.9793,6300
FYEN,,Eenhana Airport,Eenhana,NA-OW,-17.483,16.322,5735
FYGF,GFY,Grootfontein Airport,Grootfontein,NA-OD,-19.6022,18.1227,11680
FYKM,MPA,Katima Mulilo Airport,Mpacha,NA-CA,-17.6343,24.1767,7520
FYKT,KMP,Keetmanshoop Airport,Keetmanshoop,NA-KA,-26.5398,18.1114,7598
FYLZ,LUD,Luderitz Airport,Luderitz,NA-KA,-26.6874,15.2429,6004
FYML,,Mariental Airport,Mariental,NA-HA,-24.6054,17.9254,6562
FYOA,OND,Ondangwa Airport,Ondangwa,NA-ON,-17.8782,15.9526,9800
FYOG,OMD,Oranjemund Airport,Oranjemund,NA-KA,-28.5853,16.4464,5252
FYOS,OHI,Oshakati Airport,Oshakati,NA-ON,-17.797,15.6993,4921
FYRC,,Ruacana Airport,Ruacana,NA-KU,-17.4206,14.3717,7122
FYRU,NDU,Rundu Airport,Rundu,NA-KE,-17.9565,19.7194,11004
FYTF,,Twyfelfontein Airport,Twyfelfontein,NA-KU,-20.5442,14.3588,6550
FYTM,TSB,Tsumeb Airport,Tsumeb,NA-OT,-19.2621,17.7325,4823
FYWB,WVB,Walvis Bay International Airport,Walvis Bay(Rooikop),NA-ER,-22.9793,14.6471,11483
FYWE,ERS,Eros Airport,Windhoek,NA-KH,-22.6049,17.079,7381
FYWH,WDH,Hosea Kutako International Airport,Windhoek,NA-KH,-22.4799,17.4709,15010
FZAA,FIH,Ndjili International Airport,Kinshasa,CD-KN,-4.3857,15.4446,13123
FZAB,NLO,Ndolo Airport,N'dolo,CD-KN,-4.3267,15.3275,5526
FZAG,MNB,Muanda Airport,Muanda,CD-BC,-5.9306,12.3513,4864
FZBO,FDU,Bandundu Airport,Bandundu,CD-KL,-3.3113,17.3817,4528
FZCA,KKW,Kikwit Airport,Kikwit,CD-KL,-5.0358,18.7856,5151
FZEA,MDK,Mbandaka Airport,Mbandaka,CD-EQ,0.0226,18.2887,7223
FZFD,BDT,Gbadolite Airport,Gbadolite,CD-NU,4.2527,20.9753,10499
FZFK,GMA,Gemena Airport,Gemena,CD-SU,3.2354,19.7713,6550
FZIA,,Kisangani Simisini Airport,,CD-TO,0.5175,25.155,7218
FZIC,FKI,Bangoka International Airport,Kisangani,CD-TO,0.4816,25.338,11483
FZJH,IRP,Matari Airport,Isiro,CD-HU,2.8276,27.5883,8202
FZKA,BUX,Bunia Airport,Bunia,CD-IT,1.5657,30.2207,8202
FZKJ,BZU,Buta Zega Airport,Buta,CD-BU,2.8181,24.794,6890
FZMA,BKY,Bukavu Kavumu Airport,Kamakombe,CD-SK,-2.309,28.8088,6562
FZNA,GOM,Goma International Airport,Goma,CD-NK,-1.6668,29.238,9695
FZNP,BNC,Beni Airport,Beni,CD-NK,0.575,29.4739,6600
FZOA,KND,Kindu Airport,Kindu,CD-MA,-2.9192,25.9154,7218
FZQA,FBM,Lubumbashi International Airport,Lubumbashi,CD-HK,-11.5915,27.5308,10623
FZQM,KWZ,Kolwezi Airport,Kolwezi,CD-LU,-10.7659,25.5057,5741
FZRF,FMI,Kalemie Airport,Kalemie,CD-TA,-5.8756,29.25,5741
FZSA,,Kamina Air Base,Lumwe,CD-HL,-8.642,25.2529,8858
FZUA,KGA,Kananga Airport,Kananga,CD-KC,-5.9001,22.4692,7218
FZVO,,Bena-Dibele Airport,Bena-Dibele,CD-SA,-4.0726,22.8411,6582
FZWA,MJM,Mbuji Mayi Airport,Mbuji Mayi,CD-KE,-6.1212,23.569,6558
FOGX,GAX,Gamba Airport,Gamba,GA-8,-2.7853,10.0472,5906
GA14,,Pinebloom Plantation Airport,Albany,US-GA,31.403,-84.3227,5600
GABS,BKO,Modibo Keita International Airport,Bamako,ML-2,12.5335,-7.9499,10498
GAGO,GAQ,Gao International Airport,Gao,ML-7,16.2485,-0.0054,8202
GAKD,KYS,Kayes Dag Dag Airport,Kayes,ML-1,14.4825,-11.3993,8858
GAMB,MZI,Mopti Airport,Sévaré,ML-5,14.5128,-4.0796,8340
GASO,KSS,Sikasso (Dignangan) Airport,Sikasso,ML-3,11.5984,-5.7989,5255
GATB,TOM,Tombouktou Airport,Timbuktu,ML-7,16.7305,-3.0076,6923
GATS,,Tessalit Airport,,ML-7,20.243,0.9773,8201
EGTN,,Enstone Aerodrome,"Chipping Norton, Oxfordshire",GB-ENG,51.9282,-1.4285,3608
GB-0179,,Wombleton Airfield,"York, North Yorkshire",GB-ENG,54.2311,-0.9747,3700
GB-0420,,Tibenham Airfield,"Tibenham, Norfolk",GB-ENG,52.4559,1.1561,5249
EGYJ,,Rufforth West Airfield,"York, North Yorkshire",GB-ENG,53.9471,-1.1872,4142
GBYD,BJL,Banjul International Airport,Banjul (Yundum),GM-W,13.338,-16.6522,11811
GCFV,FUE,Fuerteventura Airport,El Matorral,ES-CN,28.4527,-13.8638,11220
GCGM,GMZ,La Gomera Airport,"Alajero, La Gomera Island",ES-CN,28.0296,-17.2146,4921
GCHI,VDE,El Hierro Airport,El Hierro Island,ES-CN,27.8148,-17.8871,4101
GCLA,SPC,La Palma Airport,"Sta Cruz de la Palma, La Palma Island",ES-CN,28.6265,-17.7556,7218
GCLP,LPA,Gran Canaria Airport,Gran Canaria Island,ES-CN,27.9319,-15.3866,10171
GCRR,ACE,César Manrique-Lanzarote Airport,San Bartolomé,ES-CN,28.9455,-13.6052,7874
GCTS,TFS,Tenerife Sur Airport,Tenerife,ES-CN,28.0445,-16.5725,10499
GCXO,TFN,Tenerife Norte-Ciudad de La Laguna Airport,Tenerife,ES-CN,28.4828,-16.3417,10404
GE99,,Heaven's Landing Airport,Clayton,US-GA,34.9144,-83.4597,5062
GEML,MLN,Melilla Airport,Melilla,ES-ML,35.2798,-2.9563,4701
SOOK,,Kourou Airport,Kourou,GF-CY,5.176,-52.6942,3630
GFLL,FNA,Lungi International Airport,Freetown (Lungi-Town),SL-N,8.6164,-13.1955,10498
GG64,,Quebo Airport,Quebo,GW-TO,11.5369,-14.7619,3958
GGCF,,Cufar Airport,Cufar,GW-TO,11.2879,-15.1805,6231
GGOV,OXB,Osvaldo Vieira International Airport,Bissau,GW-BS,11.8943,-15.6536,10499
BGQO,JJU,Qaqortoq Airport,Qaqortoq,GL-KU,60.7638,-46.065,4924
GLMR,MLW,Spriggs Payne Airport,Monrovia,LR-MO,6.2891,-10.7587,6000
GLRB,ROB,Roberts International Airport,Monrovia,LR-MG,6.2338,-10.3623,11000
GMAA,,Inezgane Airport,Inezgane,MA-09,30.3814,-9.5463,9547
GMAD,AGA,Al Massira Airport,Agadir (Temsia),MA-09,30.3225,-9.412,10499
GMAT,TTA,Tan Tan Airport,Tan Tan,MA-10,28.4476,-11.1617,6562
GMFB,UAR,Bouarfa Airport,Bouarfa,MA-02,32.5143,-1.9831,10499
GMFF,FEZ,Fes Saïss International Airport,Saïss,MA-03,33.9273,-4.978,10499
GMFI,,Ifran Airport,Ifran,MA-03,33.5053,-5.1529,6920
GMFK,ERH,Moulay Ali Cherif Airport,Errachidia,MA-08,31.9475,-4.3983,10499
GMFM,MEK,Bassatine Airport,Meknes,MA-03,33.8791,-5.5151,9252
GMFO,OUD,Oujda Angads Airport,Ahl Angad,MA-02,34.7896,-1.926,9843
GMMA,SMW,Smara Airport,Smara,EH-U-A,26.732,-11.6837,9843
GMMB,GMD,Ben Slimane Airport,Ben Slimane,MA-06,33.6554,-7.2214,10085
GMMD,BEM,Beni Mellal Airport,Oulad Yaich,MA-05,32.4019,-6.3159,8169
GMME,RBA,Rabat-Salé Airport,Rabat,MA-04,34.0515,-6.7515,11483
GMMH,VIL,Dakhla Airport,Dakhla,EH-U-A,23.7183,-15.932,9842
GMMI,ESU,Essaouira-Mogador Airport,Essaouira,MA-07,31.3975,-9.6817,8553
GMML,EUN,Laayoune Hassan I International Airport,El Aaiún,EH-U-A,27.1425,-13.2249,8861
GMMN,CMN,Mohammed V International Airport,Casablanca,MA-06,33.3675,-7.59,12205
GMMT,,Casablanca Tit Mellil Airport,Casablanca,MA-06,33.5975,-7.465,3687
GMMW,NDR,Nador Al Aaroui International Airport,Al Aaroui,MA-02,34.9888,-3.0282,9842
GMMX,RAK,Marrakesh Menara Airport,Marrakesh,MA-07,31.6048,-8.0358,10170
GMMP,NNA,Kenitra Air Base,Kenitra,MA-04,34.2989,-6.5959,7995
GMMZ,OZZ,Ouarzazate International Airport,Ouarzazate,MA-08,30.9391,-6.9094,9842
GMSL,,Sidi Slimane Airport,Sidi Slimane,MA-04,34.2306,-6.0501,11302
GMTA,AHU,Cherif Al Idrissi Airport,Al Hoceima,MA-01,35.1771,-3.8395,10511
GMTN,TTU,Sania Ramel Airport,Tétouan,MA-01,35.5943,-5.32,10784
GMTT,TNG,Tangier Ibn Battuta Airport,Tangier,MA-01,35.7317,-5.9215,11483
GN-0003,,Loila Airport,Loila,GN-K,10.7849,-8.8689,4642
GOBD,DSS,Blaise Diagne International Airport,Dakar,SN-DK,14.6709,-17.0728,11483
GODK,KDA,Kolda Airport,Kolda,SN-KD,12.8986,-14.9683,4927
GOGG,ZIG,Ziguinchor Airport,Ziguinchor,SN-ZG,12.5556,-16.2833,5069
GOGS,CSK,Cap Skirring Airport,Cap Skirring,SN-ZG,12.3953,-16.748,6573
GOOK,KLC,Kaolack Airport,Kaolack,SN-FK,14.1469,-16.0513,5249
GOOY,DKR,Léopold Sédar Senghor International Airport,Dakar,SN-DK,14.7423,-17.4792,11450
GOSS,XLS,Saint Louis Airport,Saint Louis,SN-SL,16.0498,-16.461,6230
GOTB,BXE,Bakel Airport,Bakel,SN-TC,14.8473,-12.4683,5741
GOTK,KGG,Kédougou Airport,Kédougou,SN-TC,12.5723,-12.2203,5906
GOTT,TUD,Tambacounda Airport,Tambacounda,SN-TC,13.7368,-13.6531,6562
GQNA,AEO,Aioun el Atrouss Airport,Aioun El Atrouss,MR-02,16.7113,-9.6379,5245
GQND,TIY,Tidjikja Airport,Tidjikja,MR-09,18.5701,-11.4235,5249
GQNF,KFA,Kiffa Airport,Kiffa,MR-03,16.59,-11.4062,8202
GQNI,EMN,Néma Airport,Néma,MR-01,16.622,-7.3166,6890
GQNK,KED,Kaédi Airport,Kaédi,MR-04,16.1595,-13.5076,8202
GQNO,NKC,Nouakchott–Oumtounsy International Airport,Nouakchott,MR-NKC,18.31,-15.9697,11155
GQNS,SEY,Sélibaby Airport,Sélibaby,MR-10,15.1797,-12.2073,5249
GQPA,ATR,Atar International Airport,Atar,MR-07,20.5058,-13.0437,9855
GQPP,NDB,Nouadhibou International Airport,Nouadhibou,MR-08,20.9324,-17.0302,7961
GQPT,,Bir Moghrein Airport,Bir Moghrein,MR-11,25.1835,-11.609,7515
GQPZ,OUZ,Tazadit Airport,Zouérate,MR-11,22.7573,-12.4822,8202
LGTL,,(*)Kasteli Hellenic Air Force Base,Kasteli,GR-M,35.1913,25.3266,9875
GUBE,,Beyla Airport,Beyla,GN-N,8.6972,-8.7139,6000
GUCY,CKY,Ahmed Sékou Touré International Airport,Conakry,GN-C,9.5769,-13.612,10826
GUFA,FIG,Fria Airport,Fria,GN-B,10.3506,-13.5692,5249
GUFH,FAA,Faranah Airport,Faranah,GN-F,10.0355,-10.7698,7595
GUKR,,Kawass Airport,Port Kamsar,GN-B,10.6575,-14.5323,5118
GVAC,SID,Amílcar Cabral International Airport,Espargos,CV-B,16.7414,-22.9494,10760
GVBA,BVC,Aristides Pereira International Airport,Rabil,CV-B,16.1365,-22.8889,6890
GVMA,MMO,Maio Airport,Vila do Maio,CV-S,15.1559,-23.2137,3937
GVNP,RAI,Nelson Mandela International Airport,Praia,CV-S,14.9411,-23.4847,6890
GVSN,SNE,Preguiça Airport,Preguiça,CV-B,16.5889,-24.2841,4593
GVSV,VXE,Cesaria Evora International Airport,São Pedro,CV-B,16.8334,-25.0553,6561
GXUD,KNN,Kankan Airport,Kankan,GN-K,10.4484,-9.2288,9843
HAAB,ADD,Addis Ababa Bole International Airport,Addis Ababa,ET-AA,8.9779,38.7993,12467
HAAL,,Lideta Army Airport,Addis Ababa,ET-AA,9.0037,38.7255,3839
HAAM,AMH,Arba Minch Airport,Arba Minch,ET-SN,6.0394,37.5905,9170
HAAX,AXU,Axum Airport,Axum,ET-TI,14.1468,38.7728,7874
HABD,BJR,Bahir Dar Airport,Bahir Dar,ET-AM,11.6081,37.3216,9842
HADD,DEM,Dembidollo Airport,Dembidollo,ET-OR,8.554,34.858,6168
HADR,DIR,Aba Tenna Dejazmach Yilma International Airport,Dire Dawa,ET-DD,9.6235,41.855,8791
HAGM,GMB,Gambela Airport,Gambela,ET-GA,8.1288,34.5631,8248
HAGN,GDQ,Gondar Airport,Azezo,ET-AM,12.5199,37.434,9072
HAGO,GDE,Gode Airport,Gode,ET-SO,5.9351,43.5786,7505
HAHM,QHR,Harar Meda Airport,Debre Zeyit,ET-OR,8.7163,39.0059,5940
HAJJ,JIJ,Gerad Wilwal International Airport,Jijiga,ET-SO,9.3319,42.9118,8202
HABC,BCO,Jinka Airport,Jinka,ET-SN,5.7497,36.5602,8612
HAJM,JIM,Jimma Airport,Jimma,ET-OR,7.6661,36.8166,10236
HAKD,ABK,Kebri Dahar Airport,Kebri Dahar,ET-SO,6.7326,44.2413,8202
HALA,AWA,Hawassa International Airport,Hawassa,ET-XSD,7.1006,38.3965,9843
HALL,LLI,Lalibela Airport,Girany Amba,ET-AM,11.9752,38.9802,7990
HAMK,MQX,Mekele Alula Aba Nega Airport,Mekele,ET-TI,13.4674,39.5335,11811
HASM,SZE,Semera Airport,Semera,ET-AF,11.7875,40.9915,8202
HASO,ASO,Asosa Airport,Asosa,ET-BE,10.0185,34.5863,8218
HBBA,BJM,Bujumbura Melchior Ndadaye International Airport,Bujumbura,BI-BM,-3.324,29.3185,11811
HCMF,BSA,Bender Qassim International Airport,Bosaso,SO-BR,11.2752,49.1392,7874
HCMH,HGA,Egal International Airport,Hargeisa,SO-WO,9.5141,44.0835,12139
HCMI,BBO,Berbera Airport,Berbera,SO-WO,10.385,44.9367,13582
HCMK,KMU,Kismayo Airport,Kismayo,SO-JH,-0.3774,42.4592,12139
HCMM,MGQ,Aden Adde International Airport,Mogadishu,SO-BN,2.0144,45.3047,10446
HCMR,GLK,Galcaio Airport,Galcaio,SO-MU,6.7808,47.4547,9859
HCGR,GGR,Garowe Airport,Garowe,SO-NU,8.4585,48.5681,6562
HDAM,JIB,Djibouti-Ambouli Airport,Djibouti City,DJ-DJ,11.5473,43.1595,10335
HDCH,,Chabelley Airport,Chabelley,DJ-AR,11.5168,43.0614,7795
HDDK,,Dikhil Airport,Dikhil,DJ-DI,11.098,42.3506,5770
HE11,,Badr El Din Airport,,EG-MT,29.8676,27.9466,6562
HE12,,Inshas Air Base,Inshas,EG-SHR,30.3324,31.4481,8646
HE17,,Abu Rahal Well Airport,,EG-BA,24.9987,33.4943,9863
HE18,,Habata Airport,Sidi El Barrani,EG-MT,31.1089,25.4567,9864
HE19,,As Sallum Airport,As Sallum,EG-MT,31.464,25.278,6555
HE20,,Gabal El Zeit Airport,Ras Gharib,EG-BA,27.8346,33.526,7835
HE21,,Ras Shukeir Airport,Ras Gharib,EG-BA,28.1969,33.206,7000
HE23,,Darau Airport,Darau,EG-ASN,24.4149,32.9517,9500
HEMN,EMY,El Minya Airport,El Minya,EG-MN,28.0905,30.7387,9842
HE27,,Osman Air Base,Siwa Oasis,EG-MT,29.5526,25.5846,9840
HE28,,Gebel El Basur Air Base,Markaz Ad Delingat,EG-BH,30.5405,30.5602,10568
HE30,,Kawm Ushim Airport,Tamiya,EG-FYM,29.5431,30.8974,9078
HE31,,Malan Frein Airport,,EG-MT,29.8053,28.5526,5750
HE32,,Al Mansurah Airbase,Mansoura,EG-DK,30.9676,31.4342,9084
HE33,,Meliha Airport,Marsa Matruh,EG-MT,30.732,27.0191,6583
HE34,,Kibrit Airport,Kibrit,EG-IS,30.2469,32.4923,8805
HE35,,Abu Suwayr Air Base,Abu Suwayr,EG-IS,30.5727,32.0953,9752
HE36,RDL,Bardawil International Airport,El Hassana,EG-SIN,30.4107,33.1553,8241
HE37,,Bilbeis Air Base,Bilbeis,EG-SHR,30.3949,31.6014,11480
HE38,,Abu Rish Valley Airport,,EG-BNS,28.9681,31.7016,9886
HE39,,As Salihiyah Airport,El Husseiniya,EG-SHR,30.7952,32.0441,9857
HE40,SQK,Sidi EL Barrani Airport,Sidi El Barrani,EG-MT,31.472,25.8793,9882
HE41,,Misheifa Airport,Sidi El Barrani,EG-MT,31.0324,25.8543,9855
HE42,,Quesna Airport,Quesna,EG-MNF,30.579,31.1292,9054
HEAL,DBB,El Alamein International Airport,El Alamein,EG-MT,30.9243,28.4616,11479
HEAR,AAC,El Arish International Airport,El Arish,EG-SIN,31.0553,33.828,9905
HEAT,ATZ,Asyut International Airport,Asyut,EG-AST,27.046,31.0128,9905
HEAZ,,Almaza Air Force Base,El Nozha,EG-C,30.0917,31.3597,6726
HEAX,HBE,Alexandria International Airport,Alexandria,EG-ALX,30.9325,29.6964,11156
HEBL,ABS,Abu Simbel Airport,Abu Simbel,EG-ASN,22.3759,31.6117,9843
HEBS,,Bani Sweif Air Base,Bani Sweif,EG-BNS,29.2022,31.0135,11565
HECA,CAI,Cairo International Airport,Cairo,EG-C,30.1115,31.3967,13124
HECP,CCE,Capital International Airport,New Cairo,EG-C,30.0647,31.84,11980
HECW,,Cairo West Air Base,Cairo,EG-GZ,30.1164,30.9155,11939
HEDK,DAK,Dakhla Oasis Airport,Dakhla Oases,EG-WAD,25.4112,29.0033,8166
HEGN,HRG,Hurghada International Airport,Hurghada,EG-BA,27.1768,33.7967,13171
HEGO,,El Gouna Private Airport,El Gouna,EG-BA,27.3656,33.6685,5249
HEGR,EGH,El Jora Airport,El Jora,EG-SIN,31.0781,34.1531,7874
HEGS,,Jiyanklis Air Base,Abu El Matamir,EG-BH,30.8198,30.1912,9473
HEIS,,Al Ismailiyya Air Base,Al Ismailiyya,EG-IS,30.598,32.2357,10555
HEKG,UVL,El Kharja Airport,Kharja Oases,EG-WAD,25.4715,30.5885,11483
HELX,LXR,Luxor International Airport,Luxor,EG-LX,25.671,32.7064,9843
HEMA,RMF,Marsa Alam International Airport,Marsa Alam,EG-BA,25.5555,34.5924,11253
HEMM,MUH,Mersa Matruh International Airport,Marsa Matruh,EG-MT,31.3243,27.2223,9843
HEOC,,October Airport,6th of October,EG-C,29.8127,30.8235,6562
HEOW,GSQ,El Owainat East International Airport,Sharq El Owainat,EG-WAD,22.5843,28.7216,11483
HEPS,PSD,Port Said International Airport,Port Said,EG-PTS,31.2793,32.2406,7707
HESC,SKV,Saint Catherine International Airport,Saint Catherine,EG-JS,28.6843,34.0644,6939
HESG,HMB,Suhaj International Airport,Suhaj,EG-SHG,26.3425,31.743,9843
HESH,SSH,Sharm El Sheikh International Airport,Sharm El Sheikh,EG-JS,27.9773,34.3947,10108
HESN,ASW,Aswan International Airport,Aswan,EG-ASN,23.9611,32.8204,11161
HE24,SEW,Siwa Oasis North Airport,Siwa Oasis,EG-MT,29.3462,25.5056,5905
HESX,SPX,Sphinx International Airport,Al Jiza,EG-GZ,30.1082,30.8957,11975
HETB,TCP,Taba International Airport,Taba,EG-JS,29.5945,34.7758,13123
HETR,ELT,At Tur Airport,At Tur,EG-JS,28.209,33.6455,9843
HHAS,ASM,Asmara International Airport,Asmara,ER-SK,15.2919,38.9107,9842
HHMS,MSW,Massawa International Airport,Massawa,ER-SK,15.67,39.3701,11483
HHSB,ASA,Assab International Airport,Assab,ER-DK,13.0718,42.645,11531
HI01,HPV,Princeville Airport,Hanalei,US-HI,22.2093,-159.4452,3560
HJJJ,JUB,Juba International Airport,Juba,SS-EC,4.872,31.6011,10171
HKEL,EDL,Eldoret International Airport,Eldoret,KE-27,0.4045,35.2389,11480
HKEM,,Embu Airport,Embu,KE-14,-0.5748,37.497,5246
HKGA,GAS,Garissa Airport,Garissa,KE-07,-0.4635,39.6483,3556
HKJK,NBO,Jomo Kenyatta International Airport,Nairobi,KE-47,-1.3189,36.9282,13507
HKKI,KIS,Kisumu International Airport,Kisumu,KE-42,-0.0861,34.7289,10823
HKKT,KTL,Kitale Airport,Kitale,KE-26,0.972,34.9586,4757
HKLK,LKG,Lokichogio Airport,Lokichogio,KE-23,4.2041,34.3482,6195
HKLU,LAU,Manda Airport,Lamu,KE-05,-2.2524,40.9129,6561
HKMO,MBA,Moi International Airport,Mombasa,KE-01,-4.0348,39.5942,10991
HKNK,NUU,Nakuru Lanet Airport,Nakuru,KE-32,-0.2984,36.1592,5607
HKNL,NYK,Nanyuki Civil Airport,Gathiuru,KE-19,-0.0624,37.0413,3900
HKNW,WIL,Nairobi Wilson Airport,Nairobi,KE-47,-1.3217,36.8148,5052
HKRE,,Moi Air Base,Nairobi,KE-47,-1.2773,36.8623,7998
HKWJ,WJR,Wajir Airport,Wajir,KE-08,1.7332,40.0916,9193
HLTS,,Tebesty-V9 Airport,,LY-WA,28.5871,19.3034,5160
HLWD,,Bani Waled Airport,Bani Waled,LY-MI,31.7392,13.954,5905
HL56,,Matan al-Sarra Air Base,,LY-KF,21.6877,21.8309,11013
HL57,,Al Wigh Airport,Al Wigh,LY-MQ,24.1783,14.5429,11975
HL59,,Al Khadim Airport,Charruba,LY-MJ,31.9985,21.1918,11838
HLMJ,,Elmarj Airport,Al Marj,LY-MJ,32.5253,20.8751,4275
HLTM,,Tamanhint Airport,Tamanhint,LY-SB,27.2401,14.6563,11130
HLBU,,Bombah Airport,Bombah,LY-DR,32.4529,23.1186,11155
HLJF,,Al Jufra Airport,,LY-JU,29.1981,16.001,13729
HL70,,Al Khuwaymat Airport,,LY-WA,27.2573,21.6181,11811
HL71,,Bir Umran Airport,,LY-WD,26.3324,13.4221,4920
HLWN,,Waddan Airport,,LY-JU,29.1392,16.1603,6515
HL77,,Okba Ibn Nafa Air Base,,LY-NQ,32.4734,11.8979,10500
HLHM,,Hamada-Nc5 Airport,,LY-JG,30.7019,12.484,7758
HL79,,Waw Al Kabir Airport,,LY-MQ,25.3568,16.81,12480
HL80,,Sidra Airport,Sidra,LY-SR,30.643,18.3208,6890
HLNM,,Hamada-Nc8 Airport,,LY-JG,29.5311,12.9437,7767
HLDB,,Ghani Field Airport,Zillah,LY-JU,28.9619,17.5881,6160
HL83,,Nanur Airport,Bani Waled,LY-SR,31.7052,14.9116,12790
HLML,,Messla-5alv Airport,,LY-WA,27.9757,22.3574,7218
HLAM,,Amal V12 Airport,Amal V12,LY-WA,29.4795,21.1224,5700
HLBD,,Beda (M-3) Airport,Beda M3,LY-WA,28.5033,19.0028,7495
HLFL,,Bu Attifel Airport,,LY-WA,28.7954,22.0809,7051
HLGD,SRX,Sirt International Airport / Ghardabiya Airbase,Sirt,LY-SR,31.0586,16.5971,11807
HLGL,,Warehouse 59e Airport,,LY-WA,28.6385,21.438,6575
HLGT,GHT,Ghat Airport,Ghat,LY-GT,25.1456,10.1426,11811
HLKF,AKF,Kufra Airport,Kufra,LY-KF,24.1787,23.314,12007
HLLB,BEN,Benina International Airport,Benina,LY-BA,32.0968,20.2695,11732
HLLM,MJI,Mitiga International Airport,Tripoli,LY-TB,32.8918,13.2879,11155
HLLQ,LAQ,Al Abraq International Airport,Al Albraq,LY-JA,32.789,21.9549,11824
HLLS,SEB,Sabha Airport,Sabha,LY-SB,26.9925,14.4662,11778
HLMB,LMQ,Marsa al Brega Airport,Marsa al Brega,LY-WA,30.3781,19.5764,7220
HLMS,MRA,Misrata International Airport,Misrata,LY-MI,32.325,15.061,11155
HLNF,,Ras Lanuf Airport,Ras Lanuf,LY-SR,30.5,18.5272,6295
HLNR,NFR,Nafurah 1 Airport,Nafurah 1,LY-WA,29.2132,21.5924,9910
HLON,HUQ,Hon Airport,,LY-JU,29.1101,15.9656,5905
HLRA,,Dahra Airport,Dahra,LY-SR,29.4712,17.9294,6880
HLSA,,Sarir (C-4) Airport,Sarir,LY-WA,27.6624,22.5086,7220
HLTD,LTD,Ghadames Airport,Ghadames,LY-NL,30.1455,9.7021,11811
HLTQ,TOB,Tobruk International Airport,Adam,LY-BU,31.861,23.907,9895
HLWA,,Warehouse 59A Airport,Warehouse 59A,LY-WA,28.3224,19.93,6918
HLZA,,Zella 74 Airport,Zillah,LY-JU,28.5875,17.2987,7050
HLZG,,Oxy A 103 Airport,Oxy A 103,LY-WA,29.0063,20.7861,5940
HLZU,,Zuetina Airport,Ajdabiya,LY-WA,30.8702,20.0755,5725
HLZW,WAX,Zuwarah International Airport,Zuwarah,LY-NQ,32.9523,12.0155,5906
LDZU,,Udbina Airfield,Udbina,HR-09,44.5576,15.7744,9022
HRYI,BTQ,Butare Airport,Butare,RW-05,-2.5958,29.7367,4000
HRYR,KGL,Kigali International Airport,Kigali,RW-01,-1.9686,30.1395,11483
HRZA,KME,Kamembe Airport,Kamembe,RW-04,-2.4622,28.9079,4921
HSAT,ATB,Atbara Airport,Atbara,SD-04,17.7099,34.0572,8465
HSDN,DOG,Dongola Airport,Dongola,SD-01,19.1537,30.4301,9843
HSDZ,RSS,Damazin Airport,Ad Damazin,SD-24,11.7859,34.3367,9020
HJPH,,Paloich Airport,Higleig,SS-NU,10.5292,32.5006,8202
HSFS,ELF,El Fasher Airport,El Fasher,SD-02,13.6149,25.3246,9744
HSKA,KSL,Kassala Airport,Kassala,SD-05,15.3875,36.3288,8202
HSLI,KDX,Kadugli Airport,Kadugli,SD-13,11.138,29.7011,8375
HSMN,MWE,Merowe Airport,Merowe,SD-01,18.4433,31.8433,13186
HSNN,UYL,Nyala Airport,Nyala,SD-11,12.0535,24.9562,9880
HSOB,EBD,El-Obeid Airport,El-Obeid,SD-09,13.1532,30.2327,9843
HSPN,PZU,Port Sudan New International Airport,Port Sudan,SD-26,19.4346,37.2341,8202
HSSG,,Sabera Geneina Airport,Geneina,SD-12,13.4774,22.5372,9829
HSSK,KRT,Khartoum International Airport,Khartoum,SD-03,15.5895,32.5532,9751
HSSM,MAK,Malakal International Airport,Malakal,SS-NU,9.5587,31.6519,6562
HSWW,WUU,Wau Airport,Wau,SS-BW,7.7258,27.975,8202
HTAR,ARK,Arusha Airport,Arusha,TZ-01,-3.3678,36.6333,5377
HTBU,BKZ,Bukoba Airport,Bukoba,TZ-05,-1.332,31.8212,4535
HTDA,DAR,Julius Nyerere International Airport,Dar es Salaam,TZ-02,-6.8735,39.2073,9843
HTDO,DOD,Dodoma Airport,Dodoma,TZ-03,-6.1706,35.756,6700
HTGW,MBI,Songwe Airport,Mbeya,TZ-14,-8.9199,33.274,10925
HTIR,IRI,Iringa Airport,Nduli,TZ-04,-7.6686,35.7521,5508
HTKJ,JRO,Kilimanjaro International Airport,Arusha,TZ-01,-3.427,37.0735,11811
HTLM,LKY,Lake Manyara Airport,Lake Manyara National Park,TZ-26,-3.3763,35.8183,4003
HTMA,MFA,Mafia Airport,Kilindoni,TZ-19,-7.9175,39.6685,5348
HTMT,MYW,Mtwara Airport,Mtwara,TZ-17,-10.3362,40.182,7410
HTMU,MUZ,Musoma Airport,Musoma,TZ-13,-1.503,33.8021,5249
HTMW,MWZ,Mwanza International Airport,Mwanza,TZ-18,-2.4466,32.936,10212
HTPE,PMA,Pemba Airport,Chake Chake,TZ-25,-5.2573,39.8114,5003
HTTB,TBO,Tabora Airport,Tabora,TZ-24,-5.0764,32.8333,6234
HTTG,TGT,Tanga Airport,Tanga,TZ-25,-5.0924,39.0712,4160
HTZA,ZNZ,Abeid Amani Karume International Airport,Zanzibar,TZ-07,-6.222,39.2249,9915
HUAR,RUA,Arua Airport,Arua,UG-N,3.0492,30.9117,5600
HUEN,EBB,Entebbe International Airport,Entebbe,UG-C,0.0424,32.4435,12000
HUGU,ULU,Gulu Airport,Gulu,UG-N,2.8056,32.2718,10314
HUSO,SRT,Soroti Airport,Soroti,UG-E,1.7277,33.6228,6100
KGDK,,Greene County/Lewis A. Jackson Regional Airport,Dayton,US-OH,39.6908,-83.9926,5004
IA24,,Green Castle Airport,Oxford,US-IA,41.755,-91.7277,4000
WARD,DHX,Dhoho International Airport,Kediri,ID-JI,-7.7495,111.9468,10827
ID-0339,,Old Nabire Airport,Nabire,ID-PT,-3.3686,135.4967,4593
ID-0340,,Tabing Airport,Padang,ID-SB,-0.875,100.352,7040
ID-0341,,Susilo Airport,Sintang,ID-KB,0.0639,111.4736,4256
WAGU,,Byan Airport,"Umaq Dian, Tabang, Kutai Kartanegara Regency",ID-KI,0.5498,116.1015,5906
WIJI,KRC,Departi Parbo Airport,Sungai Penuh,ID-JA,-2.094,101.4702,5906
WIEB,RKI,Mentawai Airport,Sipura Island,ID-SB,-2.1001,99.7044,4921
ID92,,Foster Field - Dzone Skydiving Airport,Star,US-ID,43.7288,-116.523,4200
II32,,Raceway Airport,Chandler,US-IN,38.0492,-87.3814,3600
IN-0023,,Amreli Airport,Amreli,IN-GJ,21.6214,71.2263,4600
IN-0024,,Baramati Airport,Pune,IN-MM,18.2269,74.5908,5500
VEAY,AYJ,Maharshi Valmiki International Airport,Faizabad,IN-UP,26.7477,82.1637,7381
IN-0026,,Korba Airport,Rumgara,IN-CT,22.4142,82.7194,3900
VAAV,,Aamby Valley Airport,Aamby Valley City,IN-MM,18.6096,73.3776,3937
VAAM,AVR,Amravati  Airport,Amravati,IN-MM,20.8146,77.7178,6070
IN-0072,,Raigarh Airport (JSPL),,IN-CT,21.9353,83.3502,6626
IN-0073,,Savitri Jindal Airport,Angul,IN-OR,20.9101,85.0367,4133
VAJO,,Fury Airport,"Karwar, Jodhpur",IN-RJ,26.4341,73.1015,4577
VOSR,SDW,Sindhudurg Airport,Chipi,IN-MM,16.0026,73.5298,8202
VANM,NMI,Navi Mumbai International Airport,Navi Mumbai,IN-MM,18.9846,73.0653,12139
VEHO,HGI,Itanagar Donyi Polo Hollongi Airport,Hollongi,IN-AR,26.9668,93.6388,7546
IN-0363,,Dhule Airport,Dhule(Gondur),IN-MM,20.9265,74.7371,4115
IN-0364,,Abu Road Airport,,IN-RJ,24.4942,72.7815,3736
IN-0369,,Sant Gadge Baba Yavatmal Airport,Yavatmal,IN-MM,20.3958,78.2163,7546
VANR,,Gandhinagar Airfield,Nashik,IN-MM,19.9637,73.8076,4520
VIND,DXN,Noida International Airport,Gautam Buddha Nagar,IN-UP,28.1799,77.6118,12975
VEAP,AHA,Maa Mahamaya Airport,Ambikapur,IN-CT,22.9875,83.1961,6299
VA38,,Sirohi Airport,,IN-RJ,24.8951,72.8459,5780
IN-VA51,,Banswara Airport,,IN-RJ,23.5893,74.314,4135
IR-0124,,Semnan New Airport,,IR-20,35.3894,53.6714,11738
LICK,,Scalea Airport,Scalea (CS),IT-78,39.7762,15.8113,4921
IT-0177,,Enrico Mattei Airfield,Pisticci (MT),IT-77,40.4319,16.5538,4600
JM-0016,,Eastern Banana Estates Airstrip,Bath,JM-03,17.9405,-76.3075,4000
ZSJH,JUH,Chizhou Jiuhuashan Airport,Chizhou,CN-34,30.7403,117.6856,7874
K00C,AMK,Animas Air Park,Durango,US-CO,37.2032,-107.869,5010
K00F,BDX,Broadus Airport,Broadus,US-MT,45.4705,-105.4571,4400
K00R,,Livingston Municipal Airport,Livingston,US-TX,30.6859,-95.0179,3704
KFLY,,Meadow Lake Airport,Colorado Springs,US-CO,38.9458,-104.57,6001
K01M,,Tishomingo County Airport,Belmont,US-MS,34.4909,-88.201,4007
K02A,,Chilton County Airport / Gragg-Wade Field,Clanton,US-AL,32.8505,-86.6114,4007
K02G,,Columbiana County Airport,East Liverpool,US-OH,40.6733,-80.6414,3503
K04A,,Frank Sikes Airport,Luverne,US-AL,31.7363,-86.2625,4649
K05C,,Griffith-Merrillville Airport,Griffith,US-IN,41.5198,-87.3995,4900
05U,EUE,Eureka Airport,Eureka,US-NV,39.6042,-116.005,7300
K06A,,Moton Field Municipal Airport,Tuskegee,US-AL,32.4605,-85.68,5005
06C,,Schaumburg Regional Airport,Chicago/Schaumburg,US-IL,41.9893,-88.1012,3800
K06D,,Rolla Municipal Airport,Rolla,US-ND,48.8843,-99.6209,4300
06U,KPT,Jackpot Airport/Hayden Field,Jackpot,US-NV,41.976,-114.658,6180
K07A,,Franklin Field,Union Springs,US-AL,32.1668,-85.8097,5002
K07V,,Cuchara Valley At La Veta Airport,La Veta,US-CO,37.5238,-105.009,5798
K08C,,Riverview Airport,Georgetown Township,US-MI,42.9359,-85.805,3920
K08D,,Stanley Municipal Airport,Stanley,US-ND,48.3008,-102.406,3900
K08K,,Harvard State Airport,Harvard,US-NE,40.6514,-98.0798,3745
K09A,,Butler-Choctaw County Airport,Butler,US-AL,32.1193,-88.1275,4080
09J,,Jekyll Island Airport,Jekyll Island,US-GA,31.0745,-81.4278,3715
K09R,,Tyler County Airport,Woodville,US-TX,30.7748,-94.4588,4000
K0A3,,Smithville Municipal Airport,Smithville,US-TN,35.9853,-85.8093,4257
K0A8,,Bibb County Airport,Centreville,US-AL,32.9369,-87.0905,4206
K0A9,,Elizabethton Municipal Airport,Elizabethton,US-TN,36.3712,-82.1733,5001
K0B1,,Bethel Regional Airport,Bethel,US-ME,44.4252,-70.8099,3818
K0B4,,Hartington Municipal Airport / Bud Becker Field,Hartington,US-NE,42.6036,-97.2526,3950
K0C4,,Pender Municipal Airport,Pender,US-NE,42.1139,-96.7281,3600
K0D8,,Gettysburg Municipal Airport,Gettysburg,US-SD,44.9867,-99.9528,4400
K0E0,,Moriarty Municipal Airport,Moriarty,US-NM,34.9751,-106.0028,7702
K0E8,,Crownpoint Airport,Crownpoint,US-NM,35.7177,-108.202,5820
K0F2,,Bowie Municipal Airport,Bowie,US-TX,33.6017,-97.7756,3603
K0F4,,Loup City Municipal Airport,Loup City,US-NE,41.2864,-98.9897,3900
K0G3,,Tecumseh Municipal Airport,Tecumseh,US-NE,40.4008,-96.1704,3501
K0G6,,Williams County Airport,Bryan,US-OH,41.4674,-84.5066,4782
K0G7,,Finger Lakes Regional Airport,Seneca Falls,US-NY,42.8836,-76.7822,4592
K0H1,,Trego WaKeeney Airport,WaKeeney,US-KS,39.0045,-99.8929,4008
K0I8,,Cynthiana-Harrison County Airport,Cynthiana,US-KY,38.3662,-84.2833,3850
KHDL,,Headland Municipal Airport,Headland,US-AL,31.3643,-85.3118,5002
K0L7,,Jean Airport,Jean,US-NV,35.7683,-115.33,4600
K0M0,,Billy Free Municipal Airport,Dumas,US-AR,33.8848,-91.5345,5003
K0M2,,Reelfoot Lake Airport,Tiptonville,US-TN,36.4753,-89.3462,3500
K0M3,,Paul Bridges Field,Hohenwald,US-TN,35.546,-87.5973,4001
K0M4,,Benton County Airport,Camden,US-TN,36.0111,-88.1233,5001
K0M5,,Humphreys County Airport,Waverly,US-TN,36.1166,-87.7382,4000
K0R0,,Columbia-Marion County Airport,Columbia,US-MS,31.297,-89.8128,5500
K0R1,,Atmore Municipal Airport,Atmore,US-AL,31.0162,-87.4468,5001
KIYA,,Abbeville Chris Crusta Memorial Airport,Abbeville,US-LA,29.9758,-92.0842,5000
K0R4,,Concordia Parish Airport,Vidalia,US-LA,31.562,-91.5065,3701
K0R6,,Hampton Municipal Airport,Hampton,US-AR,33.5226,-92.4603,4326
K0S7,,Dorothy Scott Airport,Oroville,US-WA,48.959,-119.412,4017
0V3,,Pioneer Village Field,Minden,US-NE,40.5155,-98.9462,3900
K0V4,,Brookneal/Campbell County Airport,Gladys,US-VA,37.1417,-79.0164,3798
K0V7,MVM,Kayenta Airport,Kayenta,US-AZ,36.7164,-110.2284,7140
K0VG,,Lee County Airport,Jonesville,US-VA,36.6541,-83.2178,5003
K10G,,Holmes County Airport,Millersburg,US-OH,40.5372,-81.9544,4400
K10U,,Owyhee Airport,Owyhee,US-NV,41.9536,-116.1822,6700
K11A,,Clayton Municipal Airport,Clayton,US-AL,31.8833,-85.4849,5010
K11R,,Brenham Municipal Airport,Brenham,US-TX,30.219,-96.3743,6003
K12J,,Brewton Municipal Airport,Brewton,US-AL,31.0506,-87.0656,5136
K12K,,Superior Municipal Airport,Superior,US-NE,40.0464,-98.0601,4301
K13C,,Lakeview-Airport-Griffith Field,Lakeview,US-MI,43.4521,-85.2648,3500
K13K,,Eureka Municipal Airport,Eureka,US-KS,37.8516,-96.2917,3504
K14G,,Fremont Airport,Fremont,US-OH,41.3331,-83.1612,4137
K14Y,,Todd Field,Long Prairie,US-MN,45.8986,-94.8739,3501
15J,,Cook County Airport,Adel,US-GA,31.1378,-83.4533,5502
K15M,,Iuka Airport,Iuka,US-MS,34.7723,-88.1659,4000
K16D,,Perham Municipal Airport,Perham,US-MN,46.6108,-95.6059,4100
K16G,,Seneca County Airport,Tiffin,US-OH,41.0941,-83.2125,4000
K16J,,Dawson Municipal Airport,Dawson,US-GA,31.7433,-84.4193,4510
K17G,,Port Bucyrus-Crawford County Airport,Bucyrus,US-OH,40.7818,-82.9744,3895
K17J,,Donalsonville Municipal Airport,Donalsonville,US-GA,31.0069,-84.8776,5777
K17K,,Boise City Airport,Boise City,US-OK,36.7743,-102.51,4211
K17N,,Cross Keys Airport,Cross Keys,US-NJ,39.7055,-75.033,3500
K17V,,Haxtun Municipal Airport,Haxtun,US-CO,40.6275,-102.6009,3860
K18A,,Franklin County Airport,Canon,US-GA,34.3401,-83.1335,5000
K18V,,Platte Valley Airpark,Hudson,US-CO,40.1,-104.701,4100
KJCA,,Jackson County Airport,Jefferson,US-GA,34.174,-83.5607,5210
K19S,,Sublette Municipal Airport,Sublette,US-KS,37.497,-100.8343,4500
K1A3,,Martin Campbell Field,Copperhill,US-TN,35.0162,-84.3463,3500
K1A4,,Logan Field,Samson,US-AL,31.1038,-86.0625,3596
K1A5,,Macon County Airport,Franklin,US-NC,35.2226,-83.419,5002
K1A6,,Middlesboro-Bell County Airport,Middlesboro,US-KY,36.6103,-83.7374,3633
K1A9,,Prattville - Grouby Field,Prattville,US-AL,32.4387,-86.5127,5400
K1B1,HCC,Columbia County Airport,Hudson,US-NY,42.2913,-73.7103,5350
1B9,,Mansfield Municipal Airport,Mansfield,US-MA,42.0001,-71.1968,3500
K1D1,,Milbank Municipal Airport,Milbank,US-SD,45.2305,-96.566,4000
K1D7,,The Sigurd Anderson Airport,Webster,US-SD,45.2926,-97.5114,3705
K1F0,AHD,Ardmore Downtown Executive Airport,Ardmore,US-OK,34.147,-97.1227,5000
1F5,,Hoxie-Sheridan County Airport,Hoxie,US-KS,39.3672,-100.4413,4400
K1G0,,Wood County Airport,Bowling Green,US-OH,41.391,-83.6301,4199
K1G3,,Kent State University Airport,Kent,US-OH,41.1514,-81.4151,4000
K1G4,GCW,Grand Canyon West Airport,Peach Springs,US-AZ,35.9858,-113.8171,5000
K1G5,,Medina Municipal Airport,Medina,US-OH,41.1319,-81.7674,3556
K1H0,,Creve Coeur Airport,St Louis,US-MO,38.7268,-90.5083,4500
K1H2,,Effingham County Memorial Airport,Effingham,US-IL,39.0704,-88.5335,5103
K1H5,,Willow Springs Memorial Airport,Willow Springs,US-MO,36.9896,-91.9541,3502
K1H8,,Casey Municipal Airport,Casey,US-IL,39.3025,-88.0041,4001
KBCR,,Tri-County Airport,Bonifay,US-FL,30.8439,-85.6018,5398
K1K7,,Fredonia Airport,Fredonia,US-KS,37.5805,-95.8372,4557
KAPS,,Port of South Louisiana Executive Regional Airport,Reserve,US-LA,30.087,-90.5826,5151
K1L1,,Lincoln County Airport,Panaca,US-NV,37.7871,-114.42,4606
K1L3,,Searchlight Airport,Searchlight,US-NV,35.4444,-114.909,5040
K1L7,,Escalante Municipal Airport,Escalante,US-UT,37.7453,-111.57,5032
K1L9,,Parowan Airport,Parowan,US-UT,37.8597,-112.816,5000
K1M4,,Posey Field,Haleyville,US-AL,34.2803,-87.6004,5008
K1M5,,Portland Municipal Airport,Portland,US-TN,36.5927,-86.4769,5003
1M9,,Lake Barkley State Park Airport,Cadiz,US-KY,36.8178,-87.9075,4800
1N1,,Sandia Airpark Estates East Airport,Edgewood,US-NM,35.0945,-106.167,4830
1O2,CKE,Lampson Field,Lakeport,US-CA,38.9906,-122.901,3600
K1O3,,Lodi Airport,Lodi,US-CA,38.2024,-121.268,3547
K1O4,,Thomas Municipal Airport,Thomas,US-OK,35.7335,-98.7306,3771
K1Q2,,Spalding Airport,Susanville,US-CA,40.6502,-120.7685,4600
K1Q4,,New Jerusalem Airport,Tracy,US-CA,37.6791,-121.3,3530
K1R1,,Jena Airport,Jena,US-LA,31.6669,-92.1577,3805
K1R7,,Brookhaven-Lincoln County Airport,Brookhaven,US-MS,31.6058,-90.4093,5000
K1R8,,Bay Minette Municipal Airport,Bay Minette,US-AL,30.8703,-87.8193,5500
K1S3,,Tillitt Field,Forsyth,US-MT,46.2711,-106.624,4799
K1U7,,Bear Lake County Airport,Paris,US-ID,42.2472,-111.338,5728
K1V0,,Navajo Lake Airport,Navajo Dam,US-NM,36.8082,-107.6531,4995
1V2,,Grant County Airport,Hyannis,US-NE,42.01,-101.7701,3975
K1V6,CNE,Fremont County Airport,Penrose,US-CO,38.4297,-105.1086,5399
K1V8,,Leach Airport,Center,US-CO,37.7854,-106.0476,7000
1X1,,Higgins-Lipscomb County Airport,Higgins,US-TX,36.1059,-100.0257,3969
K20A,,Robbins Field,Oneonta,US-AL,33.9712,-86.3805,4210
K20R,,Crystal City Municipal Airport,Crystal City,US-TX,28.6978,-99.8178,3550
K20U,,Beach Airport,Beach,US-ND,46.9252,-103.982,4200
K20V,,McElroy Airfield,Kremmling,US-CO,40.0534,-106.3691,5540
K21D,,Lake Elmo Airport,St Paul,US-MN,44.9975,-92.8557,3504
K22I,,Vinton County Airport,Mc Arthur,US-OH,39.3281,-82.4418,3500
K22S,,Paisley Airport,Paisley,US-OR,42.7179,-120.563,4300
K24J,,Suwannee County Airport,Live Oak,US-FL,30.3001,-83.0247,4005
K24N,,Jicarilla Apache Nation Airport,Dulce,US-NM,36.8285,-106.884,7500
K25M,,Ripley Airport,Ripley,US-MS,34.7223,-89.0151,4400
K26A,,Ashland/Lineville Airport,Ashland,US-AL,33.2842,-85.8086,4023
K26U,,McDermitt State Airport,McDermitt,US-OR,42.0095,-117.7273,5900
KEBA,,Elbert County Airport Patz Field,Elberton,US-GA,34.0954,-82.8176,4000
K27K,,Georgetown-Scott County Regional Airport,Georgetown,US-KY,38.2344,-84.4347,5498
K27R,,Eldorado Airport,Eldorado,US-TX,30.8622,-100.611,4300
K28J,,Palatka Municipal - Lt. Kay Larkin Field,Palatka,US-FL,29.6586,-81.6889,6000
K29D,,Grove City Airport,Grove City,US-PA,41.146,-80.1677,4500
K2A0,,Mark Anton Airport,Dayton,US-TN,35.4862,-84.9311,5001
K2A2,,Holley Mountain Airpark,Clinton,US-AR,35.6507,-92.4038,4795
K2A5,,Causey Airport,Liberty,US-NC,35.9118,-79.6176,3800
2A6,,Holly Grove Municipal Airport,Holly Grove,US-AR,34.5824,-91.1652,4469
K2B7,,Pittsfield Municipal Airport,Pittsfield,US-ME,44.7685,-69.3744,4000
K2D5,,Oakes Municipal Airport,Oakes,US-ND,46.1738,-98.0795,3505
K2E3,,Cluck Ranch Airport,Gruver,US-TX,36.1772,-101.694,3605
KGDP,,Dell City Municipal Airport,Dell City,US-TX,31.9476,-105.192,4685
K2F0,IRB,Iraan Municipal Airport,Iraan,US-TX,30.9057,-101.892,4085
K2F1,,Shamrock Municipal Airport,Shamrock,US-TX,35.2339,-100.1854,3600
KLUV,,Lamesa Municipal Airport,Lamesa,US-TX,32.7563,-101.92,5002
K2F7,,Commerce Municipal Airport,Commerce,US-TX,33.2929,-95.8964,3909
K2G2,,Jefferson County Airpark,Steubenville,US-OH,40.3594,-80.7001,5001
K2G4,ODM,Garrett County Airport,Accident,US-MD,39.5808,-79.3357,5000
K2G9,,Somerset County Airport,Somerset,US-PA,40.0391,-79.0146,5002
K2GC,,Grays Creek Airport,Fayetteville,US-NC,34.8937,-78.8435,3500
2H0,,Shelby County Airport,Shelbyville,US-IL,39.4104,-88.8454,4098
K2H9,,Rolette Airport,Rolette,US-ND,48.6653,-99.8532,3700
2I0,,Madisonville Regional Airport,Madisonville,US-KY,37.3559,-87.3982,6051
K2IS,,Airglades Airport,Clewiston,US-FL,26.7352,-81.0511,5950
K2J2,,Liberty County Airport,Hinesville,US-GA,31.7846,-81.6412,3698
K2J3,,Louisville Municipal Airport,Louisville,US-GA,32.9865,-82.3857,5002
K2J5,,Millen Airport,Millen,US-GA,32.8936,-81.9654,5001
KJHN,,Stanton County Municipal Airport,Johnson City,US-KS,37.583,-101.733,5200
K2K4,,Scott Field,Mangum,US-OK,34.8926,-99.5282,4199
K2K9,,Haskell Airport,Haskell,US-OK,35.8329,-95.6674,3710
K2M0,,Princeton-Caldwell County Airport,Princeton,US-KY,37.1151,-87.8571,4099
K2M2,,Lawrenceburg Lawrence County Airport,Lawrenceburg,US-TN,35.2343,-87.2579,5002
K2M4,,G V Montgomery Airport,Forest,US-MS,32.3549,-89.4882,3600
K2O1,GNF,Gansner Field,Quincy,US-CA,39.9439,-120.945,4105
K2O7,,Independence Airport,Independence,US-CA,36.8154,-118.2045,3533
K2O8,,Hinton Municipal Airport,Hinton,US-OK,35.5059,-98.3424,4000
K2R0,,Waynesboro Municipal Airport,Waynesboro,US-MS,31.646,-88.6348,5000
K2R2,,Hendricks County Gordon Graham Field,Indianapolis,US-IN,39.7481,-86.4738,4400
K2R4,,Peter Prince Field,Milton,US-FL,30.6376,-86.9937,3703
K2R5,,St Elmo Airport,St Elmo,US-AL,30.5019,-88.2751,3998
K2RR,,River Ranch Resort Airport,River Ranch,US-FL,27.7822,-81.2053,4950
K2S7,CHZ,Chiloquin State Airport,Chiloquin,US-OR,42.5794,-121.8791,3749
K2S8,,Wilbur Airport,Wilbur,US-WA,47.7542,-118.743,3851
K2T1,,Muleshoe Municipal Airport,Muleshoe,US-TX,34.1851,-102.641,5100
KRYA,,Wray Municipal Airport,Wray,US-CO,40.1003,-102.241,5399
K2V6,,Yuma Municipal Airport,Yuma,US-CO,40.1042,-102.713,4201
K2W6,LTW,St. Mary's County Regional Airport,California,US-MD,38.3154,-76.5501,4150
K2Y4,,Rockwell City Municipal Airport,Rockwell City,US-IA,42.3876,-94.6184,3503
K31E,,Eagles Nest Airport,West Creek,US-NJ,39.6654,-74.3079,3670
K32A,,Danville Municipal Airport,Danville,US-AR,35.087,-93.4275,4466
K32S,,Stevensville Airport,Stevensville,US-MT,46.5251,-114.053,3809
K33J,,Geneva Municipal Airport,Geneva,US-AL,31.0526,-85.8687,3998
K33N,,Delaware Airpark,Dover/Cheswold,US-DE,39.2187,-75.6004,4201
K33R,,Groveton Trinity County Airport,Groveton,US-TX,31.0849,-95.1641,3500
K33U,,Dutch John Airport,Dutch John,US-UT,40.9177,-109.391,6000
K33V,,Walden Jackson County Airport,Walden,US-CO,40.7504,-106.271,5901
K35A,USC,"Union County, Troy Shelton Field",Union,US-SC,34.687,-81.6411,3508
K35D,,Padgham Field,Allegan,US-MI,42.531,-85.8251,4300
OK48,,Higgs Airport,Burneyville,US-OK,33.926,-97.2963,4400
K38S,,Deer Lodge City County Airport,Deer Lodge,US-MT,46.3882,-112.766,5800
K38U,,Wayne Wonderland Airport,Loa,US-UT,38.3625,-111.596,5693
K3A2,,New Tazewell Municipal Airport,Tazewell,US-TN,36.4089,-83.5571,5208
K3A7,,Eutaw Municipal Airport,Eutaw,US-AL,32.8203,-87.8651,3600
K3AU,,Augusta Municipal Airport,Augusta,US-KS,37.6716,-97.0779,4501
K3B0,,Southbridge Municipal Airport,Southbridge,US-MA,42.1009,-72.0384,3501
K3B1,,Greenville Municipal Airport,Greenville,US-ME,45.463,-69.5516,4000
KIKW,,Jack Barstow Airport,Midland,US-MI,43.6631,-84.2586,3801
3NY8,CTO,Calverton Executive Airpark,Calverton,US-NY,40.9151,-72.7919,10001
K3CK,,Lake in the Hills Airport,Chicago/Lake in the Hills,US-IL,42.2068,-88.323,3800
K3CM,,James Clements Municipal Airport,Bay City,US-MI,43.5469,-83.8955,3798
K3CU,,Cable Union Airport,Cable,US-WI,46.1942,-91.2464,3709
K3DW,,Downtown Airport,Springfield,US-MO,37.2227,-93.2483,4037
K3E0,,Miami Roberts County Airport,Miami,US-TX,35.7139,-100.603,4060
K3F2,,Cisco Municipal Airport,Cisco,US-TX,32.415,-98.9969,3700
K3F3,,C E 'Rusty' Williams Airport,Mansfield,US-LA,32.0735,-93.7655,5005
K3G3,,Wadsworth Municipal Airport,Wadsworth,US-OH,41.0031,-81.7565,3530
3G4,,Ashland County Airport,Ashland,US-OH,40.903,-82.2556,3501
K3G5,,Dawson Army Air Field,Camp Dawson (Kingwood),US-WV,39.4437,-79.6752,4500
K3GM,,Grand Haven Memorial Airpark,Grand Haven,US-MI,43.034,-86.1982,3752
K3GV,,East Kansas City Airport,Grain Valley,US-MO,39.0151,-94.2153,4507
K3I2,,Mason County Airport,Point Pleasant,US-WV,38.9146,-82.0986,4000
K3I3,,Sky King Airport,Terre Haute,US-IN,39.5472,-87.3786,3557
K3J0,,Hampton County Airport,Hampton,US-SC,32.8665,-81.081,3580
K3J1,,Ridgeland-Claude Dean Airport,Ridgeland,US-SC,32.4927,-80.9923,4200
KCPP,,Greene County Regional Airport,Greensboro,US-GA,33.598,-83.1382,5500
K3K3,,Syracuse Hamilton County Municipal Airport,Syracuse,US-KS,37.9971,-101.7482,4600
K3K7,,Mark Hoard Memorial Airport,Leoti,US-KS,38.457,-101.353,5100
K3K8,,Comanche County Airport,Coldwater,US-KS,37.2281,-99.3309,4500
K3LF,,Litchfield Municipal Airport,Litchfield,US-IL,39.1625,-89.6746,4003
K3M7,,Lafayette Municipal Airport,Lafayette,US-TN,36.5184,-86.0583,5200
K3M8,,North Pickens Airport,Reform,US-AL,33.3868,-88.0066,5144
K3M9,,Warren Municipal Airport,Warren,US-AR,33.5604,-92.0854,3829
K3MY,,Mount Hawley Auxiliary Airport,Peoria,US-IL,40.7953,-89.6134,4001
K3N6,,Old Bridge Airport,Old Bridge,US-NJ,40.3299,-74.3468,3594
K3O4,,Sayre Municipal Airport,Sayre,US-OK,35.1676,-99.6579,4276
3O9,NRI,Grand Lake Regional Airport,Afton,US-OK,36.5776,-94.8619,3925
K3P3,,Mott Municipal Airport,Mott,US-ND,46.3597,-102.323,3500
K3R2,,Le Gros Memorial Airport,Crowley,US-LA,30.1616,-92.4817,4304
K3R4,,Hart Airport,Many,US-LA,31.5449,-93.4865,4402
K3R7,,Jennings Airport,Jennings,US-LA,30.2427,-92.6734,5002
K3R9,,Lakeway Airpark,Austin,US-TX,30.3575,-97.9945,3930
K3RC,,Roscommon Conservation Airport,Roscommon,US-MI,44.475,-84.5667,3650
3S4,,Illinois Valley Airport,Cave Junction,US-OR,42.1037,-123.682,4807
K3S8,GTP,Grants Pass Airport,Grants Pass,US-OR,42.5101,-123.388,3999
K3S9,,Condon State Pauling Field,Condon,US-OR,45.2466,-120.166,3500
K3T5,,Fayette Regional Air Center Airport,La Grange,US-TX,29.908,-96.95,5001
3TR,NLE,Jerry Tyler Memorial Airport,Niles,US-MI,41.8359,-86.2252,4100
K3U3,,Bowman Field,Anaconda,US-MT,46.1531,-112.868,6011
K3U7,,Benchmark Airport,Augusta,US-MT,47.481,-112.8709,6000
K3U8,,Big Sandy Airport,Big Sandy,US-MT,48.1632,-110.1157,3570
3V0,,Custer State Park Airport,Crazy Horse,US-SD,43.725,-103.35,4000
3W7,GCD,Grand Coulee Dam Airport,Electric City,US-WA,47.922,-119.083,4199
K3Y2,,George L Scott Municipal Airport,West Union,US-IA,42.9851,-91.7906,4149
40G,VLE,Valle Airport,Grand Canyon,US-AZ,35.6506,-112.148,4199
KFPY,FPY,Perry-Foley Airport,Perry,US-FL,30.0693,-83.5806,5013
K40U,,Manila Airport,Manila,US-UT,40.9861,-109.678,5305
K41F,,Floydada Municipal Airport,Floydada,US-TX,34.0023,-101.33,4600
41U,NTJ,Manti-Ephraim Airport,Manti,US-UT,39.3291,-111.615,5021
K42A,,Melbourne Municipal John E Miller Field,Melbourne,US-AR,36.071,-91.8301,4003
K42J,,Keystone Heights Airport,Keystone Heights,US-FL,29.8447,-82.0475,5044
K42M,,Thayer Memorial Airport,Thayer,US-MO,36.5223,-91.572,4200
K42U,,Morgan County Airport,Morgan,US-UT,41.1488,-111.767,3904
42V,,Jones Airport,Benkelman,US-NE,40.058,-101.547,3500
K43A,,Montgomery County Airport,Star,US-NC,35.3841,-79.7905,3500
K43B,,Deblois Flight Strip,Deblois,US-ME,44.7264,-67.9907,4500
44N,,Sky Acres Airport,Millbrook,US-NY,41.7074,-73.738,3828
44U,SBO,Salina Gunnison Airport,Salina,US-UT,39.0291,-111.838,3855
K45K,,Minneapolis City County Airport,Minneapolis,US-KS,39.0947,-97.7206,3970
K45R,,Hawthorne Field,Kountze/Silsbee,US-TX,30.3363,-94.2575,4303
K46D,,Carrington Municipal Airport,Carrington,US-ND,47.4511,-99.1511,4198
46U,,Alpine Airpark,Alpine,US-WY,43.1819,-111.0387,5827
KCNI,,Cherokee County Regional Airport,Canton,US-GA,34.3106,-84.4239,5003
47N,JVI,Central Jersey Regional Airport,Manville,US-NJ,40.5244,-74.5984,3507
K48D,,Clare Municipal Airport,Clare,US-MI,43.8345,-84.7402,3500
K48I,,Braxton County Airport,Sutton,US-WV,38.687,-80.6518,3995
48K,,Ness City Municipal Airport,Ness City,US-KS,38.4733,-99.9093,4000
K48S,,Harlem Airport,Harlem,US-MT,48.5661,-108.773,4100
K49A,,Gilmer County Airport,Ellijay,US-GA,34.6279,-84.5249,3507
K49B,,Sturgis Municipal Airport,Sturgis,US-SD,44.418,-103.375,5100
K49R,,Real County Airport,Leakey,US-TX,29.7455,-99.7609,3975
K49X,,Chemehuevi Valley Airport,Havasu Lake,US-CA,34.5288,-114.432,5000
4A4,,Polk County Airport- Cornelius Moore Field,Cedartown,US-GA,34.0187,-85.1465,5041
4A5,,Buffalo River Airport,Marshall,US-AR,35.8986,-92.6565,4003
K4A6,,Scottsboro Municipal Word Field,Scottsboro,US-AL,34.6887,-86.0059,5240
KHMP,,Atlanta Speedway Airport,Hampton,US-GA,33.3899,-84.331,5509
K4A9,,Isbell Field,Fort Payne,US-AL,34.4737,-85.7214,5001
K4B6,,Ticonderoga Municipal Airport,Ticonderoga,US-NY,43.8773,-73.4131,4041
K4B8,,Robertson Field,Plainville,US-CT,41.6904,-72.8648,3666
K4F2,,Panola County Sharpe Field,Carthage,US-TX,32.1761,-94.2988,4000
K4G4,,Youngstown Elser Metro Airport,Youngstown,US-OH,40.9618,-80.6773,4012
K4G5,,Monroe County Airport,Woodsfield,US-OH,39.779,-81.1028,3805
KHTF,,Hornell Municipal Airport,Hornell,US-NY,42.3821,-77.6821,5000
K4I3,,Knox County Airport,Mount Vernon,US-OH,40.3287,-82.5238,5504
KGPC,,Putnam County Airport,Greencastle,US-IN,39.6326,-86.8138,5002
K4J1,,Brantley County Airport,Nahunta,US-GA,31.2074,-81.9058,4000
4J2,,Berrien County Airport,Nashville,US-GA,31.2126,-83.2263,5002
K4J5,,Quitman Brooks County Airport,Quitman,US-GA,30.8058,-83.5865,5000
K4J6,,St Marys Airport,St Marys,US-GA,30.753,-81.5588,5000
K4M1,,Carroll County Airport,Berryville,US-AR,36.3813,-93.6246,3555
K4M3,,Carlisle Municipal Airport,Carlisle,US-AR,34.8082,-91.7121,4501
K4M7,,Russellville Logan County Airport,Russellville,US-KY,36.7996,-86.8109,3999
4M9,,Corning Municipal Airport,Corning,US-AR,36.4042,-90.6479,4299
K4O4,,McCurtain County Regional Airport,Idabel,US-OK,33.9094,-94.8594,5000
K4O5,,Cherokee Municipal Airport,Cherokee,US-OK,36.788,-98.3585,3570
K4R3,,Jackson Municipal Airport,Jackson,US-AL,31.4705,-87.8959,5003
KCQF,,H L Sonny Callahan Airport,Fairhope,US-AL,30.4605,-87.877,6604
4R7,UCE,Eunice Airport,Eunice,US-LA,30.4663,-92.4238,5001
KJSY,,Joseph State Airport,Joseph,US-OR,45.3596,-117.254,5202
KRTS,,Reno-Stead Airport,Reno,US-NV,39.6674,-119.876,9000
K4T2,,Kenneth Copeland Airport,Fort Worth,US-TX,32.9773,-97.4884,5943
K4U6,,Circle Town County Airport,Circle,US-MT,47.4186,-105.562,4100
4U9,,Hyak Airbase,Dell,US-MT,44.7357,-112.72,7000
K4V0,,Rangely Airport,Rangely,US-CO,40.094,-108.763,6408
K4V1,,Spanish Peaks Airfield,Walsenburg,US-CO,37.6966,-104.784,4896
4V9,,Antelope County Airport,Neligh,US-NE,42.1122,-98.0387,3700
4X4,,Wessington Springs Airport,Wessington Springs,US-SD,44.0619,-98.5322,3600
K4Y4,,Lakes of the North Airport,Gaylord,US-MI,44.9125,-84.8764,4285
K50D,,Iron County Airport,Crystal Falls,US-MI,46.0091,-88.2739,3690
50F,,Bourland Field,Cresson,US-TX,32.5818,-97.5908,4049
K50I,KKT,Kentland Municipal Airport,Kentland,US-IN,40.7587,-87.4295,4004
K50R,,Lockhart Municipal Airport,Lockhart,US-TX,29.8503,-97.6724,4001
51D,,Edgeley Municipal Airport,Edgeley,US-ND,46.3512,-98.7372,3600
K51J,,Lake City Municipal Airport - CJ Evans Field,Lake City,US-SC,33.8536,-79.7681,3700
52A,,Madison Municipal Airport,Madison,US-GA,33.6121,-83.4604,3806
K52F,,Aero Valley Airport,Roanoke,US-TX,33.0516,-97.2321,3500
53A,,Dr. C P Savage Sr. Airport,Montezuma,US-GA,32.302,-84.0075,5003
K54F,,Robert Lee Airport,Robert Lee,US-TX,31.8818,-100.54,4450
K54J,,Defuniak Springs Airport,Defuniak Springs,US-FL,30.7313,-86.1516,4146
K54T,,RWJ Airpark,Baytown,US-TX,29.7617,-94.8465,5035
KFHB,,Fernandina Beach Municipal Airport,Fernandina Beach,US-FL,30.6118,-81.4612,5301
K56D,,Wyandot County Airport,Upper Sandusky,US-OH,40.8834,-83.3145,3997
K57C,,East Troy Municipal Airport,East Troy,US-WI,42.7972,-88.3726,3900
K57S,,Troy Airport,Troy,US-MT,48.4802,-115.904,3570
K5A1,,Norwalk Huron County Airport,Norwalk,US-OH,41.2448,-82.5512,4208
5A6,,Winona–Montgomery County Airport,Winona,US-MS,33.4654,-89.7292,4000
K5B2,,Saratoga County Airport,Saratoga Springs,US-NY,43.0513,-73.8612,4699
K5C1,,Boerne Stage Field,Boerne,US-TX,29.7239,-98.6946,5006
5MN1,,Nary National Shefland Field,Nary,US-MN,47.3736,-94.7988,3850
K5C8,,Washburn Municipal Airport,Washburn,US-ND,47.3512,-101.0259,3700
K5F1,,Post Garza County Municipal Airport,Post,US-TX,33.2019,-101.3371,4200
K5G7,,Bluffton Airport,Bluffton,US-OH,40.8854,-83.8686,4126
K5H4,,Harvey Municipal Airport,Harvey,US-ND,47.7912,-99.9317,3600
K5I4,,Sheridan Airport,Sheridan,US-IN,40.1779,-86.2173,3760
K5J9,,Twin City Airport,Loris,US-SC,34.0884,-78.8649,3694
K5L0,,Lakota Municipal Airport,Lakota,US-ND,48.0294,-98.3253,3500
K5M0,,Hartselle-Morgan County Regional Airport,Hartselle,US-AL,34.4082,-86.933,3599
K5M3,,Moultonborough Airport,Moultonborough,US-NH,43.7679,-71.3876,3625
K5M5,,Crystal Lake Airport,Decatur,US-AR,36.3436,-94.4448,3863
K5M8,,Gurdon Lowe Field,Gurdon,US-AR,33.9239,-93.1687,4403
KGDA,,Marion-Crittenden County James C Johnson Regional Airport,Marion,US-KY,37.3363,-88.1098,5001
K5N8,,Casselton Robert Miller Regional Airport,Casselton,US-ND,46.854,-97.2087,3901
K5P2,,Mc Laughlin Municipal Airport,Mc Laughlin,US-SD,45.7968,-100.784,3800
K5R1,,Roy Wilcox Airport,Chatom,US-AL,31.4518,-88.1945,4002
K5R2,,Ocean Springs Airport,Ocean Springs,US-MS,30.3894,-88.7534,3500
K5R4,,Foley Municipal Airport,Foley,US-AL,30.4277,-87.701,3700
K5R8,,De Quincy Industrial Airpark,De Quincy,US-LA,30.4412,-93.4735,5000
K5S0,,Oakridge State Airport,Oakridge,US-OR,43.7526,-122.503,3610
K5S2,,Crescent Lake State Airport,Crescent Lake,US-OR,43.5326,-121.95,3900
K5S6,,Cape Blanco State Airport,Sixes,US-OR,42.8579,-124.518,5100
K5S9,,Valley View Airport,Estacada,US-OR,45.3077,-122.3181,3780
KDNA,,Doña Ana County International Jetport,Santa Teresa,US-NM,31.881,-106.705,9550
K5T9,EGP,Maverick County Memorial International Airport,Eagle Pass,US-TX,28.8598,-100.5167,5506
K5U5,,Fairfield Airport,Fairfield,US-MT,47.6291,-111.98,3800
K5U7,,Fort Smith Landing Strip,Fort Smith,US-MT,45.3198,-107.9315,3827
K5V5,,Shiprock Airstrip,Shiprock,US-NM,36.6978,-108.701,5214
KSCR,,Siler City Municipal Airport,Siler City,US-NC,35.7043,-79.5042,5000
5Y1,,Albert J Lindberg Airport,Hessel,US-MI,46.0354,-84.4177,3700
K60F,,Seymour Municipal Airport,Seymour,US-TX,33.6487,-99.2606,4300
K60J,,Odell Williamson Municipal Airport,Ocean Isle Beach,US-NC,33.9085,-78.4367,4198
K60R,,Navasota Municipal Airport,Navasota,US-TX,30.3719,-96.1133,5003
K61A,,Camden Municipal Airport,Camden,US-AL,31.9797,-87.3391,4303
KBVU,BLD,Boulder City Municipal Airport,Boulder City,US-NV,35.9472,-114.8588,5103
K61C,,Fort Atkinson Municipal Airport,Jefferson,US-WI,42.9632,-88.8176,3800
K61R,,Newton Municipal Airport,Newton,US-TX,30.8844,-93.7418,4000
K62S,,Christmas Valley Airport,Christmas Valley,US-OR,43.2362,-120.6651,5200
K63F,,Stanton Municipal Airport,Stanton,US-TX,32.1736,-101.822,4240
K64S,,Prospect State Airport,Prospect,US-OR,42.7432,-122.488,4000
K65S,,Boundary County Airport,Bonners Ferry,US-ID,48.7258,-116.295,4000
K66R,,Robert R Wells Jr Airport,Columbus,US-TX,29.6411,-96.5158,3800
K66Y,,Diamondhead Airport,Diamondhead,US-MS,30.363,-89.3877,3800
K67A,,Fort Deposit Lowndes County Airport,Fort Deposit,US-AL,31.9724,-86.5922,3593
K67L,MFH,Mesquite Airport,Mesquite,US-NV,36.8331,-114.0559,5100
K67R,,Rio Grande City Municipal Airport,Rio Grande City,US-TX,26.4243,-98.8461,4000
K69V,,Huntington Municipal Airport,Huntington,US-UT,39.3612,-110.917,4048
K6A1,,Butler Municipal Airport,Butler,US-GA,32.5695,-84.2452,4000
K6A2,,Griffin Spalding County Airport,Griffin,US-GA,33.227,-84.2749,3701
K6A4,,Johnson County Airport,Mountain City,US-TN,36.4178,-81.8251,4498
K6D1,,Brooten Municipal Airport,Brooten,US-MN,45.5,-95.1128,3500
K6D6,,Greenville Municipal Airport,Greenville,US-MI,43.1423,-85.2538,4199
KBAC,,Barnes County Municipal Airport,Valley City,US-ND,46.941,-98.0176,4201
K6D9,ECA,Iosco County Airport,East Tawas,US-MI,44.3128,-83.4223,4802
K6E5,,Wilder Airport,De Smet,US-SD,44.433,-97.5582,3700
K6G1,,Titusville Airport,Titusville,US-PA,41.6088,-79.7413,4902
K6G5,,Barnesville Bradfield Airport,Barnesville,US-OH,40.0024,-81.1918,4003
K6I2,,Lebanon Springfield Airport - George Hoerter Field,Springfield,US-KY,37.6335,-85.2418,5001
K6I4,,Boone County Airport,Lebanon,US-IN,40.0073,-86.4406,3600
K6J0,,Lexington County Airport,Pelion,US-SC,33.7946,-81.2459,4335
6K3,,Creighton Municipal Airport,Creighton,US-NE,42.4713,-97.8843,3700
K6K4,,Fairview Municipal Airport,Fairview,US-OK,36.2901,-98.4758,4400
K6K5,,Sisters Eagle Air Airport,Sisters,US-OR,44.3046,-121.539,3560
6L4,,Logan County Airport,Logan,US-WV,37.8557,-81.9159,3605
K6M0,,Hazen Municipal Airport - David Duch Field,Hazen,US-AR,34.7594,-91.6381,4048
K6M2,,Horseshoe Bend Airport,Horseshoe Bend,US-AR,36.2214,-91.7555,4502
K6M6,,Lewis County Regional Airport,Monticello,US-MO,40.1292,-91.6783,3500
6M7,,Marianna/Lee County Airport Steve Edwards Field,Marianna,US-AR,34.7803,-90.8106,4021
K6R3,,Cleveland Municipal Airport,Cleveland,US-TX,30.3564,-95.008,4998
K6R6,,Terrell County Airport,Dryden,US-TX,30.046,-102.213,4526
K6S0,,Big Timber Airport,Big Timber,US-MT,45.8067,-109.9792,5285
K6S3,,Woltermann Memorial Airport,Columbus,US-MT,45.6305,-109.239,3800
KHRF,,Ravalli County Airport,Hamilton,US-MT,46.2515,-114.1256,5200
K6S8,,Laurel Municipal Airport,Laurel,US-MT,45.7031,-108.761,5199
6V0,,Edgemont Municipal Airport,Edgemont,US-SD,43.2952,-103.844,3900
6V4,,Wall Municipal Airport,Wall,US-SD,43.9993,-102.2545,3500
6V5,,Bison Municipal Airport,Bison,US-SD,45.5183,-102.4679,3500
K6Y1,,Bois Blanc Airport,Bois Blanc Island,US-MI,45.7663,-84.5038,3500
K70J,,Cairo Grady County Airport,Cairo,US-GA,30.888,-84.1547,4000
K71A,,Pine Hill Municipal Airport,Pine Hill,US-AL,31.9668,-87.5833,4462
K71U,,Ozark-Blackwell Field,Ozark,US-AL,31.4318,-85.6206,4200
72F,,Throckmorton Municipal Airport,Throckmorton,US-TX,33.1801,-99.1498,3723
K74V,ROL,Roosevelt Municipal Airport,Roosevelt,US-UT,40.2783,-110.051,6500
K77G,,Marlette Township Airport,Marlette,US-MI,43.3118,-83.0909,3800
K78,,Abilene Municipal Airport,Abilene,US-KS,38.9041,-97.2359,4100
K78R,,San Augustine County Airport,San Augustine,US-TX,31.5395,-94.1701,3800
K79J,,South Alabama Regional At Bill Benton Field Airport,Andalusia/Opp,US-AL,31.3088,-86.3938,6000
K79S,,Fort Benton Airport,Fort Benton,US-MT,47.8451,-110.636,4300
K7A0,,Greensboro Municipal Airport,Greensboro,US-AL,32.6815,-87.6621,3506
K7A5,,Roanoke Municipal Airport,Roanoke,US-AL,33.1296,-85.3721,3697
K7A6,,Stevenson Airport,Stevenson,US-AL,34.8863,-85.8033,4103
K7D3,,Baldwin Municipal Airport,Baldwin,US-MI,43.8755,-85.8421,3800
K7F3,,Caddo Mills Municipal Airport,Caddo Mills,US-TX,33.0362,-96.2431,4000
K7F5,,Canton Hackney Airport,Canton,US-TX,32.5884,-95.8631,3750
K7G0,,Ledgedale Airpark,Brockport,US-NY,43.1811,-77.9158,4206
K7G8,,Geauga County Airport,Middlefield,US-OH,41.4496,-81.0629,3500
K7G9,CTK,Canton Municipal Airport,Canton,US-SD,43.3088,-96.5712,3600
KJQD,,Ohio County Airport,Hartford,US-KY,37.4583,-86.85,5003
K7K5,,Kenmare Municipal Airport,Kenmare,US-ND,48.6676,-102.048,3700
K7L2,,Linton Municipal Airport,Linton,US-ND,46.2183,-100.245,3700
7L8,,Post-Air Airport,Indianapolis,US-IN,39.75,-86.0139,3750
K7M1,,McGehee Municipal Airport,McGehee,US-AR,33.6202,-91.3648,4007
K7M2,,Mountain View Wilcox Memorial Field,Mountain View,US-AR,35.8645,-92.0903,4502
K7M3,,Mount Ida-Bearce Airport,Mount Ida,US-AR,34.5291,-93.5294,4000
K7M4,,Osceola Municipal Airport,Osceola,US-AR,35.6911,-90.0101,3799
K7M9,,Salem Airport,Salem,US-AR,36.3569,-91.8304,3500
K7S0,,Ronan Airport,Ronan,US-MT,47.5672,-114.101,4798
KRVF,,Ruby Valley Field,Twin Bridges,US-MT,45.5337,-112.3003,6000
K7S6,,White Sulphur Springs Airport,White Sulphur Springs,US-MT,46.5041,-110.913,6100
K7T7,,Skywest Inc Airport,Midland,US-TX,31.8585,-102.074,5000
K7V2,WPO,North Fork Valley Airport,Paonia,US-CO,38.8314,-107.6458,4500
K7V5,,Brush Municipal Airport,Brush,US-CO,40.2643,-103.577,4300
KGUR,,Camp Guernsey Airport,Guernsey,US-WY,42.2596,-104.728,5060
K7V7,,Red Cloud Municipal Airport,Red Cloud,US-NE,40.0821,-98.5414,3700
K7V8,,Julesburg Municipal Airport,Julesburg,US-CO,40.9708,-102.315,4100
K7V9,,City of Las Animas Bent County Airport,Las Animas,US-CO,38.0539,-103.2387,3870
K7W5,,Henry County Airport,Napoleon,US-OH,41.3743,-84.0679,3956
K7W6,,Hyde County Airport,Engelhard,US-NC,35.5624,-75.9552,5002
K7Y4,,Bagley Municipal Airport,Bagley,US-MN,47.525,-95.3608,3800
K80T,,Quincy Municipal Airport,Quincy,US-WA,47.2116,-119.84,3660
K81R,,San Saba County Municipal Airport,San Saba,US-TX,31.2352,-98.717,4206
K82C,,Mauston New Lisbon Union Airport,New Lisbon,US-WI,43.8387,-90.1377,3688
82V,,Pine Bluffs Municipal Airport,Pine Bluffs,US-WY,41.1533,-104.13,5330
83D,,Mackinac County Airport,St Ignace,US-MI,45.8917,-84.7381,3800
84D,,Cheyenne Eagle Butte Airport,Eagle Butte,US-SD,44.9844,-101.251,4200
K84R,,Smithville Crawford Municipal Airport,Smithville,US-TX,30.0282,-97.167,4000
K87I,,Yazoo County Airport,Yazoo City,US-MS,32.8832,-90.4636,5000
K88M,,Eureka Airport,Eureka,US-MT,48.9683,-115.0795,4200
K88R,,Austin Air Ranch Airport,Spicewood,US-TX,30.4736,-98.1215,4185
KBFZ,,Albertville Regional Airport/Thomas J Brumlik Field,Albertville,US-AL,34.2291,-86.2558,6114
K8A1,,Guntersville Municipal Joe Starnes Field,Guntersville,US-AL,34.403,-86.2636,5005
K8A3,,Livingston Municipal Airport,Livingston,US-TN,36.4121,-85.3116,5153
8D1,,New Holstein Municipal Airport,New Holstein,US-WI,43.9442,-88.1135,3600
K8D7,,Clark County Airport,Clark,US-SD,44.8955,-97.7123,3697
K8F3,,Crosbyton Municipal Airport,Crosbyton,US-TX,33.6238,-101.241,3600
K8G1,,Willard Municipal Airport,Willard,US-OH,41.0387,-82.7246,4028
K8G2,,Corry Lawrence Airport,Corry,US-PA,41.9076,-79.6411,4101
K8G6,,Harrison County Airport,Cadiz,US-OH,40.2384,-81.0129,4154
K8J7,,Tomlinson Field,New Rockford,US-ND,47.6964,-99.1312,3600
K8M1,,Booneville-Baldwyn Airport,Baldwyn,US-MS,34.5908,-88.6476,5003
88MI,,Eagle II Airport,Lewiston,US-MI,44.8065,-84.2762,5047
K8M9,,Providence Webster County Airport,Providence,US-KY,37.4248,-87.7361,3800
K8N2,,Skydive Chicago Airport,Ottawa,US-IL,41.3998,-88.7939,4522
K8S0,,Starr Browning Airstrip,Browning,US-MT,48.6014,-113.115,4051
K8S1,,Polson Airport,Polson,US-MT,47.6954,-114.185,4194
K8T6,,Live Oak County Airport,George West,US-TX,28.3628,-98.1165,3799
8U6,,Terry Airport,Terry,US-MT,46.7771,-105.3131,4300
K8U8,,Townsend Airport,Townsend,US-MT,46.3312,-111.483,3999
KRCV,,Astronaut Kent Rominger Airport,Del Norte,US-CO,37.7136,-106.354,6051
8V2,,Stuart Atkinson Municipal Airport,Atkinson,US-NE,42.5617,-99.0384,3900
8V3,,Parkston Municipal Airport,Parkston,US-SD,43.3776,-97.9898,3600
K8V7,,Springfield Municipal Airport,Springfield,US-CO,37.4587,-102.618,5000
K8WC,,Washington County Airport,Potosi,US-MO,37.9292,-90.7315,4000
K91F,,Arrowhead Airport,Canadian,US-OK,35.1563,-95.6213,3500
K93F,,Mignon Laird Municipal Airport,Cheyenne,US-OK,35.6075,-99.7047,4022
K93Y,,David City Municipal Airport,David City,US-NE,41.2309,-97.1229,3676
K94E,,Whiskey Creek Airport,Silver City,US-NM,32.7594,-108.2096,5400
K94K,,Cassville Municipal Airport,Cassville,US-MO,36.6974,-93.9005,3599
K95D,,Beulah Airport,Beulah,US-ND,47.2508,-101.814,4030
K95E,,Stallion Army Air Field,Socorro,US-NM,33.8146,-106.6437,4000
K95F,,Cleveland Municipal Airport,Cleveland,US-OK,36.2838,-96.4633,4000
K97M,,Ekalaka Airport,Ekalaka,US-MT,45.8778,-104.537,3798
98D,,Onida Municipal Airport,Onida,US-SD,44.7008,-100.101,3800
K99N,,Bamberg County Airport,Bamberg,US-SC,33.3045,-81.1084,3603
KCVC,,Covington Municipal Airport,Covington,US-GA,33.6325,-83.8496,6000
9A4,,Courtland Airport,Courtland,US-AL,34.659,-87.3502,5000
K9A5,,Barwick Lafayette Airport,Lafayette,US-GA,34.6886,-85.2904,4999
K9C8,,Evart Municipal Airport,Evart,US-MI,43.8959,-85.2792,3804
9D0,,Highmore Municipal Airport,Highmore,US-SD,44.5406,-99.4508,3700
9D1,,Gregory Municipal Airport - Flynn Field,Gregory,US-SD,43.2217,-99.4033,3799
K9D2,,Harding County Airport,Buffalo,US-SD,45.5806,-103.53,3900
K9D4,,Deck Airport,Myerstown,US-PA,40.3518,-76.3296,3786
K9D7,,Cando Municipal Airport,Cando,US-ND,48.48,-99.2359,3500
K9D9,,Hastings Airport,Hastings,US-MI,42.6636,-85.3463,5003
K9F8,,Hoven Municipal Airport,Hoven,US-SD,45.2576,-99.7978,3700
K9G2,,Prices Airport,Linden,US-MI,42.8076,-83.7699,4000
K9K7,,Ellsworth Municipal Airport,Ellsworth,US-KS,38.7523,-98.2288,4500
K9K8,,Kingman Airport Clyde Cessna Field,Kingman,US-KS,37.669,-98.1239,4300
K9L2,,Edwards Af Aux North Base Airport,Edwards,US-CA,34.9908,-117.863,5998
K9M6,,Kelly Airport,Oak Grove,US-LA,32.8492,-91.4039,3799
9S2,,Scobey Airport,Scobey,US-MT,48.8076,-105.4393,4020
K9S5,,Three Forks Airport,Three Forks,US-MT,45.8781,-111.569,5100
K9S9,,Lexington Airport,Lexington,US-OR,45.4541,-119.69,4155
K9U0,,Turner Airport,Turner,US-MT,48.8542,-108.409,3612
KTMT,ASQ,Austin Airport,Austin,US-NV,39.4677,-117.1976,6000
KDWX,,Dixon Airport,Dixon,US-WY,41.0383,-107.497,7000
K9V5,,Modisett Airport,Rushville,US-NE,42.7365,-102.4443,3900
9V6,,Martin Municipal Airport,Martin,US-SD,43.1656,-101.7127,3699
K9V7,,Eads Municipal Airport,Eads,US-CO,38.4785,-102.8109,3860
K9V9,,Chamberlain Municipal Airport,Chamberlain,US-SD,43.7661,-99.3213,4299
K9Y1,,Weydahl Field,Killdeer,US-ND,47.3928,-102.771,4200
KA08,,Vaiden Field,Marion,US-AL,32.5124,-87.3856,6400
KA09,,Eagle Airpark,Bullhead City,US-AZ,34.8875,-114.6166,4800
KA20,,Sun Valley Airport,Bullhead City,US-AZ,35.0059,-114.5651,3700
KA24,,California Pines Airport,Alturas,US-CA,41.4124,-120.684,4159
KA30,,Scott Valley Airport,Etna,US-CA,41.5582,-122.855,3700
KA32,,Butte Valley Airport,Dorris,US-CA,41.8872,-121.976,4300
KA34,,Dayton Valley Airpark,Dayton/Carson City,US-NV,39.2386,-119.555,5343
KA39,,Ak-Chin Regional Airport,Maricopa,US-AZ,32.9908,-111.9185,4751
KA50,,Colorado Springs East Airport,Ellicott,US-CO,38.8744,-104.41,4500
KAAA,,Logan County Airport,Lincoln,US-IL,40.1587,-89.335,4000
KAAF,AAF,Apalachicola Regional Airport,Apalachicola,US-FL,29.7275,-85.0275,5425
KAAO,,Colonel James Jabara Airport,Wichita,US-KS,37.7476,-97.2211,6101
KAAS,,Taylor County Airport,Campbellsville,US-KY,37.3583,-85.3094,5004
KAAT,,Alturas Municipal Airport,Alturas,US-CA,41.4827,-120.5657,4228
KABE,ABE,Lehigh Valley International Airport,Allentown/Bethlehem,US-PA,40.6518,-75.4428,7599
KABI,ABI,Abilene Regional Airport,Abilene,US-TX,32.4113,-99.6819,7208
KABQ,ABQ,Albuquerque International Sunport,Albuquerque,US-NM,35.04,-106.6089,13793
KABR,ABR,Aberdeen Regional Airport,Aberdeen,US-SD,45.4491,-98.4218,6901
KABY,ABY,Southwest Georgia Regional Airport,Albany,US-GA,31.5329,-84.1962,6601
KACB,ACB,Antrim County Airport,Bellaire,US-MI,44.9886,-85.1984,5003
KACJ,,Jimmy Carter Regional Airport,Americus,US-GA,32.1108,-84.1889,6011
KACK,ACK,Nantucket Memorial Airport,Nantucket,US-MA,41.2531,-70.0602,6303
KACP,,Allen Parish Airport,Oakdale,US-LA,30.7503,-92.6883,5000
KACT,ACT,Waco Regional Airport,Waco,US-TX,31.6113,-97.2305,7107
KACV,ACV,California Redwood Coast-Humboldt County Airport,Arcata/Eureka,US-CA,40.9781,-124.109,6046
KACY,ACY,Atlantic City International Airport,Atlantic City,US-NJ,39.4562,-74.5775,10001
KACZ,,Henderson Field,Wallace,US-NC,34.7179,-78.0036,4153
KADC,,Wadena Municipal Airport,Wadena,US-MN,46.4503,-95.211,4007
KADG,ADG,Lenawee County Airport,Adrian,US-MI,41.8662,-84.078,5001
KADH,ADT,Ada Regional Airport,Ada,US-OK,34.8052,-96.672,6203
KADM,ADM,Ardmore Municipal Airport,Ardmore,US-OK,34.303,-97.0196,9002
KADS,ADS,Addison Airport,Dallas,US-TX,32.9686,-96.8364,7203
KADT,,Atwood-Rawlins City-County Airport,Atwood,US-KS,39.8412,-101.0432,5000
KADU,,Audubon County Airport,Audubon,US-IA,41.7014,-94.9205,3641
KADW,ADW,Joint Base Andrews,Camp Springs,US-MD,38.8108,-76.867,11301
KAEG,,Double Eagle II Airport,Albuquerque,US-NM,35.1452,-106.795,7398
KAEJ,,Central Colorado Regional Airport,Buena Vista,US-CO,38.8129,-106.1201,8303
KAEL,AEL,Albert Lea Municipal Airport,Albert Lea,US-MN,43.6815,-93.3672,5000
KAEX,AEX,Alexandria International Airport,Alexandria,US-LA,31.3258,-92.5467,9352
KAFF,AFF,USAF Academy Airfield,Colorado Springs,US-CO,38.9725,-104.8211,4501
KAFJ,WSG,Washington County Airport,Washington,US-PA,40.1365,-80.2902,5004
KAFK,,Nebraska City Municipal Airport,Nebraska City,US-NE,40.6069,-95.8657,4501
KAFO,AFO,Afton Municipal Airport,Afton,US-WY,42.7112,-110.942,7025
KAFP,,Anson County Airport - Jeff Cloud Field,Wadesboro,US-NC,35.0206,-80.0771,5498
KAFW,AFW,Perot Field/Fort Worth Alliance Airport,Fort Worth,US-TX,32.9904,-97.3195,11125
KAGC,AGC,Allegheny County Airport,Pittsburgh,US-PA,40.3544,-79.9302,6501
KAGO,AGO,Magnolia Municipal Airport / Ralph C Weiser Field,Magnolia,US-AR,33.228,-93.217,5007
KAGR,,MacDill Air Force Base Auxiliary Field,Avon Park,US-FL,27.6506,-81.3494,8000
KAGS,AGS,Augusta Regional At Bush Field,Augusta,US-GA,33.3699,-81.9645,8001
KAGZ,,Wagner Municipal Airport,Wagner,US-SD,43.0649,-98.2967,3500
KAHC,AHC,Amedee Army Air Field,Herlong,US-CA,40.2662,-120.153,10000
KAHH,AHH,Amery Municipal Airport,Amery,US-WI,45.2811,-92.3754,4002
KAHN,AHN,Athens Ben Epps Airport,Athens,US-GA,33.9488,-83.3256,6122
KAHQ,,Wahoo Municipal Airport,Wahoo,US-NE,41.2413,-96.594,4100
KAIA,AIA,Alliance Municipal Airport,Alliance,US-NE,42.0525,-102.804,9203
KAIB,,Hopkins Field,Nucla,US-CO,38.239,-108.5634,5212
KAID,AID,Anderson Municipal Darlington Field,Anderson,US-IN,40.1086,-85.613,5400
KAIG,,Langlade County Airport,Antigo,US-WI,45.1542,-89.1107,4010
KAIK,AIK,Aiken Regional Airport,Aiken,US-SC,33.6494,-81.685,5500
KAIO,AIO,Atlantic Municipal Airport,Atlantic,US-IA,41.4073,-95.0469,5000
KAIT,,Aitkin Municipal Airport Steve Kurtz Field,Aitkin,US-MN,46.5484,-93.6768,4000
KAIV,AIV,George Downer Airport,Aliceville,US-AL,33.1065,-88.1978,5001
KAIZ,AIZ,Lee C Fine Memorial Airport,Kaiser Lake Ozark,US-MO,38.096,-92.5495,6497
KAJG,,Mount Carmel Municipal Airport,Mount Carmel,US-IL,38.6065,-87.7267,4500
KAJR,,Habersham County Airport,Cornelia,US-GA,34.4999,-83.5567,5503
KAJZ,,Blake Field,Delta,US-CO,38.7864,-108.064,5598
KAKH,,Gastonia Municipal Airport,Gastonia,US-NC,35.2026,-81.1499,3769
KAKO,AKO,Colorado Plains Regional Airport,Akron,US-CO,40.1756,-103.222,7001
KAKQ,,Wakefield Municipal Airport,Wakefield,US-VA,36.9872,-77.0011,4337
KAKR,AKC,Akron Fulton International Airport,Akron,US-OH,41.0374,-81.4678,6336
KALB,ALB,Albany International Airport,Albany,US-NY,42.7483,-73.8017,8500
KALI,ALI,Alice International Airport,Alice,US-TX,27.7409,-98.0269,5997
KALM,ALM,Alamogordo White Sands Regional Airport,Alamogordo,US-NM,32.8378,-105.9931,9207
KALN,ALN,St Louis Regional Airport,Alton/St Louis,US-IL,38.8903,-90.046,8099
KALO,ALO,Waterloo Regional Airport,Waterloo,US-IA,42.5571,-92.4003,8399
KALS,ALS,San Luis Valley Regional Airport/Bergman Field,Alamosa,US-CO,37.4349,-105.867,8521
KALW,ALW,Walla Walla Regional Airport,Walla Walla,US-WA,46.0949,-118.288,6527
KALX,ALX,Thomas C Russell Field,Alexander City,US-AL,32.9147,-85.963,5422
KAMA,AMA,Rick Husband Amarillo International Airport,Amarillo,US-TX,35.2179,-101.7064,13502
KAMG,,Bacon County Airport,Alma,US-GA,31.5361,-82.5066,5000
KAMN,AMN,Gratiot Community Airport,Alma,US-MI,43.3221,-84.688,5004
KAMT,,Alexander Salamon Airport,West Union,US-OH,38.8515,-83.5663,3558
KAMW,AMW,Ames Municipal Airport,Ames,US-IA,41.992,-93.6218,5701
KANB,ANB,Anniston Regional Airport,Anniston,US-AL,33.5882,-85.8581,7002
KAND,AND,Anderson Regional Airport,Anderson,US-SC,34.4946,-82.7094,6002
KANE,,Anoka County-Blaine (Janes Field) Airport,Minneapolis,US-MN,45.145,-93.2114,5000
KANJ,,Sault Ste Marie Municipal Airport Sanderson Field,Sault Ste Marie,US-MI,46.4792,-84.3684,5234
KANK,SLT,Salida Airport - Harriet Alexander Field,Salida,US-CO,38.5383,-106.049,7351
KANQ,ANQ,Tri State Steuben County Airport,Angola,US-IN,41.6397,-85.0835,4540
KANW,ANW,Ainsworth Regional Airport,Ainsworth,US-NE,42.5792,-99.993,6824
KANY,ANY,Anthony Municipal Airport,Anthony,US-KS,37.1585,-98.0796,3598
KAOC,,Arco Butte County Airport,Arco,US-ID,43.6035,-113.334,4801
KAOH,AOH,Lima Allen County Airport,Lima,US-OH,40.7069,-84.0267,6000
KAOO,AOO,Altoona Blair County Airport,Altoona,US-PA,40.2964,-78.32,5465
KAOV,,Ava Bill Martin Memorial Airport,Ava,US-MO,36.9719,-92.6819,3634
KAPA,APA,Centennial Airport,Denver,US-CO,39.5701,-104.849,10001
KAPC,APC,Napa County Airport,Napa,US-CA,38.2132,-122.281,5930
KAPF,APF,Naples Municipal Airport,Naples,US-FL,26.1526,-81.7753,6600
KAPG,APG,Phillips Army Air Field,Aberdeen,US-MD,39.4662,-76.1688,7998
KAPN,APN,Alpena County Regional Airport,Alpena,US-MI,45.0781,-83.5603,9001
KAPV,APV,Apple Valley Airport,Apple Valley,US-CA,34.5753,-117.186,6498
KAPY,,Zapata County Airport,Zapata,US-TX,26.9688,-99.2489,5000
KAQO,,Llano Municipal Airport,Llano,US-TX,30.7837,-98.662,4202
KAQP,,Appleton Municipal Airport,Appleton,US-MN,45.2282,-96.0059,3500
KAQW,,Harriman and West Airport,North Adams,US-MA,42.6959,-73.1704,4300
KAQX,,Allendale County Airport,Allendale,US-SC,32.9951,-81.2702,4990
KARA,ARA,Acadiana Regional Airport,New Iberia,US-LA,30.0378,-91.8839,8002
KARB,ARB,Ann Arbor Municipal Airport,Ann Arbor,US-MI,42.223,-83.7456,3505
KARG,ARG,Walnut Ridge Regional Airport,Walnut Ridge,US-AR,36.1247,-90.9251,6001
KARM,WHT,Wharton Regional Airport,Wharton,US-TX,29.2543,-96.1544,5004
KARR,AUZ,Aurora Municipal Airport,Chicago/Aurora,US-IL,41.7719,-88.4757,6501
KART,ART,Watertown International Airport,Watertown,US-NY,43.9919,-76.0217,7001
KARV,ARV,Lakeland Airport Noble F Lee Memorial Field,Woodruff,US-WI,45.9279,-89.7309,5150
KASD,,Slidell Airport,Slidell,US-LA,30.3451,-89.8208,5002
KASE,ASE,Aspen-Pitkin County Airport (Sardy Field),Aspen,US-CO,39.2232,-106.869,8006
KASG,SPZ,Springdale Municipal Airport,Springdale,US-AR,36.1764,-94.1193,5302
KASH,ASH,Nashua Airport / Boire Field,Nashua,US-NH,42.7817,-71.5148,6000
KASJ,,Tri-County Airport at Henry Joyner Field,Aulander,US-NC,36.2975,-77.1709,4501
KASL,ASL,Harrison County Airport,Marshall,US-TX,32.5205,-94.3078,5002
KASN,ASN,Talladega Municipal Airport,Talladega,US-AL,33.5699,-86.0509,6032
KAST,AST,Astoria Regional Airport,Astoria,US-OR,46.158,-123.879,5794
KASW,,Warsaw Municipal Airport,Warsaw,US-IN,41.2747,-85.8401,6001
KASX,ASX,John F Kennedy Memorial Airport,Ashland,US-WI,46.5485,-90.919,5197
KASY,ASY,Ashley Municipal Airport,Ashley,US-ND,46.0239,-99.3526,4364
KATA,,Hall Miller Municipal Airport,Atlanta,US-TX,33.1018,-94.1953,3800
KATL,ATL,Hartsfield Jackson Atlanta International Airport,Atlanta,US-GA,33.6367,-84.4281,12390
KATS,ATS,Artesia Municipal Airport,Artesia,US-NM,32.8525,-104.468,6800
KATW,ATW,Appleton International Airport,Appleton,US-WI,44.2585,-88.519,8003
KATY,ATY,Watertown Regional Airport,Watertown,US-SD,44.914,-97.1547,6898
KAUG,AUG,Augusta State Airport,Augusta,US-ME,44.3206,-69.7973,5002
KAUH,,Aurora Municipal Al Potter Field,Aurora,US-NE,40.8941,-97.9946,4301
KAUM,AUM,Austin Municipal Airport,Austin,US-MN,43.665,-92.9334,5800
KAUN,AUN,Auburn Municipal Airport,Auburn,US-CA,38.9548,-121.082,3700
KAUO,AUO,Auburn University Regional Airport,Auburn,US-AL,32.6151,-85.434,5264
KAUS,AUS,Austin Bergstrom International Airport,Austin,US-TX,30.1975,-97.662,12250
KAUW,AUW,Wausau Downtown Airport,Wausau,US-WI,44.9262,-89.6266,4950
KAVC,,Mecklenburg Brunswick Regional Airport,Brodnax,US-VA,36.6883,-78.0545,5002
KAVK,,Alva Regional Airport,Alva,US-OK,36.7732,-98.6699,5001
KAVL,AVL,Asheville Regional Airport,Asheville,US-NC,35.4355,-82.5419,8002
KAVO,AVO,Avon Park Executive Airport,Avon Park,US-FL,27.5912,-81.5278,5374
KAVP,AVP,Wilkes-Barre/Scranton International Airport,Wilkes-Barre/Scranton,US-PA,41.3371,-75.7242,7502
KAVQ,AVW,Marana Regional Airport,Marana,US-AZ,32.4091,-111.2162,6901
KAWG,,Washington Municipal Airport,Washington,US-IA,41.2761,-91.6734,4000
KAWM,AWM,West Memphis Municipal Airport,West Memphis,US-AR,35.1351,-90.2344,6003
KAWO,,Arlington Municipal Airport,Arlington,US-WA,48.1614,-122.1584,5332
KAXA,AXG,Algona Municipal Airport,Algona,US-IA,43.0781,-94.2718,3960
KAXH,,Houston Southwest Airport,Rosharon,US-TX,29.5061,-95.4769,5002
KAXN,AXN,Chandler Field,Alexandria,US-MN,45.8663,-95.3947,5099
KAXQ,,Clarion County Airport,Clarion,US-PA,41.2258,-79.441,5003
KAXS,AXS,Altus Quartz Mountain Regional Airport,Altus,US-OK,34.698,-99.3385,5501
KAXV,AXV,Neil Armstrong Airport,Wapakoneta,US-OH,40.4934,-84.2989,5500
KAXX,AXX,Angel Fire Airport,Angel Fire,US-NM,36.422,-105.29,8900
KAYS,AYS,Waycross Ware County Airport,Waycross,US-GA,31.2491,-82.3955,5992
KAYX,TUH,Arnold Air Force Base,Manchester,US-TN,35.3926,-86.0858,6000
KAZC,,Colorado City Municipal Airport,Colorado City,US-AZ,36.9592,-113.0132,6300
KAZE,,Hazlehurst Airport,Hazlehurst,US-GA,31.8847,-82.6474,4508
KAZO,AZO,Kalamazoo/Battle Creek International Airport,Kalamazoo,US-MI,42.2321,-85.5496,6502
KB16,,Whitfords Airport,Weedsport,US-NY,43.0803,-76.5384,3630
KBAB,BAB,Beale Air Force Base,Beale Air Force Base,US-CA,39.1361,-121.437,12001
KBAD,BAD,Barksdale Air Force Base,Bossier City,US-LA,32.5018,-93.6627,11758
KBAF,BAF,Westfield-Barnes Regional Airport,Westfield,US-MA,42.1578,-72.7156,9000
KBAK,CLU,Columbus Municipal Airport,Columbus,US-IN,39.2624,-85.8956,6401
KBAM,BAM,Battle Mountain Airport,Battle Mountain,US-NV,40.599,-116.874,7300
KBAX,,Huron County Memorial Airport,Bad Axe,US-MI,43.7802,-82.9854,5000
KBAZ,,New Braunfels National Airport,New Braunfels,US-TX,29.7045,-98.0422,6503
KBBB,BBB,Benson Municipal Airport,Benson,US-MN,45.3319,-95.6506,4000
KBBD,BBD,Curtis Field,Brady,US-TX,31.1789,-99.3247,4605
KBBG,BKG,Branson Airport,Branson,US-MO,36.5321,-93.2005,7140
KBBP,BTN,Marlboro County Jetport - H E Avent Field Airport,Bennettsville,US-SC,34.6217,-79.7344,5003
KBBW,BBW,Broken Bow Municipal Airport,Broken Bow,US-NE,41.4365,-99.6422,4203
KBCB,BCB,Virginia Tech Montgomery Executive Airport,Blacksburg,US-VA,37.2076,-80.4078,5501
KBCE,BCE,Bryce Canyon Airport,Bryce Canyon,US-UT,37.7064,-112.145,7395
KBCK,,Black River Falls Area Airport,Black River Falls,US-WI,44.2507,-90.8553,4601
KBCT,BCT,Boca Raton Airport,Boca Raton,US-FL,26.3785,-80.1077,6276
KBDE,BDE,Baudette International Airport,Baudette,US-MN,48.7284,-94.6122,5498
KBDG,BDG,Blanding Municipal Airport,Blanding,US-UT,37.5833,-109.483,5781
KBDH,ILL,Willmar Municipal Airport John L Rice Field (2006),Willmar,US-MN,45.1176,-95.1323,5500
KBDL,BDL,Bradley International Airport,Hartford,US-CT,41.9386,-72.688,9510
KBDN,,Bend Municipal Airport,Bend,US-OR,44.0948,-121.201,5201
KBDQ,,Morrilton Municipal Airport,Morrilton,US-AR,35.1362,-92.7135,3998
KBDR,BDR,Igor I Sikorsky Memorial Airport,Bridgeport,US-CT,41.1635,-73.1262,4759
KBDU,WBU,Boulder Municipal Airport,Boulder,US-CO,40.0391,-105.226,4100
KBEA,,Beeville Municipal Airport,Beeville,US-TX,28.3619,-97.791,4553
KBEC,BEC,Beech Factory Airport,Wichita,US-KS,37.6945,-97.215,8001
KBED,BED,Laurence G Hanscom Field,Bedford,US-MA,42.47,-71.289,7011
KBEH,BEH,Southwest Michigan Regional Airport,Benton Harbor,US-MI,42.1286,-86.4285,6006
KBFA,,Boyne Mountain Airport,Boyne Falls,US-MI,45.1658,-84.9241,5187
KBFD,BFD,Bradford Regional Airport,Bradford,US-PA,41.8031,-78.6401,6307
KBFE,,Terry County Airport,Brownfield,US-TX,33.1731,-102.193,5218
KBFF,BFF,Western Neb. Rgnl/William B. Heilig Airport,Scottsbluff,US-NE,41.874,-103.596,8279
KBFI,BFI,King County International Airport - Boeing Field,Seattle,US-WA,47.527,-122.2999,10007
KBFK,,Buffalo Municipal Airport,Buffalo,US-OK,36.8633,-99.6187,4000
KBFL,BFL,Meadows Field,Bakersfield,US-CA,35.4336,-119.057,10849
KBFM,BFM,Mobile Downtown Airport,Mobile,US-AL,30.6268,-88.0681,9618
KBFR,BFR,Virgil I Grissom Municipal Airport,Bedford,US-IN,38.84,-86.4454,4501
KBGD,BGD,Hutchinson County Airport,Borger,US-TX,35.7009,-101.394,6299
KBGE,BGE,Decatur County Industrial Air Park,Bainbridge,US-GA,30.9715,-84.6374,5502
KBGF,,Winchester Municipal Airport,Winchester,US-TN,35.1775,-86.0662,5003
KBGM,BGM,Greater Binghamton/Edwin A Link field,Binghamton,US-NY,42.2087,-75.9798,7305
KBGR,BGR,Bangor International Airport,Bangor,US-ME,44.8064,-68.8267,11440
KBHB,BHB,Hancock County-Bar Harbor Airport,Bar Harbor,US-ME,44.45,-68.3615,5200
KBHC,,Baxley Municipal Airport,Baxley,US-GA,31.7138,-82.3938,5003
KBHK,,Baker Municipal Airport,Baker,US-MT,46.3466,-104.2581,5904
KBHM,BHM,Birmingham-Shuttlesworth International Airport,Birmingham,US-AL,33.5629,-86.7507,12007
KBIE,BIE,Beatrice Municipal Airport,Beatrice,US-NE,40.3013,-96.7541,5602
KBIF,BIF,Biggs Army Air Field (Fort Bliss),Fort Bliss/El Paso,US-TX,31.8495,-106.38,13554
KBIH,BIH,Eastern Sierra Regional Airport,Bishop,US-CA,37.3731,-118.364,7498
KBIJ,,Early County Airport,Blakely,US-GA,31.3975,-84.8948,5494
KBIL,BIL,Billings Logan International Airport,Billings,US-MT,45.8089,-108.5412,10518
KBIS,BIS,Bismarck Municipal Airport,Bismarck,US-ND,46.7727,-100.7469,8794
KBIV,,West Michigan Regional Airport,Holland,US-MI,42.7429,-86.1074,6002
KBIX,BIX,Keesler Air Force Base,Biloxi,US-MS,30.4104,-88.9244,7630
KBJC,BJC,Rocky Mountain Metropolitan Airport,Denver,US-CO,39.9088,-105.117,9000
KBJI,BJI,Bemidji Regional Airport,Bemidji,US-MN,47.5094,-94.9337,7004
KBJJ,BJJ,Wayne County Airport,Wooster,US-OH,40.8748,-81.8883,5190
KBKD,BKD,Stephens County Airport,Breckenridge,US-TX,32.719,-98.891,5002
KBKE,BKE,Baker City Municipal Airport,Baker City,US-OR,44.8373,-117.809,5084
KBKF,BFK,Buckley Space Force Base,Aurora,US-CO,39.7017,-104.752,11006
KBKL,BKL,Burke Lakefront Airport,Cleveland,US-OH,41.5175,-81.6833,6604
KBKN,BWL,Blackwell Tonkawa Municipal Airport,Blackwell,US-OK,36.7452,-97.3496,3501
KBKS,,Brooks County Airport,Falfurrias,US-TX,27.2068,-98.1212,6006
KBKT,BKT,Allen C Perkinson Blackstone Army Air Field,Blackstone,US-VA,37.0742,-77.9575,5333
KBKV,,Brooksville–Tampa Bay Regional Airport,Brooksville,US-FL,28.4695,-82.4571,7001
KBKW,BKW,Raleigh County Memorial Airport,Beaver,US-WV,37.7873,-81.1242,6750
KBKX,BKX,Brookings Regional Airport,Brookings,US-SD,44.3048,-96.8169,6000
KBLF,BLF,Mercer County Airport,Bluefield,US-WV,37.2958,-81.2077,4743
KBLH,BLH,Blythe Airport,Blythe,US-CA,33.6192,-114.717,6543
KBLI,BLI,Bellingham International Airport,Bellingham,US-WA,48.7928,-122.538,6700
KBLM,BLM,Monmouth Executive Airport,Belmar/Farmingdale,US-NJ,40.1869,-74.1249,7345
KBLV,BLV,Scott AFB/Midamerica Airport,Belleville,US-IL,38.5452,-89.8352,10000
KBMC,BMC,Brigham City Regional Airport,Brigham City,US-UT,41.5524,-112.062,8900
KBMG,BMG,Monroe County Airport,Bloomington,US-IN,39.146,-86.6167,6500
KBMI,BMI,Central Illinois Regional Airport at Bloomington-Normal,Bloomington/Normal,US-IL,40.4771,-88.9159,8000
KBML,BML,Berlin Regional Airport,Berlin,US-NH,44.5754,-71.1759,5200
KBMQ,,Burnet Municipal Airport/Kate Craddock Field,Burnet,US-TX,30.7389,-98.2386,5001
KBMT,BMT,Beaumont Municipal Airport,Beaumont,US-TX,30.0706,-94.2157,4001
KBNA,BNA,Nashville International Airport,Nashville,US-TN,36.1245,-86.6782,11030
KBNG,BNG,Banning Municipal Airport,Banning,US-CA,33.9225,-116.8507,4955
KBNL,BNL,Barnwell Regional Airport,Barnwell,US-SC,33.2578,-81.3883,5119
KBNO,BNO,Burns Municipal Airport,Burns,US-OR,43.5905,-118.9552,5101
KBNW,BNW,Boone Municipal Airport,Boone,US-IA,42.0496,-93.8476,4808
KBOI,BOI,Boise Air Terminal/Gowen Field,Boise,US-ID,43.5644,-116.223,10000
KBOS,BOS,Boston Logan International Airport,Boston,US-MA,42.362,-71.0079,10083
KBOW,BOW,Bartow Executive Airport,Bartow,US-FL,27.9434,-81.7834,5001
KBPG,HCA,Big Spring Mc Mahon-Wrinkle Airport,Big Spring,US-TX,32.2126,-101.522,8803
KBPI,BPI,Miley Memorial Field,Big Piney,US-WY,42.5851,-110.111,6803
KBPK,WMH,Ozark Regional Airport,Mountain Home,US-AR,36.3689,-92.4705,5000
KBPT,BPT,Jack Brooks Regional Airport,Beaumont/Port Arthur,US-TX,29.9508,-94.0207,6751
KBQK,BQK,Brunswick Golden Isles Airport,Brunswick,US-GA,31.2588,-81.4665,8001
KBQP,,Morehouse Memorial Airport,Bastrop,US-LA,32.756,-91.8806,4002
KBRD,BRD,Brainerd Lakes Regional Airport,Brainerd,US-MN,46.4029,-94.1297,7100
KBRL,BRL,Southeast Iowa Regional Airport,Burlington,US-IA,40.7832,-91.1255,6102
KBRO,BRO,Brownsville South Padre Island International Airport,Brownsville,US-TX,25.9072,-97.4252,7399
KBRY,BRY,Samuels Field,Bardstown,US-KY,37.8143,-85.4996,5003
KBST,,Belfast Municipal Airport,Belfast,US-ME,44.4094,-69.0119,4000
KBTA,,Blair Executive Airport,Blair,US-NE,41.4149,-96.1091,4201
KBTF,BTF,Skypark Airport,Bountiful,US-UT,40.8694,-111.927,4634
KBTL,BTL,Battle Creek Executive Airport at Kellogg Field,Battle Creek,US-MI,42.3073,-85.2515,10004
KBTM,BTM,Bert Mooney Airport,Butte,US-MT,45.9548,-112.497,9000
KBTN,TTO,Britton Municipal Airport,Britton,US-SD,45.8152,-97.7431,4210
KBTP,BTP,Pittsburgh/Butler Regional Airport,Butler,US-PA,40.7769,-79.9497,4801
KBTR,BTR,Baton Rouge Metropolitan Airport,Baton Rouge,US-LA,30.5332,-91.1496,7500
KBTV,BTV,Patrick Leahy Burlington International Airport,Burlington,US-VT,44.4719,-73.1533,8319
KBTY,BTY,Beatty Airport,Beatty,US-NV,36.8611,-116.787,5615
KBUB,BUB,Cram Field,Burwell,US-NE,41.7767,-99.1497,3900
KBUF,BUF,Buffalo Niagara International Airport,Buffalo,US-NY,42.9405,-78.7322,8829
KBUM,BUM,Butler Memorial Airport,Butler,US-MO,38.2898,-94.3401,3999
KBUR,BUR,Hollywood Burbank/Bob Hope Airport,Burbank,US-CA,34.2028,-118.3581,6886
KBUU,,Burlington Municipal Airport,Burlington,US-WI,42.6907,-88.3046,4300
KBUY,,Burlington Alamance Regional Airport,Burlington,US-NC,36.0485,-79.4749,6406
KBVI,BFP,Beaver County Airport,Beaver Falls,US-PA,40.7725,-80.3914,4501
KBVN,,Albion Municipal Airport/Ron Levander Field,Albion,US-NE,41.7286,-98.0558,3700
KBVO,BVO,Bartlesville Municipal Airport,Bartlesville,US-OK,36.7625,-96.0112,6850
KBVS,MVW,Skagit Regional Airport,Burlington,US-WA,48.4709,-122.421,5480
KBVX,BVX,Batesville Regional Airport,Batesville,US-AR,35.7262,-91.6473,6002
KBVY,BVY,Beverly Regional Airport,Beverly / Danvers,US-MA,42.5842,-70.9165,5001
KBWC,BWC,Brawley Municipal Airport,Brawley,US-CA,32.9929,-115.517,4166
KBWD,BWD,Brownwood Regional Airport,Brownwood,US-TX,31.7936,-98.9565,5599
KBWG,BWG,Bowling Green Warren County Regional Airport,Bowling Green,US-KY,36.9645,-86.4197,6501
KBWI,BWI,Baltimore/Washington International Thurgood Marshall Airport,Baltimore,US-MD,39.1754,-76.6683,10503
KBWP,WAH,Harry Stern Airport,Wahpeton,US-ND,46.2441,-96.6074,5100
KBXA,BXA,George R Carr Memorial Air Field,Bogalusa,US-LA,30.8137,-89.865,5002
KBXG,,Burke County Airport,Waynesboro,US-GA,33.0413,-82.0027,5003
KBXK,BXK,Buckeye Municipal Airport,Buckeye,US-AZ,33.4224,-112.6863,5500
KBXM,NHZ,Brunswick Executive Airport,Brunswick,US-ME,43.8922,-69.9386,8000
KBYG,BYG,Johnson County Airport,Buffalo,US-WY,44.3811,-106.722,6143
KBYH,BYH,Arkansas International Airport,Blytheville,US-AR,35.9643,-89.944,11602
KBYI,BYI,Burley Municipal Airport,Burley,US-ID,42.5426,-113.772,4092
KBYY,BBC,Bay City Regional Airport,Bay City,US-TX,28.9733,-95.8635,5107
KBZN,BZN,Bozeman Yellowstone International Airport,Bozeman,US-MT,45.7789,-111.1537,8994
KC02,XES,Grand Geneva Resort Airport,Lake Geneva,US-WI,42.6149,-88.3896,4100
KC03,,Nappanee Municipal Airport,Nappanee,US-IN,41.4462,-85.9348,3675
KC04,,Oceana County Airport,Hart/Shelby,US-MI,43.6417,-86.3292,3500
KC08,,Silver West Airport,Westcliffe,US-CO,38.0132,-105.3743,6954
KC09,,Morris Municipal Airport James R. Washburn field,Morris,US-IL,41.4254,-88.4187,5501
KC15,,Pekin Municipal Airport,Pekin,US-IL,40.4882,-89.6759,5000
KC16,,Frasca Field,Urbana,US-IL,40.1464,-88.1985,4001
KC20,,Andrews University Airpark,Berrien Springs,US-MI,41.9517,-86.3677,4148
KC24,,Mineral County Memorial Airport,Creede,US-CO,37.822,-106.9303,6880
KC29,,Middleton Municipal Morey Field,Middleton,US-WI,43.1143,-89.5315,4001
KC35,,Reedsburg Municipal Airport,Reedsburg,US-WI,43.5259,-89.9832,4840
KC47,,Portage Municipal Airport,Portage,US-WI,43.5603,-89.4829,3775
KC62,,Kendallville Municipal Airport,Kendallville,US-IN,41.4727,-85.2608,4400
KC65,PLY,Plymouth Municipal Airport,Plymouth,US-IN,41.3651,-86.3005,4400
KC73,,Dixon Municipal Charles R. Walgreen Field,Dixon,US-IL,41.8339,-89.444,3897
KC75,,Marshall County Airport,Lacon,US-IL,41.0184,-89.3859,4003
KC77,,Poplar Grove Airport,Poplar Grove,US-IL,42.3229,-88.8363,3773
KC80,CLG,New Coalinga Municipal Airport,Coalinga,US-CA,36.1631,-120.294,5000
KC83,,Byron Airport,Byron,US-CA,37.8265,-121.6217,4500
KC91,,Dowagiac Municipal Airport,Dowagiac,US-MI,41.9929,-86.128,4700
KCAD,CAD,Wexford County Airport,Cadillac,US-MI,44.2757,-85.4215,5001
KCAE,CAE,Columbia Metropolitan Airport,Columbia,US-SC,33.9382,-81.123,8601
KCAG,CIG,Craig Moffat Airport,Craig,US-CO,40.4952,-107.522,5606
KCAK,CAK,Akron Canton Regional Airport,Akron,US-OH,40.9161,-81.4422,8204
KCAO,CAO,Clayton Municipal Airpark,Clayton,US-NM,36.4462,-103.167,6307
KCAR,CAR,Caribou Municipal Airport,Caribou,US-ME,46.8715,-68.0179,4003
KCBE,CBE,Greater Cumberland Regional Airport,Wiley Ford,US-WV,39.6154,-78.7609,5047
KCBF,CBF,Council Bluffs Municipal Airport,Council Bluffs,US-IA,41.2592,-95.7606,5500
KCBG,,Cambridge Municipal Airport,Cambridge,US-MN,45.5575,-93.2642,4001
KCBK,CBK,Shalz Field,Colby,US-KS,39.4275,-101.047,5110
KCBM,CBM,Columbus Air Force Base,Columbus,US-MS,33.6438,-88.4438,12004
KCCA,,Clinton Municipal Airport,Clinton,US-AR,35.5978,-92.4516,4007
KCCB,CCB,Upland-Cable Airport,Upland,US-CA,34.1116,-117.688,3863
KCCO,,Newnan Coweta County Airport,Newnan,US-GA,33.3116,-84.7698,5500
KCCR,CCR,Buchanan Field,Concord,US-CA,37.9897,-122.057,5001
KCCY,CCY,Northeast Iowa Regional Airport,Charles City,US-IA,43.0726,-92.6108,4000
KCDC,CDC,Cedar City Regional Airport,Cedar City,US-UT,37.701,-113.099,8653
KCDH,CDH,Harrell Field,Camden,US-AR,33.6228,-92.7634,6501
KCDI,,Cambridge Municipal Airport,Cambridge,US-OH,39.975,-81.5776,4298
KCDN,CDN,Woodward Field,Camden,US-SC,34.2836,-80.5649,5000
KCDR,CDR,Chadron Municipal Airport,Chadron,US-NE,42.8376,-103.095,5998
KCDS,CDS,Childress Municipal Airport,Childress,US-TX,34.4338,-100.288,5949
KCDW,CDW,Essex County Airport,Caldwell,US-NJ,40.8752,-74.2814,4552
KCEA,CEA,Cessna Aircraft Field,Wichita,US-KS,37.6486,-97.2506,3873
KCEC,CEC,Jack Mc Namara Field Airport,Crescent City,US-CA,41.7789,-124.2364,5002
KCEF,CEF,Westover Metropolitan Airport / Westover Air Reserve Base,Chicopee,US-MA,42.194,-72.5348,11597
KCEK,,Crete Municipal Airport,Crete,US-NE,40.6179,-96.9249,4201
KCEU,CEU,Oconee County Regional Airport,Clemson,US-SC,34.6719,-82.8865,5000
KCEV,CEV,Mettel Field,Connersville,US-IN,39.6985,-85.1297,6503
KCEW,CEW,Bob Sikes Airport,Crestview,US-FL,30.7788,-86.5221,8006
KCEY,CEY,Murray-Calloway County Airport Kyle-Oakley Field,Murray,US-KY,36.6646,-88.3728,6202
KCEZ,CEZ,Cortez Municipal Airport,Cortez,US-CO,37.303,-108.628,7205
KCFD,CFD,Coulter Field,Bryan,US-TX,30.7157,-96.3314,4000
KCFJ,,Crawfordsville Regional Airport,Crawfordsville,US-IN,39.9756,-86.9199,5506
KCFS,TZC,Tuscola Area Airport,Caro,US-MI,43.4588,-83.4455,4302
KCFT,CFT,Greenlee County Airport,Clifton,US-AZ,32.957,-109.2114,4978
KCFV,CFV,Coffeyville Municipal Airport,Coffeyville,US-KS,37.094,-95.5719,5868
KCGC,,Crystal River Airport,Crystal River,US-FL,28.8672,-82.571,4557
KCGE,CGE,Cambridge Dorchester Airport,Cambridge,US-MD,38.5393,-76.0304,4477
KCGF,CGF,Cuyahoga County Airport,Cleveland,US-OH,41.5651,-81.4864,5502
KCGI,CGI,Cape Girardeau Regional Airport,Cape Girardeau,US-MO,37.2253,-89.5708,6500
KCGZ,CGZ,Casa Grande Municipal Airport,Casa Grande,US-AZ,32.9549,-111.767,5200
KCHA,CHA,Chattanooga Metropolitan Airport (Lovell Field),Chattanooga,US-TN,35.0353,-85.2038,7400
KCHD,,Chandler Municipal Airport,Chandler,US-AZ,33.2691,-111.811,4870
KCHK,CHK,Chickasha Municipal Airport,Chickasha,US-OK,35.0974,-97.9677,5101
KCHN,,Wauchula Municipal Airport,Wauchula,US-FL,27.5149,-81.8805,4005
KCHO,CHO,Charlottesville Albemarle Airport,Charlottesville,US-VA,38.1386,-78.4529,6801
KCHS,CHS,Charleston International Airport,Charleston,US-SC,32.8962,-80.0382,9001
KCHT,,Chillicothe Municipal Airport,Chillicothe,US-MO,39.7822,-93.4957,3899
KCIC,CIC,Chico Regional Airport,Chico,US-CA,39.7956,-121.8577,6724
KCII,,Choteau Airport,Choteau,US-MT,47.8283,-112.168,5000
KCIN,CIN,Arthur N Neu Airport,Carroll,US-IA,42.0462,-94.789,5506
KCIR,CIR,Cairo Regional Airport,Cairo,US-IL,37.0645,-89.2196,4001
KCIU,CIU,Chippewa County International Airport,Kincheloe,US-MI,46.242,-84.4621,7203
KCJR,,Culpeper Regional Airport,Culpeper,US-VA,38.5267,-77.8589,5000
KCKA,CKA,Kegelman AF Aux Field,Cherokee,US-OK,36.7343,-98.1235,7800
KCKB,CKB,North Central West Virginia Airport,Bridgeport,US-WV,39.2966,-80.2281,7800
KCKC,GRM,Grand Marais Cook County Airport,Grand Marais,US-MN,47.8383,-90.3829,5002
KCKF,,Crisp County Cordele Airport,Cordele,US-GA,31.9888,-83.7739,5008
KCKI,,Williamsburg Regional Airport,Kingstree,US-SC,33.7172,-79.857,5000
KCKM,CKM,Fletcher Field,Clarksdale,US-MS,34.2997,-90.5123,5404
KCKN,CKN,Crookston Municipal Kirkwood Field,Crookston,US-MN,47.8417,-96.6216,4300
KCKP,,Cherokee County Regional Airport,Cherokee,US-IA,42.7317,-95.5559,4001
KCKV,CKV,Clarksville–Montgomery County Regional Airport,Clarksville,US-TN,36.6219,-87.415,5999
KCKZ,,Pennridge Airport,Perkasie,US-PA,40.3892,-75.2905,4211
KCLE,CLE,Cleveland Hopkins International Airport,Cleveland,US-OH,41.4117,-81.8498,9953
KCLI,CLI,Clintonville Municipal Airport,Clintonville,US-WI,44.6138,-88.7313,4599
KCLK,CLK,Clinton Regional Airport,Clinton,US-OK,35.5383,-98.9327,4305
KCLL,CLL,Easterwood Field,College Station,US-TX,30.5886,-96.3638,7000
KCLM,CLM,William R Fairchild International Airport,Port Angeles,US-WA,48.1202,-123.5,6347
KCLS,CLS,Chehalis Centralia Airport,Chehalis,US-WA,46.677,-122.983,5000
KCLT,CLT,Charlotte Douglas International Airport,Charlotte,US-NC,35.214,-80.9431,10000
KCLW,CLW,Clearwater Air Park,Clearwater,US-FL,27.9767,-82.7587,4108
KCMA,,Camarillo Airport,Camarillo,US-CA,34.2137,-119.094,6013
KCMD,,Cullman Regional Airport-Folsom Field,Cullman,US-AL,34.2687,-86.858,5500
KCMH,CMH,John Glenn Columbus International Airport,Columbus,US-OH,39.998,-82.8919,10114
KCMI,CMI,University of Illinois Willard Airport,Savoy,US-IL,40.0398,-88.2762,8101
KCMR,,H.A. Clark Memorial Field,Williams,US-AZ,35.3056,-112.1944,6003
KCMX,CMX,Houghton County Memorial Airport,Hancock,US-MI,47.1684,-88.4891,6501
KCMY,CMY,Sparta Fort McCoy Airport,Sparta,US-WI,43.958,-90.7379,4697
KCNB,,Myers Field Airport,Canby,US-MN,44.7295,-96.266,4648
KCNC,,Chariton Municipal Airport,Chariton,US-IA,41.0196,-93.3597,4000
KCNK,CNK,Blosser Municipal Airport,Concordia,US-KS,39.5493,-97.6523,4000
KCNM,CNM,Cavern City Air Terminal,Carlsbad,US-NM,32.3375,-104.263,7854
KCNO,CNO,Chino Airport,Chino,US-CA,33.9747,-117.637,7000
KCNP,,Billy G Ray Field,Chappell,US-NE,41.0775,-102.464,4000
KCNU,CNU,Chanute Martin Johnson Airport,Chanute,US-KS,37.6682,-95.4867,4254
KCNW,CNW,TSTC Waco Airport,Waco,US-TX,31.6411,-97.0733,8600
KCNY,CNY,Canyonlands Regional Airport,Moab,US-UT,38.755,-109.755,7360
KCOD,COD,Yellowstone Regional Airport,Cody,US-WY,44.5202,-109.024,8268
KCOE,COE,Coeur D'Alene Airport - Pappy Boyington Field,Coeur d'Alene,US-ID,47.7743,-116.82,7400
KCOF,COF,Patrick Space Force Base,Cocoa Beach,US-FL,28.2349,-80.6101,9008
KCOI,COI,Merritt Island Airport,Merritt Island,US-FL,28.3416,-80.6855,3601
KCOM,COM,Coleman Municipal Airport,Coleman,US-TX,31.8411,-99.4036,4506
KCON,CON,Concord Municipal Airport,Concord,US-NH,43.2027,-71.5023,6005
KCOQ,,Cloquet Carlton County Airport,Cloquet,US-MN,46.7011,-92.5036,4003
KCOS,COS,City of Colorado Springs Municipal Airport,Colorado Springs,US-CO,38.8058,-104.701,13500
KCOT,COT,Cotulla-La Salle County Airport,Cotulla,US-TX,28.4567,-99.2203,6005
KCOU,COU,Columbia Regional Airport,Columbia,US-MO,38.8181,-92.2196,7401
KCPC,,Columbus County Municipal Airport,Whiteville,US-NC,34.2729,-78.715,5500
KCPK,,Chesapeake Regional Airport,Chesapeake,US-VA,36.6656,-76.3207,5500
KCPR,CPR,Casper-Natrona County International Airport,Casper,US-WY,42.9074,-106.4616,10165
KCPS,CPS,St Louis Downtown Airport,Cahokia/St Louis,US-IL,38.5707,-90.1562,7002
KCPT,,Cleburne Regional Airport,Cleburne,US-TX,32.3538,-97.4337,5697
KCPU,,Calaveras Co Maury Rasmussen Field,San Andreas,US-CA,38.1461,-120.648,3602
KCQA,,Lakefield Airport,Celina,US-OH,40.4841,-84.5601,4400
KCQB,,Chandler Regional Airport,Chandler,US-OK,35.7238,-96.8203,4000
KCQM,,Cook Municipal Airport,Cook,US-MN,47.8219,-92.6894,4000
KCQW,HCW,Cheraw Municipal Airport/Lynch Bellinger Field,Cheraw,US-SC,34.7129,-79.957,5000
KCRE,CRE,Grand Strand Airport,North Myrtle Beach,US-SC,33.8117,-78.7239,5997
KCRG,CRG,Jacksonville Executive at Craig Airport,Jacksonville,US-FL,30.3363,-81.5144,4008
KCRP,CRP,Corpus Christi International Airport,Corpus Christi,US-TX,27.7704,-97.5012,7510
KCRQ,CLD,McClellan-Palomar Airport,Carlsbad,US-CA,33.1283,-117.28,4897
KCRS,CRS,C David Campbell Field Corsicana Municipal Airport,Corsicana,US-TX,32.0281,-96.4006,5004
KCRT,CRT,Z M Jack Stell Field,Crossett,US-AR,33.1783,-91.8802,5010
KCRW,CRW,Yeager Airport,Charleston,US-WV,38.3731,-81.5932,6715
KCRX,CRX,Roscoe Turner Airport,Corinth,US-MS,34.915,-88.6035,6500
KCSB,,Cambridge Municipal Airport,Cambridge,US-NE,40.3066,-100.162,4098
KCSG,CSG,Columbus Airport,Columbus,US-GA,32.5164,-84.9396,6997
KCSM,CSM,Clinton Sherman Airport,Clinton,US-OK,35.3398,-99.2005,13503
KCSQ,CSQ,Creston Municipal Airport,Creston,US-IA,41.0214,-94.3633,4901
KCSV,CSV,Crossville Memorial Airport Whitson Field,Crossville,US-TN,35.9513,-85.085,5423
KCTB,CTB,Cut Bank International Airport,Cut Bank,US-MT,48.6087,-112.3782,5300
KCTJ,,West Georgia Regional Airport / O V Gray Field,Carrollton,US-GA,33.631,-85.152,5503
KCTK,,Ingersoll Airport,Canton,US-IL,40.5691,-90.0748,3899
KCTY,CTY,Cross City Airport,Cross City,US-FL,29.6355,-83.1048,5005
KCTZ,CTZ,Sampson County Airport,Clinton,US-NC,34.9756,-78.3646,5008
KCUB,CUB,Jim Hamilton L.B. Owens Airport,Columbia,US-SC,33.9705,-80.9952,5011
KCUH,CUH,Cushing Municipal Airport,Cushing,US-OK,35.9505,-96.7724,5201
KCUL,,Carmi Municipal Airport,Carmi,US-IL,38.0895,-88.1231,4000
KCUT,,Custer County Airport,Custer,US-SD,43.7333,-103.618,5500
KCVB,,Castroville Municipal Airport,Castroville,US-TX,29.3419,-98.8509,5001
KCVG,CVG,Cincinnati Northern Kentucky International Airport,Cincinnati / Covington,US-KY,39.0488,-84.6678,12001
KCVH,HLI,Hollister Municipal Airport,Hollister,US-CA,36.8933,-121.41,6350
KCVK,CKK,Sharp County Regional Airport,Ash Flat,US-AR,36.2649,-91.5626,5158
KCVN,CVN,Clovis Municipal Airport,Clovis,US-NM,34.4266,-103.0788,7200
KCVO,CVO,Corvallis Municipal Airport,Corvallis,US-OR,44.4972,-123.29,5900
KCVS,CVS,Cannon Air Force Base,Clovis,US-NM,34.3828,-103.322,10003
KCVX,,Charlevoix Municipal Airport,Charlevoix,US-MI,45.3048,-85.2748,4549
KCWA,CWA,Central Wisconsin Airport,Mosinee,US-WI,44.7774,-89.6702,7723
KCWC,KIP,Kickapoo Downtown Airport,Wichita Falls,US-TX,33.8578,-98.4904,4450
KCWF,CWF,Chennault International Airport,Lake Charles,US-LA,30.2106,-93.1432,10702
KCWI,CWI,Clinton Municipal Airport,Clinton,US-IA,41.8311,-90.3291,5204
KCWV,,Claxton Evans County Airport,Claxton,US-GA,32.1951,-81.8696,5002
KCXL,CXL,Calexico International Airport,Calexico,US-CA,32.6695,-115.513,4683
KCXO,CXO,Conroe-North Houston Regional Airport,Houston,US-TX,30.3518,-95.4145,7501
KCXP,CSN,Carson Airport,Carson City,US-NV,39.1943,-119.7343,6101
KCXU,,Camilla Mitchell County Airport,Camilla,US-GA,31.2131,-84.2354,5004
KCXW,,Conway Regional Airport,Conway,US-AR,35.0199,-92.5551,6005
KCXY,HAR,Capital City Airport,Harrisburg,US-PA,40.2171,-76.8515,5000
KCYO,,Pickaway County Memorial Airport,Circleville,US-OH,39.516,-82.9821,4346
KCYS,CYS,Cheyenne Regional Jerry Olson Field,Cheyenne,US-WY,41.1557,-104.812,9270
KCYW,,Clay Center Municipal Airport,Clay Center,US-KS,39.3871,-97.1572,4197
KCZD,,Cozad Municipal Airport,Cozad,US-NE,40.8691,-100.004,5000
KCZG,,Tri Cities Airport,Endicott,US-NY,42.0785,-76.0963,3900
KCZL,,Tom B. David Field,Calhoun,US-GA,34.4554,-84.9392,6034
KCZT,CZT,Dimmit County Airport,Carrizo Springs,US-TX,28.5222,-99.8236,5003
KD05,,Garrison Municipal Airport,Garrison,US-ND,47.6559,-101.437,3699
KD07,,Faith Municipal Airport,Faith,US-SD,45.0361,-102.02,4191
KD09,,Bottineau Municipal Airport,Bottineau,US-ND,48.8304,-100.417,3700
KD17,,Westwinds Airport,Delta,US-CO,38.7575,-108.148,4100
KD50,,Crosby Municipal Airport,Crosby,US-ND,48.9285,-103.297,3800
KD55,,Robertson Field,Langdon,US-ND,48.753,-98.3933,3600
KD57,,Glen Ullin Regional Airport,Glen Ullin,US-ND,46.8128,-101.86,3799
D60,VEX,Tioga Municipal Airport,Tioga,US-ND,48.3805,-102.898,5102
KJTC,,Springerville Municipal Airport,Springerville,US-AZ,34.1311,-109.3103,8422
KD73,,Monroe Walton County Airport,Monroe,US-GA,33.7824,-83.6929,4112
KD74,,Chorman Airport,Farmington,US-DE,38.8497,-75.6128,3588
D95,,Dupont-Lapeer Airport,Lapeer,US-MI,43.0666,-83.2723,3800
D98,,Romeo State Airport,Romeo,US-MI,42.7961,-82.975,4003
KDAA,DAA,Davison Army Air Field,Fort Belvoir,US-VA,38.715,-77.181,5421
KDAB,DAB,Daytona Beach International Airport,Daytona Beach,US-FL,29.1825,-81.0595,10500
KDAG,DAG,Barstow Daggett Airport,Daggett,US-CA,34.8537,-116.787,6402
KDAL,DAL,Dallas Love Field,Dallas,US-TX,32.8448,-96.8477,8800
KDAN,DAN,Danville Regional Airport,Danville,US-VA,36.5729,-79.3361,5900
KDAW,,Skyhaven Airport,Rochester,US-NH,43.2841,-70.9293,4201
KDAY,DAY,James M. Cox Dayton International Airport,Dayton,US-OH,39.9024,-84.2194,10901
KDBN,DBN,W H 'Bud' Barron Airport,Dublin,US-GA,32.5644,-82.9853,6501
KDBQ,DBQ,Dubuque Regional Airport,Dubuque,US-IA,42.402,-90.7095,6502
KDCA,DCA,Ronald Reagan Washington National Airport,Washington,US-DC,38.8521,-77.0377,7169
KDCM,,Chester Catawba Regional Airport,Chester,US-SC,34.7893,-81.1958,5000
KDCU,DCU,Pryor Field Regional Airport,Decatur,US-AL,34.6527,-86.9454,6107
KDCY,,Daviess County Airport,Washington,US-IN,38.7004,-87.1297,5002
KDDC,DDC,Dodge City Regional Airport,Dodge City,US-KS,37.7634,-99.9656,6899
KDDH,,William H Morse State Airport,Bennington,US-VT,42.8913,-73.2464,3704
KDEC,DEC,Decatur Airport,Decatur,US-IL,39.8346,-88.8657,8496
KDED,,Deland Municipal Sidney H Taylor Field,Deland,US-FL,29.067,-81.2838,6001
KDEH,DEH,Decorah Municipal Airport,Decorah,US-IA,43.2755,-91.7394,4001
KDEN,DEN,Denver International Airport,Denver,US-CO,39.86,-104.6738,16000
KDEQ,,J Lynn Helms Sevier County Airport,DeQueen,US-AR,34.047,-94.3994,5001
KDET,DET,Coleman A. Young Municipal Airport,Detroit,US-MI,42.4092,-83.0099,5092
KDEW,,Deer Park Airport,Deer Park,US-WA,47.9666,-117.427,6101
KDFI,DFI,Defiance Memorial Airport,Defiance,US-OH,41.3375,-84.4288,4199
KDFW,DFW,Dallas Fort Worth International Airport,Dallas-Fort Worth,US-TX,32.8968,-97.038,13401
KDGL,DGL,Douglas Municipal Airport,Douglas,US-AZ,31.3426,-109.506,5760
KDGW,DGW,Converse County Airport,Douglas,US-WY,42.7972,-105.386,6534
KDHN,DHN,Dothan Regional Airport,Dothan,US-AL,31.3213,-85.4496,8500
KDHT,DHT,Dalhart Municipal Airport,Dalhart,US-TX,36.0226,-102.547,6400
KDIJ,,Driggs/Reed Memorial Airport,Driggs,US-ID,43.7427,-111.0968,7301
KDIK,DIK,Dickinson Theodore Roosevelt Regional Airport,Dickinson,US-ND,46.7975,-102.8019,7301
KDKB,,DeKalb Taylor Municipal Airport,DeKalb,US-IL,41.9363,-88.7041,7026
KDKK,DKK,Chautauqua County-Dunkirk Airport,Dunkirk,US-NY,42.4925,-79.2731,6000
KDKR,,Houston County Airport,Crockett,US-TX,31.307,-95.4038,4000
KDLF,DLF,Laughlin Air Force Base,Del Rio,US-TX,29.3595,-100.778,8852
KDLH,DLH,Duluth International Airport,Duluth,US-MN,46.8419,-92.1987,10591
KDLL,,Baraboo Wisconsin Dells Regional Airport,Baraboo,US-WI,43.5227,-89.7702,5010
KDLN,DLN,Dillon Airport,Dillon,US-MT,45.2554,-112.553,6501
KDLO,,Delano Municipal Airport,Delano,US-CA,35.7456,-119.237,5659
KDLS,DLS,Columbia Gorge Regional Airport,Dallesport / The Dalles,US-OR,45.621,-121.1708,5097
KDLZ,,Delaware Municipal Airport,Delaware,US-OH,40.2797,-83.1148,5800
KDMA,DMA,Davis Monthan Air Force Base,Tucson,US-AZ,32.1665,-110.883,13643
KDMN,DMN,Deming Municipal Airport,Deming,US-NM,32.2623,-107.721,8018
KDMO,DMO,Sedalia Memorial Airport,Sedalia,US-MO,38.7074,-93.1759,5500
KDMW,,Carroll County Regional Jack B Poage Field,Westminster,US-MD,39.6083,-77.0077,5100
KDNL,DNL,Daniel Field,Augusta,US-GA,33.4665,-82.0394,4002
KDNN,DNN,Dalton Municipal Airport,Dalton,US-GA,34.7229,-84.8702,5496
KDNS,DNS,Denison Municipal Airport,Denison,US-IA,41.9864,-95.3807,5000
KDNV,DNV,Vermilion Regional Airport,Danville,US-IL,40.1991,-87.5966,6006
KDOV,DOV,Dover Civil Air Terminal/Dover Air Force Base,Dover,US-DE,39.1295,-75.466,12903
KDPA,DPA,Dupage Airport,Chicago/West Chicago,US-IL,41.9078,-88.2486,7571
KDPG,DPG,Michael AAF (Dugway Proving Ground) Airport,Dugway Proving Ground,US-UT,40.1974,-112.9351,10999
KDPL,,Duplin County Airport,Kenansville,US-NC,35.0001,-77.9817,6003
KDQH,,Douglas Municipal Gene Chambers Airport,Douglas,US-GA,31.4767,-82.8605,6000
KDRA,DRA,Desert Rock Airport,Mercury,US-NV,36.6194,-116.033,7515
KDRI,DRI,Beauregard Regional Airport,DeRidder,US-LA,30.8317,-93.3399,5494
KDRM,DRE,Drummond Island Airport,Drummond Island,US-MI,46.0093,-83.7439,4000
KDRO,DRO,Durango La Plata County Airport,Durango,US-CO,37.1515,-107.754,9201
KDRT,DRT,Del Rio International Airport,Del Rio,US-TX,29.3742,-100.927,6300
KDSM,DSM,Des Moines International Airport,Des Moines,US-IA,41.534,-93.6567,9004
KDSV,DSV,Dansville Municipal Airport,Dansville,US-NY,42.5705,-77.7133,3500
KDTA,DTA,Delta Municipal Airport,Delta,US-UT,39.3806,-112.508,6065
KDTL,DTL,Detroit Lakes Airport,Detroit Lakes,US-MN,46.8243,-95.8833,5201
KDTN,DTN,Shreveport Downtown Airport,Shreveport,US-LA,32.5402,-93.745,5016
KDTO,,Denton Enterprise Airport,Denton,US-TX,33.2018,-97.198,7002
KDTS,DSI,Destin Executive Airport,Destin,US-FL,30.4001,-86.4715,5001
KDTW,DTW,Detroit Metropolitan Wayne County Airport,Detroit,US-MI,42.2138,-83.3538,12003
KDUA,DUA,Durant Regional Airport - Eaker Field,Durant,US-OK,33.9397,-96.3951,6800
KDUC,DUC,Halliburton Field,Duncan,US-OK,34.4709,-97.9599,6650
KDUG,DUG,Bisbee Douglas International Airport,Douglas Bisbee,US-AZ,31.4641,-109.6046,6430
KDUH,,Toledo Suburban Airport,Lambertville,US-MI,41.7359,-83.6554,4807
KDUJ,DUJ,DuBois Regional Airport,Dubois,US-PA,41.1783,-78.8987,5503
KDUX,,Moore County Airport,Dumas,US-TX,35.8579,-102.013,6001
KDVK,,Stuart Powell Field,Danville,US-KY,37.5794,-84.7743,5000
KDVL,DVL,Devils Lake Regional Airport,Devils Lake,US-ND,48.1155,-98.9088,6400
KDVN,DVN,Davenport Municipal Airport,Davenport,US-IA,41.6104,-90.5897,5511
KDVT,DVT,Phoenix Deer Valley Airport,Phoenix,US-AZ,33.6883,-112.083,8196
KDWA,,Yolo County Davis Woodland Winters Airport,Davis/Woodland/Winters,US-CA,38.5791,-121.857,6000
KDWH,DWH,David Wayne Hooks Memorial Airport,Houston,US-TX,30.0618,-95.5528,7009
KDWU,,Ashland Regional Airport,Worthington,US-KY,38.5545,-82.738,5402
KDXE,,Dexter Municipal Airport,Dexter,US-MO,36.7775,-89.9412,5000
KDXR,DXR,Danbury Municipal Airport,Danbury,US-CT,41.3717,-73.4822,4421
KDYA,,Demopolis Municipal Airport,Demopolis,US-AL,32.4638,-87.9541,5002
KDYB,,Summerville Airport,Summerville,US-SC,33.0634,-80.2793,5000
KDYR,,Dyersburg Regional Airport,Dyersburg,US-TN,35.9992,-89.4049,5698
KDYS,DYS,Dyess Air Force Base,Abilene,US-TX,32.4208,-99.8546,13500
KDZB,,Horseshoe Bay Resort Airpark,Horseshoe Bay,US-TX,30.5271,-98.3587,5977
KDZJ,,Blairsville Airport,Blairsville,US-GA,34.8551,-83.9969,5004
E01,MIF,Roy Hurd Memorial Airport,Monahans,US-TX,31.5825,-102.909,4268
E05,,Hatch Municipal Airport,Hatch,US-NM,32.6611,-107.198,4110
KE06,,Lea County-Zip Franklin Memorial Airport,Lovington,US-NM,32.9525,-103.4099,6001
E11,,Andrews County Airport,Andrews,US-TX,32.3311,-102.53,5816
E13,CCG,Crane County Airport,Crane,US-TX,31.4151,-102.363,4258
E14,ESO,Ohkay Owingeh Airport,Espanola,US-NM,36.0261,-106.0454,5007
E19,,Gruver Municipal Airport,Gruver,US-TX,36.2337,-101.432,4698
KE24,WTR,Whiteriver Airport,Whiteriver,US-AZ,33.8102,-109.9866,6288
KE25,,Wickenburg Municipal Airport,Wickenburg,US-AZ,33.9702,-112.796,6101
E26,,Lea County-Jal Airport,Jal,US-NM,32.1311,-103.155,4704
E30,,Bruce Field,Ballinger,US-TX,31.6745,-99.977,3909
KE34,,Smiley Johnson Municipal Airport Bass Field,Clarendon,US-TX,34.9115,-100.869,4496
KE35,,Fabens Airport,Fabens,US-TX,31.5172,-106.147,4200
KE38,ALE,Alpine Casparis Municipal Airport,Alpine,US-TX,30.3842,-103.684,6002
E41,,Reagan County Airport,Big Lake,US-TX,31.1989,-101.473,5035
E42,,Spearman Municipal Airport,Spearman,US-TX,36.221,-101.195,5022
KE45,,Pine Mountain Lake Airport,Groveland,US-CA,37.8615,-120.1782,3625
KE48,,Upton County Airport,McCamey,US-TX,31.1251,-102.225,4100
KE51,BGT,Bagdad Airport,Bagdad,US-AZ,34.5928,-113.172,4575
KE52,,Oldham County Airport,Vega,US-TX,35.2307,-102.3987,4200
KE57,,Denver City Airport,Denver City,US-TX,32.9765,-102.8423,5780
E60,,Eloy Municipal Airport,Eloy,US-AZ,32.807,-111.587,3901
E63,,Gila Bend Municipal Airport,Gila Bend,US-AZ,32.9581,-112.678,5200
E77,,San Manuel Airport,San Manuel,US-AZ,32.6365,-110.647,4207
E78,,Sells Airport,Sells,US-AZ,31.9329,-111.894,5830
KBRG,,Belen Regional Airport,Belen,US-NM,34.6452,-106.834,6601
KE89,,Conchas Lake Airport,Conchas Dam,US-NM,35.3679,-104.1809,4790
E91,,Chinle Municipal Airport,Chinle,US-AZ,36.1109,-109.575,6902
KE95,,Benson Municipal Airport/Paul Kerchum Field,Benson,US-AZ,31.9994,-110.3582,4002
E98,,Mid Valley Airpark,Los Lunas,US-NM,34.7598,-106.745,4332
KEAG,,Eagle Grove Municipal Airport,Eagle Grove,US-IA,42.7098,-93.9161,3500
KEAN,EAN,Phifer Airfield,Wheatland,US-WY,42.0555,-104.929,5900
KEAR,EAR,Kearney Regional Airport,Kearney,US-NE,40.727,-99.0068,7094
KEAT,EAT,Pangborn Memorial Airport,Wenatchee,US-WA,47.3989,-120.207,7000
KEAU,EAU,Chippewa Valley Regional Airport,Eau Claire,US-WI,44.8658,-91.4843,8101
KEBG,,South Texas International at Edinburg Airport,Edinburg,US-TX,26.4417,-98.1222,5000
KEBS,EBS,Webster City Municipal Airport,Webster City,US-IA,42.4368,-93.8699,3851
KECG,ECG,Elizabeth City Regional Airport & Coast Guard Air Station,Elizabeth City,US-NC,36.2606,-76.1746,7219
KECP,ECP,Northwest Florida Beaches International Airport,Panama City Beach,US-FL,30.3571,-85.7954,10000
KECS,ECS,Mondell Field,Newcastle,US-WY,43.8838,-104.3142,5310
KECU,,Edwards County Airport,Rocksprings,US-TX,29.9469,-100.174,4050
KEDC,,Austin Executive Airport,Pflugerville,US-TX,30.398,-97.5669,6025
KEDE,EDE,Northeastern Regional Airport,Edenton,US-NC,36.0277,-76.5671,6001
KEDJ,,Bellefontaine Regional Airport,Bellefontaine,US-OH,40.3723,-83.819,5000
KEDN,ETS,Enterprise Municipal Airport,Enterprise,US-AL,31.2997,-85.8999,5080
KEDW,EDW,Edwards Air Force Base,Edwards,US-CA,34.9108,-117.8864,16798
KEED,EED,Needles Airport,Needles,US-CA,34.7663,-114.623,5005
KEEN,EEN,Dillant Hopkins Airport,Keene,US-NH,42.8984,-72.2708,6201
KEEO,,Meeker Airport,Meeker,US-CO,40.0488,-107.886,6503
KEET,,Shelby County Airport,Alabaster,US-AL,33.177,-86.7828,5000
KEFC,,Belle Fourche Municipal Airport,Belle Fourche,US-SD,44.7342,-103.862,4501
KEFD,EFD,Ellington Airport,Houston,US-TX,29.6073,-95.1588,9001
KEFK,EFK,Northeast Kingdom International Airport,Newport,US-VT,44.8888,-72.2292,5301
KEFT,,Monroe Municipal Airport,Monroe,US-WI,42.6149,-89.5904,5000
KEFW,EFW,Jefferson Municipal Airport,Jefferson,US-IA,42.0099,-94.3417,4100
KEGE,EGE,Eagle County Regional Airport,Eagle,US-CO,39.6426,-106.918,9000
KEGI,EGI,Duke Field,Crestview,US-FL,30.6504,-86.5229,8025
KEGT,,Wellington Municipal Airport,Wellington,US-KS,37.3236,-97.3883,5201
KEGV,EGV,Eagle River Union Airport,Eagle River,US-WI,45.9323,-89.2683,5000
KEHA,,Elkhart Morton County Airport,Elkhart,US-KS,37.0007,-101.88,4907
KEHO,,Shelby-Cleveland County Regional Airport,Shelby,US-NC,35.2556,-81.601,5001
KEHR,,Henderson City County Airport,Henderson,US-KY,37.8078,-87.6857,7095
KEIK,,Erie Municipal Airport,Erie,US-CO,40.0102,-105.048,4700
KEKM,EKI,Elkhart Municipal Airport,Elkhart,US-IN,41.7194,-86.0032,6500
KEKN,EKN,Elkins-Randolph County Regional Airport,Elkins,US-WV,38.8898,-79.8577,4544
KEKO,EKO,Elko Regional Airport,Elko,US-NV,40.8249,-115.792,7214
KEKQ,,Wayne County Airport,Monticello,US-KY,36.8553,-84.8561,4000
KEKS,,Ennis Big Sky Airport,Ennis,US-MT,45.2718,-111.649,7600
KEKX,EKX,Addington Field / Elizabethtown Regional Airport,Elizabethtown,US-KY,37.686,-85.925,6001
KEKY,,Bessemer Airport,Bessemer,US-AL,33.3129,-86.9259,6007
KELA,ELA,Eagle Lake Airport,Eagle Lake,US-TX,29.6006,-96.3219,4280
KELD,ELD,South Arkansas Regional Airport at Goodwin Field,El Dorado,US-AR,33.221,-92.8133,6601
KELK,ELK,Elk City Regional Business Airport,Elk City,US-OK,35.4308,-99.3943,5399
KELM,ELM,Elmira Corning Regional Airport,Elmira/Corning,US-NY,42.1599,-76.8916,8001
KELN,ELN,Bowers Field,Ellensburg,US-WA,47.033,-120.531,4300
KELO,LYU,Ely Municipal Airport,Ely,US-MN,47.8245,-91.8307,5596
KELP,ELP,El Paso International Airport,El Paso,US-TX,31.8099,-106.3756,12020
KELY,ELY,Ely Airport Yelland Field,Ely,US-NV,39.2997,-114.842,6017
KELZ,ELZ,Wellsville Municipal Airport - Tarantine Field,Wellsville,US-NY,42.1095,-77.99,5300
KEMM,EMM,Kemmerer Municipal Airport,Kemmerer,US-WY,41.8241,-110.557,8203
KEMP,EMP,Emporia Municipal Airport,Emporia,US-KS,38.3321,-96.1912,5005
KEMT,EMT,San Gabriel Valley Airport,El Monte,US-CA,34.0861,-118.035,3995
KEMV,,Emporia Greensville Regional Airport,Emporia,US-VA,36.6869,-77.4828,5010
KEND,END,Vance Air Force Base,Enid,US-OK,36.3392,-97.9165,9217
KENL,ENL,Centralia Municipal Airport,Centralia,US-IL,38.5151,-89.0911,5001
KENV,ENV,Wendover Airport,Wendover,US-UT,40.7187,-114.031,10002
KENW,ENW,Kenosha Regional Airport,Kenosha,US-WI,42.5957,-87.9278,6600
KEOE,,Newberry County Airport,Newberry,US-SC,34.3093,-81.6397,4001
KEOK,EOK,Keokuk Municipal Airport,Keokuk,US-IA,40.4599,-91.4285,5500
KEOP,,Pike County Airport,Waverly,US-OH,39.1669,-82.9282,4899
KEOS,EOS,Neosho Hugh Robinson Airport,Neosho,US-MO,36.8108,-94.3917,5001
KEPH,EPH,Ephrata Municipal Airport,Ephrata,US-WA,47.3076,-119.516,5500
KEPM,,Eastport Municipal Airport,Eastport,US-ME,44.9101,-67.0127,4002
KEQA,EDK,Captain Jack Thomas El Dorado Airport,El Dorado,US-KS,37.7741,-96.8176,4204
KEQY,,Charlotte-Monroe Executive Airport,Monroe,US-NC,35.0188,-80.6202,7001
KERI,ERI,Erie International Tom Ridge Field,Erie,US-PA,42.0831,-80.1739,8420
KERV,ERV,Kerrville / Kerr County Airport at Louis Schreiner Field,Kerrville,US-TX,29.9767,-99.0857,6004
KERY,,Luce County Airport,Newberry,US-MI,46.3112,-85.4573,4304
KESC,ESC,Delta County Airport,Escanaba,US-MI,45.7232,-87.0886,6498
KESF,ESF,Esler Army Airfield / Esler Regional Airport,Alexandria,US-LA,31.3943,-92.2941,5998
KESN,ESN,Easton Airport / Newnam Field,Easton,US-MD,38.8042,-76.069,5500
KEST,EST,Estherville Municipal Airport,Estherville,US-IA,43.4074,-94.7464,4797
KETB,ETB,West Bend Municipal Airport,West Bend,US-WI,43.4223,-88.129,4494
KETC,,Tarboro Edgecombe Airport,Tarboro,US-NC,35.9371,-77.5466,3999
KETN,ETN,Eastland Municipal Airport,Eastland,US-TX,32.4135,-98.8098,5000
KEUF,EUF,Weedon Field,Eufaula,US-AL,31.9513,-85.1289,5000
KEUG,EUG,Eugene Airport,Eugene,US-OR,44.1246,-123.212,8009
KEUL,,Caldwell Executive Airport,Caldwell,US-ID,43.6419,-116.636,5500
KEVB,,New Smyrna Beach Municipal Airport,New Smyrna Beach,US-FL,29.0557,-80.9489,5000
KEVM,EVM,Eveleth–Virginia Municipal Airport,Eveleth,US-MN,47.4246,-92.4992,4000
KEVU,,Northwest Missouri Regional Airport,Maryville,US-MO,40.3525,-94.915,4600
KEVV,EVV,Evansville Regional Airport,Evansville,US-IN,38.037,-87.5324,8021
KEVW,EVW,Evanston-Uinta County Airport-Burns Field,Evanston,US-WY,41.2748,-111.035,7300
KEVY,,Summit Airport,Middletown,US-DE,39.5204,-75.7204,4488
KEWB,EWB,New Bedford Regional Airport,New Bedford,US-MA,41.6761,-70.9569,5400
KEWK,EWK,Newton City-County Airport,Newton,US-KS,38.0582,-97.2745,7003
KEWN,EWN,Coastal Carolina Regional Airport,New Bern,US-NC,35.073,-77.0429,6452
KEWR,EWR,Newark Liberty International Airport,Newark,US-NJ,40.6894,-74.1705,11000
KEXX,,Davidson County Executive Airport,Lexington,US-NC,35.7811,-80.3038,5004
KEYE,,Eagle Creek Airpark,Indianapolis,US-IN,39.8307,-86.2944,4200
KEYF,,Curtis L Brown Jr Field,Elizabethtown,US-NC,34.6018,-78.5793,5006
KEYW,EYW,Key West International Airport,Key West,US-FL,24.5561,-81.7596,5076
KEZI,,Kewanee Municipal Airport,Kewanee,US-IL,41.2052,-89.9639,4500
KEZM,,Heart of Georgia Regional Airport,Eastman,US-GA,32.2142,-83.128,6506
KEZS,,Shawano Municipal Airport,Shawano,US-WI,44.7875,-88.5605,3901
KEZZ,,Cameron Memorial Airport,Shoal Township,US-MO,39.7276,-94.2764,4000
KF00,,Jones Field,Bonham,US-TX,33.6128,-96.1793,4000
KF01,,Quanah Municipal Airport,Quanah,US-TX,34.2771,-99.7593,4445
F05,WIB,Wilbarger County Airport,Vernon,US-TX,34.2257,-99.2838,5099
KF06,,Marian Airpark,Wellington,US-TX,34.844,-100.1928,4035
KF10,,Henryetta Municipal Airport,Henryetta,US-OK,35.4069,-96.0158,3501
KF17,,Center Municipal Airport,Center,US-TX,31.8316,-94.1564,5501
KF21,,Memphis Municipal Airport,Memphis,US-TX,34.7396,-100.53,4670
KF22,,Perry Municipal Airport,Perry,US-OK,36.3856,-97.2772,5103
KMNE,,Minden Airport,Minden,US-LA,32.646,-93.2981,5004
KRCE,,Clarence E Page Municipal Airport,Oklahoma City,US-OK,35.4881,-97.8236,6014
KF30,,Sulphur Municipal Airport,Sulphur,US-OK,34.5245,-96.9897,3500
KF35,,Possum Kingdom Airport,Graford,US-TX,32.9232,-98.4364,3500
KF37,,Carrizozo Municipal Airport,Carrizozo,US-NM,33.6489,-105.896,4944
KF41,,Ennis Municipal Airport,Ennis,US-TX,32.3297,-96.6639,3999
KF44,,Athens Municipal Airport,Athens,US-TX,32.1638,-95.8284,3988
KF45,,North Palm Beach County General Aviation Airport,West Palm Beach,US-FL,26.8444,-80.2213,4300
KF49,,Slaton Municipal Airport,Slaton,US-TX,33.4848,-101.661,4244
KF53,,Franklin County Airport,Mount Vernon,US-TX,33.2154,-95.2374,3900
KF56,,Arledge Field,Stamford,US-TX,32.9091,-99.736,3707
F62,,Hayfork Airport,Hayfork,US-CA,40.5471,-123.182,4100
KF70,RBK,French Valley Airport,Murrieta,US-CA,33.5742,-117.128,6000
KF82,,Town & Country Airpark,Lubbock,US-TX,33.4856,-101.813,5144
KGZL,,Stigler Regional Airport,Stigler,US-OK,35.2891,-95.0939,4296
KF86,,Caldwell Parish Airport,Columbia,US-LA,32.1222,-92.0545,3501
TT97,,Seagraves Airport,Seagraves,US-TX,32.9546,-102.541,4010
KF98,,Yoakum County Airport,Plains,US-TX,33.2173,-102.83,5001
KFAM,FAM,Farmington Regional Airport,Farmington,US-MO,37.7611,-90.4286,4323
KFAR,FAR,Hector International Airport,Fargo,US-ND,46.9207,-96.8158,9001
KFAT,FAT,Fresno Yosemite International Airport,Fresno,US-CA,36.7758,-119.718,9539
KFAY,FAY,Fayetteville Regional Airport - Grannis Field,Fayetteville,US-NC,34.9912,-78.8803,7709
KFBG,FBG,Simmons Army Air Field,Fort Bragg,US-NC,35.1318,-78.9367,4121
KFBL,FBL,Faribault Municipal Airport-Liz Wall Strohfus Field,Faribault,US-MN,44.3284,-93.3125,4257
KFBR,FBR,Fort Bridger Airport,Fort Bridger,US-WY,41.3919,-110.407,6404
KFBY,FBY,Fairbury Municipal Airport,Fairbury,US-NE,40.183,-97.1693,3700
KFCH,FCH,Fresno Chandler Executive Airport,Fresno,US-CA,36.7324,-119.82,3627
KFCI,,Richmond Executive-Chesterfield County Airport,North Chesterfield,US-VA,37.4065,-77.525,5500
KFCM,FCM,Flying Cloud Airport,Minneapolis,US-MN,44.8272,-93.4571,5001
KFCS,FCS,Butts AAF (Fort Carson) Air Field,Fort Carson,US-CO,38.6784,-104.757,4500
KFDK,FDK,Frederick Municipal Airport,Frederick,US-MD,39.4176,-77.3743,5819
KFDR,FDR,Frederick Regional Airport,Frederick,US-OK,34.352,-98.9839,6099
KFDW,,Fairfield County Airport,Winnsboro,US-SC,34.3155,-81.1088,5243
KFDY,FDY,Findlay Airport,Findlay,US-OH,41.0135,-83.6687,6499
KFEP,FEP,Albertus Airport,Freeport,US-IL,42.2462,-89.582,5504
KFET,FET,Fremont Municipal Airport,Fremont,US-NE,41.4502,-96.5229,6353
KFFC,,Peachtree City Falcon Field,Peachtree City,US-GA,33.3573,-84.5718,5768
KFFL,FFL,Fairfield Municipal Airport,Fairfield,US-IA,41.053,-91.9801,5503
KFFM,FFM,Fergus Falls Municipal Airport - Einar Mickelson Field,Fergus Falls,US-MN,46.2844,-96.1567,5639
KFFO,FFO,Wright-Patterson Air Force Base,Dayton,US-OH,39.8261,-84.0483,12600
KFFT,FFT,Capital City Airport,Frankfort,US-KY,38.1817,-84.9068,5006
KFFX,,Fremont Municipal Airport,Fremont,US-MI,43.4369,-85.9966,6501
KFFZ,MSC,Falcon Field,Mesa,US-AZ,33.4608,-111.728,5100
KFGU,,Collegedale Municipal Airport,Apison,US-TN,35.0443,-85.0201,4986
KFGX,,Fleming Mason Airport,Flemingsburg,US-KY,38.5418,-83.7434,5002
KFHU,FHU,Sierra Vista Municipal Airport / Libby Army Air Field,Fort Huachuca / Sierra Vista,US-AZ,31.5874,-110.3482,12001
KFIG,,Clearfield Lawrence Airport,Clearfield,US-PA,41.049,-78.415,4499
KFIT,,Fitchburg Municipal Airport,Fitchburg,US-MA,42.5541,-71.759,5001
KFKA,,Fillmore County Airport,Preston,US-MN,43.6768,-92.1797,4001
KFKL,FKL,Venango Regional Airport,Franklin,US-PA,41.3779,-79.8604,5200
KFKN,FKN,Franklin Regional Airport,Franklin,US-VA,36.6981,-76.9038,4977
KFKR,,Frankfort Clinton County Regional Airport,Frankfort,US-IN,40.2734,-86.5622,5000
KFKS,,Frankfort Dow Memorial Field,Frankfort,US-MI,44.6252,-86.2008,4050
KFLD,FLD,Fond du Lac County Airport,Fond du Lac,US-WI,43.7712,-88.4884,5941
KFLG,FLG,Flagstaff Pulliam Airport,Flagstaff,US-AZ,35.1398,-111.6698,8800
KFLL,FLL,Fort Lauderdale Hollywood International Airport,Fort Lauderdale,US-FL,26.0726,-80.1527,9000
KFLO,FLO,Florence Regional Airport,Florence,US-SC,34.1854,-79.7239,6502
KFLP,FLP,Marion County Regional Airport,Flippin,US-AR,36.2909,-92.5903,5001
KFLV,FLV,Sherman Army Air Field,Fort Leavenworth,US-KS,39.3683,-94.9147,5318
KFLX,FLX,Fallon Municipal Airport,Fallon,US-NV,39.4991,-118.749,5705
KFMH,FMH,Cape Cod Coast Guard Air Station,Falmouth,US-MA,41.6579,-70.5216,9501
KFMM,,Fort Morgan Municipal Airport,Fort Morgan,US-CO,40.3358,-103.8044,5731
KFMN,FMN,Four Corners Regional Airport,Farmington,US-NM,36.7412,-108.23,6704
KFMY,FMY,Page Field,Fort Myers,US-FL,26.5866,-81.8633,6406
KFMZ,,Fairmont State Airport,Fairmont,US-NE,40.5861,-97.5731,4317
KFNB,,Brenner Field,Falls City,US-NE,40.0788,-95.592,4000
KFNL,FNL,Northern Colorado Regional Airport,Loveland,US-CO,40.4497,-105.0113,8500
KFNT,FNT,Bishop International Airport,Flint,US-MI,42.9693,-83.7434,7852
KFOA,,Flora Municipal Airport,Flora,US-IL,38.6649,-88.453,5003
KFOD,FOD,Fort Dodge Regional Airport,Fort Dodge,US-IA,42.5526,-94.1912,6547
KFOE,FOE,Topeka Regional Airport,Topeka,US-KS,38.9509,-95.6636,12803
KFOK,FOK,Francis S Gabreski Airport,Westhampton Beach,US-NY,40.8437,-72.6318,9002
KFOM,FIL,Fillmore Municipal Airport,Fillmore,US-UT,38.9583,-112.363,5040
KFOT,,Rohnerville Airport,Fortuna,US-CA,40.5539,-124.133,4004
KFOZ,,Bigfork Municipal Airport,Bigfork,US-MN,47.7839,-93.651,3998
KFPK,,Fitch H Beach Airport,Charlotte,US-MI,42.5745,-84.8114,3510
KFPR,FPR,Treasure Coast International Airport,Fort Pierce,US-FL,27.4951,-80.3683,6492
KFQD,,Rutherford County Marchman Field,Rutherfordton,US-NC,35.4282,-81.9351,5000
KFRG,FRG,Republic Airport,East Farmingdale,US-NY,40.7286,-73.4143,6833
KFRH,FRH,French Lick Municipal Airport,French Lick,US-IN,38.5062,-86.6369,5500
KFRI,FRI,Marshall Army Air Field,Fort Riley (Junction City),US-KS,39.053,-96.7642,4503
KFRM,FRM,Fairmont Municipal Airport,Fairmont,US-MN,43.6439,-94.4156,5505
KFSD,FSD,Sioux Falls Regional Airport,Sioux Falls,US-SD,43.5855,-96.7412,9000
KFSE,,Fosston Municipal Airport-Anderson Field,Fosston,US-MN,47.5928,-95.7735,3502
KFSI,FSI,Henry Post Army Air Field,Fort Sill,US-OK,34.6498,-98.4022,5002
KFSK,FSK,Fort Scott Municipal Airport,Fort Scott,US-KS,37.7984,-94.7694,4403
KFSM,FSM,Fort Smith Regional Airport,Fort Smith,US-AR,35.3366,-94.3674,8000
KFST,FST,Fort Stockton Pecos County Airport,Fort Stockton,US-TX,30.9157,-102.916,7508
KFSU,FSU,Fort Sumner Municipal Airport,Fort Sumner,US-NM,34.4834,-104.217,5800
KFSW,FMS,Fort Madison Municipal Airport,Fort Madison,US-IA,40.6591,-91.3278,4000
KCFO,,Colorado Air and Space Port,Denver,US-CO,39.7842,-104.5376,8002
KFTK,FTK,Godman Army Air Field,Fort Knox,US-KY,37.9071,-85.9721,5184
KFTT,,Elton Hensley Memorial Airport,Fulton,US-MO,38.8381,-92.0026,4001
KFTW,FTW,Fort Worth Meacham International Airport,Fort Worth,US-TX,32.8199,-97.3608,7502
KFTY,FTY,Fulton County Airport Brown Field,Atlanta,US-GA,33.7791,-84.5214,5797
KFVE,WFK,Northern Aroostook Regional Airport,Frenchville,US-ME,47.2855,-68.3128,4600
KFVX,,Farmville Regional Airport,Farmville,US-VA,37.3575,-78.4378,4400
KFWA,FWA,Fort Wayne International Airport,Fort Wayne,US-IN,40.9789,-85.1945,11981
KFWC,,Fairfield Municipal Airport,Fairfield,US-IL,38.3786,-88.4127,4000
KFWN,,Sussex Airport,Sussex,US-NJ,41.2002,-74.623,3506
KFWQ,,Rostraver Airport,Monongahela,US-PA,40.2097,-79.8314,4002
KFWS,,Fort Worth Spinks Airport,Fort Worth,US-TX,32.5652,-97.3081,6002
KFXE,FXE,Fort Lauderdale Executive Airport,Fort Lauderdale,US-FL,26.1973,-80.1707,6002
KFXY,FXY,Forest City Municipal Airport,Forest City,US-IA,43.2347,-93.6241,5796
KFYE,,Fayette County Airport,Somerville,US-TN,35.2077,-89.3945,5000
KFYJ,,Middle Peninsula Regional Airport,Shacklefords,US-VA,37.5213,-76.7628,5000
KFYM,FYM,Fayetteville Municipal Airport,Fayetteville,US-TN,35.0597,-86.564,5900
KFYV,FYV,Drake Field,Fayetteville,US-AR,36.0051,-94.1701,6005
KFZG,,Fitzgerald Municipal Airport,Fitzgerald,US-GA,31.6837,-83.2705,5000
KFZI,,Fostoria Metropolitan Airport,Fostoria,US-OH,41.1908,-83.3945,5005
KFZY,,Oswego County Airport,Fulton,US-NY,43.3508,-76.3881,5196
UCFD,,Jalal-Abad Airport,Jalal-Abad,KG-J,40.9444,72.9778,5708
UCFN,,Naryn Airport,Naryn,KG-N,41.4415,76.1306,7037
UAFT,,Talas Airport,Talas,KG-T,42.5059,72.2631,5577
UAFS,,Kyzyl-Kiya Airport,Kyzyl-Kiya,KG-B,40.2717,72.0471,5249
KGAD,GAD,Northeast Alabama Regional Airport,Gadsden,US-AL,33.9726,-86.089,6802
KGAF,,Hutson Field,Grafton,US-ND,48.4047,-97.3709,3898
KGAG,GAG,Gage Heibeck Airport,Gage,US-OK,36.2955,-99.7764,5033
KGAI,GAI,Montgomery County Airpark,Gaithersburg,US-MD,39.1683,-77.166,4202
KGAO,,South Lafourche Leonard Miller Jr Airport,Galliano,US-LA,29.4411,-90.2611,6500
KGAS,,Gallia Meigs Regional Airport,Gallipolis,US-OH,38.8341,-82.1634,3999
KGBD,GBD,Great Bend Municipal Airport,Great Bend,US-KS,38.3443,-98.8592,7852
KGBG,GBG,Galesburg Regional HW Timmons  Airport,Galesburg,US-IL,40.938,-90.4311,5792
KGXF,,Gila Bend Air Force Auxiliary Airport,Gila Bend,US-AZ,32.8875,-112.72,8503
KGCC,GCC,Northeast Wyoming Regional Airport,Gillette,US-WY,44.3489,-105.539,7501
KGCD,JDA,Grant County Regional Airport / Ogilvie Field,John Day,US-OR,44.4042,-118.963,5224
KGCK,GCK,Garden City Regional Airport,Garden City,US-KS,37.9275,-100.724,7299
KGCM,,Claremore Regional Airport,Claremore,US-OK,36.2927,-95.4796,5200
KGCN,GCN,Grand Canyon National Park Airport,Grand Canyon - Tusayan,US-AZ,35.9524,-112.147,8999
KGCY,GCY,Greeneville Municipal Airport,Greeneville,US-TN,36.1956,-82.8115,6300
KGDB,,Granite Falls Municipal Airport / Lenzen-Roe Memorial Field,Granite Falls,US-MN,44.7533,-95.556,4357
KGDJ,,Granbury Regional Airport,Granbury,US-TX,32.4422,-97.8244,5201
KGDV,GDV,Dawson Community Airport,Glendive,US-MT,47.1377,-104.8069,5704
KGDW,GDW,Gladwin Zettel Memorial Airport,Gladwin,US-MI,43.9706,-84.475,4699
KGED,GED,Delaware Coastal Airport,Georgetown,US-DE,38.6892,-75.3589,5500
KGEG,GEG,Spokane International Airport,Spokane,US-WA,47.6199,-117.534,11002
KGEO,,Brown County Airport,Georgetown,US-OH,38.8819,-83.8827,3530
KGEU,,Glendale Municipal Airport,Glendale,US-AZ,33.5269,-112.295,7150
KGEV,,Ashe County Airport,Jefferson,US-NC,36.4324,-81.4185,5002
KGEY,GEY,South Big Horn County Airport,Greybull,US-WY,44.5168,-108.083,7003
KGEZ,,Shelbyville Municipal Airport,Shelbyville,US-IN,39.586,-85.804,5000
KGFK,GFK,Grand Forks International Airport,Grand Forks,US-ND,47.9493,-97.1761,7351
KGFL,GFL,Floyd Bennett Memorial Airport,Glens Falls,US-NY,43.3412,-73.6103,5000
KGGE,GGE,Georgetown County Airport,Georgetown,US-SC,33.3117,-79.3196,6005
KGGF,,Grant Municipal Airport,Grant,US-NE,40.8695,-101.733,4797
KGGG,GGG,East Texas Regional Airport,Longview,US-TX,32.384,-94.7115,10000
KGGI,,Grinnell Regional Airport,Grinnell,US-IA,41.7099,-92.7361,5200
KGGP,,Logansport Cass County Airport,Logansport,US-IN,40.7112,-86.3749,5001
KGGW,GGW,Glasgow Valley County Airport Wokal Field,Glasgow,US-MT,48.2125,-106.615,5002
KGHG,,Marshfield Municipal George Harlow Field,Marshfield,US-MA,42.0977,-70.6728,3900
KGHM,GHM,Centerville Municipal Airport,Centerville,US-TN,35.8374,-87.4454,4002
KGHW,,Glenwood Municipal Airport,Glenwood,US-MN,45.6439,-95.3204,4500
KGIC,IDH,Idaho County Airport,Grangeville,US-ID,45.9426,-116.123,5100
KGIF,GIF,Winter Haven Regional Airport - Gilbert Field,Winter Haven,US-FL,28.0629,-81.7533,5005
KGJT,GJT,Grand Junction Regional Airport,Grand Junction,US-CO,39.1267,-108.5294,9339
KGKJ,MEJ,Port Meadville Airport,Meadville,US-PA,41.6265,-80.2147,5001
KGKT,GKT,Gatlinburg-Pigeon Forge Airport,Sevierville,US-TN,35.8578,-83.5287,5506
KGKY,,Arlington Municipal Airport,Arlington,US-TX,32.6639,-97.0943,6080
KGLD,GLD,Goodland Municipal Airport,Goodland,US-KS,39.3707,-101.6998,5499
KGLE,GLE,Gainesville Municipal Airport,Gainesville,US-TX,33.6514,-97.197,6000
KGLH,GLH,Mid Delta Regional Airport,Greenville,US-MS,33.4829,-90.9856,8001
KGLR,GLR,Gaylord Regional Airport,Gaylord,US-MI,45.0135,-84.7036,6579
KGLS,GLS,Scholes International At Galveston Airport,Galveston,US-TX,29.2653,-94.8604,6001
KGLW,GLW,Glasgow Municipal Airport,Glasgow,US-KY,37.0318,-85.9537,5301
KGLY,,Clinton Memorial Airport,Clinton,US-MO,38.3566,-93.6842,4001
KGMJ,,Grove Regional Airport,Grove,US-OK,36.6068,-94.7386,5250
KGMU,GMU,Greenville Downtown Airport,Greenville,US-SC,34.8479,-82.3502,5393
KGNB,,Granby Grand County Airport,Granby,US-CO,40.0897,-105.917,5001
KGNC,,Gaines County Airport,Seminole,US-TX,32.6768,-102.6499,5381
KGNF,,Grenada Municipal Airport,Grenada,US-MS,33.8325,-89.7982,7000
KGNG,GNG,Gooding Municipal Airport,Gooding,US-ID,42.9172,-114.765,5371
KGNT,GNT,Grants-Milan Municipal Airport,Grants,US-NM,35.1673,-107.902,7172
KGNV,GNV,Gainesville Regional Airport,Gainesville,US-FL,29.6901,-82.2718,7504
KGOK,GOK,Guthrie-Edmond Regional Airport,Guthrie,US-OK,35.8498,-97.4156,5201
KGON,GON,Groton New London Airport,Groton,US-CT,41.3301,-72.0451,5000
KGOO,,Nevada County Airport,Grass Valley,US-CA,39.224,-121.003,4657
KGOV,,Grayling Army Air Field,Grayling,US-MI,44.6803,-84.7289,5005
KGPH,,Midwest National Air Center Airport,Excelsior Springs,US-MO,39.3325,-94.3096,5502
KGPI,FCA,Glacier Park International Airport,Kalispell,US-MT,48.3105,-114.256,9007
KGPM,,Grand Prairie Municipal Airport,Grand Prairie,US-TX,32.6988,-97.0469,4001
KGPT,GPT,Gulfport Biloxi International Airport,Gulfport,US-MS,30.4056,-89.0698,9002
KGPZ,GPZ,Grand Rapids Itasca Co-Gordon Newstrom field,Grand Rapids,US-MN,47.2111,-93.5098,5756
KGQQ,GQQ,Galion Municipal Airport,Galion,US-OH,40.7534,-82.7238,3504
KGRB,GRB,Austin Straubel International Airport,Green Bay,US-WI,44.4835,-88.1308,8700
KGRD,GRD,Greenwood County Airport,Greenwood,US-SC,34.2487,-82.1591,5001
KGRE,GRE,Greenville Airport,Greenville,US-IL,38.8368,-89.3765,4002
KGRF,GRF,Gray Army Air Field,Joint Base Lewis McChord,US-WA,47.0792,-122.581,6124
KGRI,GRI,Central Nebraska Regional Airport,Grand Island,US-NE,40.9675,-98.3096,7002
KGRK,GRK,Killeen Regional Airport / Robert Gray Army Airfield,Fort Cavazos,US-TX,31.0672,-97.8289,9997
KGRN,GRN,Gordon Municipal Airport,Gordon,US-NE,42.806,-102.175,5196
KGRR,GRR,Gerald R. Ford International Airport,Grand Rapids,US-MI,42.8808,-85.5228,10001
KGSB,GSB,Seymour Johnson Air Force Base,Goldsboro,US-NC,35.3394,-77.9606,11760
KGSH,GSH,Goshen Municipal Airport,Goshen,US-IN,41.5264,-85.7929,6008
KGSO,GSO,Piedmont Triad International Airport,Greensboro,US-NC,36.0994,-79.9373,10001
KGSP,GSP,Greenville-Spartanburg International Airport,Greenville/Greer/Spartanburg,US-SC,34.8957,-82.2189,11001
KGTB,,Wheeler Sack Army Air Field,Fort Drum,US-NY,44.0556,-75.7195,10000
KGTF,GTF,Great Falls International Airport,Great Falls,US-MT,47.482,-111.371,10502
KGTR,GTR,Golden Triangle Regional Airport,Columbus/W Point/Starkville,US-MS,33.4503,-88.5914,8003
KGTU,,Georgetown Executive Airport at Johnny Gantt Field,Georgetown,US-TX,30.6775,-97.6785,5004
KGUC,GUC,Gunnison Crested Butte Regional Airport,Gunnison,US-CO,38.5347,-106.9346,9400
KGUP,GUP,Gallup Municipal Airport,Gallup,US-NM,35.5117,-108.7882,7312
KGUS,GUS,Grissom Air Reserve Base,Peru,US-IN,40.6481,-86.1521,12501
KGUY,GUY,Guymon Municipal Airport,Guymon,US-OK,36.6851,-101.508,5904
KGVL,GVL,Lee Gilmer Memorial Airport,Gainesville,US-GA,34.2726,-83.8302,5496
KGVQ,,Genesee County Airport,Batavia,US-NY,43.0317,-78.1676,5499
KGVT,GVT,Majors Airport,Greenville,US-TX,33.0678,-96.0653,8030
KGWB,,De Kalb County Airport,Auburn,US-IN,41.3072,-85.0644,7106
KGWO,GWO,Greenwood–Leflore Airport,Greenwood,US-MS,33.495,-90.0882,6501
KGWR,,Gwinner Roger Melroe Field,Gwinner,US-ND,46.2187,-97.6432,5000
KGWW,,Wayne Executive Jetport,Pikeville,US-NC,35.4606,-77.9649,5501
KGXY,GXY,Greeley–Weld County Airport,Greeley,US-CO,40.4374,-104.633,10000
KGYB,,Giddings-Lee County Airport,Giddings,US-TX,30.1693,-96.98,4000
KGYH,GDC,Donaldson Field Airport,Greenville,US-SC,34.7583,-82.3764,8000
KGYI,PNX,North Texas Regional Airport Perrin Field,Denison,US-TX,33.7141,-96.6737,9000
KGYR,GYR,Phoenix Goodyear Airport,Goodyear,US-AZ,33.4225,-112.376,8500
KGYY,GYY,Gary/Chicago International Airport,Gary,US-IN,41.6171,-87.4132,8859
KGZH,,Evergreen Regional Airport/Middleton Field,Evergreen,US-AL,31.4158,-87.044,5005
KGZS,,Abernathy Field,Pulaski,US-TN,35.1537,-87.0568,5310
VDDS,DSY,Dara Sakor International Airport,Ta Noun,KH-9,10.9142,103.2267,10498
VDTI,KTI,Techo International Airport,Phnom Penh (Boeng Khyang),KH-8,11.36,104.9213,13123
KH04,,Vinita Municipal Airport,Vinita,US-OK,36.633,-95.1514,4209
KOZS,,Camdenton Memorial Airport,Camdenton,US-MO,37.974,-92.6913,5002
KH34,,Huntsville Municipal Airport,Huntsville,US-AR,36.0782,-93.7548,3646
KH35,,Clarksville Municipal Airport,Clarksville,US-AR,35.4707,-93.4272,4504
KH71,,Mid America Industrial Airport,Pryor,US-OK,36.2254,-95.3301,5001
KH79,,Eldon Model Airpark,Eldon,US-MO,38.3606,-92.5716,4000
KH88,,A Paul Vance Fredericktown Regional Airport,Fredericktown,US-MO,37.6058,-90.2873,4000
KH96,,Benton Municipal Airport,Benton,US-IL,38.0067,-88.9344,4002
KHAB,HAB,Marion County Rankin Fite Airport,Hamilton,US-AL,34.1176,-87.9982,5495
KHAE,,Hannibal Regional Airport,Hannibal,US-MO,39.7245,-91.4437,4400
KHAF,HAF,Half Moon Bay Airport,Half Moon Bay,US-CA,37.5134,-122.501,5000
KHAI,HAI,Three Rivers Municipal Dr Haines Airport,Three Rivers,US-MI,41.9598,-85.5934,4000
KHAO,HAO,Butler Co Regional Airport - Hogan Field,Hamilton,US-OH,39.3638,-84.522,5500
KHBC,,Mohall Municipal Airport,Mohall,US-ND,48.7684,-101.537,3599
KHBG,HBG,Hattiesburg Bobby L Chain Municipal Airport,Hattiesburg,US-MS,31.2648,-89.2528,6094
KHBI,,Asheboro Regional Airport,Asheboro,US-NC,35.6545,-79.8947,5501
KHBR,HBR,Hobart Regional Airport,Hobart,US-OK,34.9913,-99.0513,5507
KHBV,,Jim Hogg County Airport,Hebbronville,US-TX,27.3496,-98.737,5003
KHBZ,,Heber Springs Municipal Airport/Charlie Evans Field,Heber Springs,US-AR,35.5117,-92.013,4002
KHCD,,Hutchinson Municipal Butler Field,Hutchinson,US-MN,44.8599,-94.3825,4000
KHCO,,Hallock Municipal Airport,Hallock,US-MN,48.7527,-96.943,4007
KHCR,,Heber Valley Airport,Heber,US-UT,40.4818,-111.429,6898
KHDC,,Hammond Northshore Regional Airport,Hammond,US-LA,30.5216,-90.4184,6502
KHDE,HDE,Brewster Field,Holdrege,US-NE,40.4521,-99.3365,4701
KHDN,HDN,Yampa Valley Airport,Hayden,US-CO,40.4812,-107.218,10000
KHDO,,South Texas Regional Airport at Hondo,Hondo,US-TX,29.3595,-99.1767,6002
KHEE,HEE,Thompson-Robbins Airport,West Helena,US-AR,34.5766,-90.6762,5001
KHEF,MNZ,Washington Manassas Harry P. Davis Field,Manassas,US-VA,38.723,-77.5154,6200
KHEG,,Herlong Airport,Jacksonville,US-FL,30.2778,-81.8059,4001
KHEI,,Hettinger Municipal Airport,Hettinger,US-ND,46.0149,-102.656,4652
KHEQ,,Holyoke Airport,Holyoke,US-CO,40.5694,-102.273,5000
KHEZ,HEZ,Natchez–Adams County Airport / Hardy-Anders Field,Natchez,US-MS,31.6148,-91.2973,6500
KHFD,HFD,Hartford Brainard Airport,Hartford,US-CT,41.7367,-72.6494,4417
KHFF,HFF,Mackall Army Air Field,Hoffman,US-NC,35.0361,-79.4986,5529
KHFJ,,Monett Regional Airport,Pierce City,US-MO,36.9062,-94.0128,6001
KHFY,,Indy South Greenwood Airport,Indianapolis,US-IN,39.6284,-86.0879,5102
KHGR,HGR,Hagerstown Regional Richard A Henson Field,Hagerstown,US-MD,39.7088,-77.728,7000
KHHF,,Hemphill County Airport,Canadian,US-TX,35.8953,-100.404,5004
KHHG,,Huntington Municipal Airport,Huntington,US-IN,40.8529,-85.4571,5001
KHHR,HHR,Jack Northrop Field Hawthorne Municipal Airport,Hawthorne,US-CA,33.9228,-118.335,4884
KHHW,HUJ,Stan Stamper Municipal Airport,Hugo,US-OK,34.0348,-95.5419,4007
KHIB,HIB,Range Regional Airport,Hibbing,US-MN,47.3848,-92.8369,6758
KHIE,HIE,Mount Washington Regional Airport,Whitefield,US-NH,44.3675,-71.5458,4001
KHIF,HIF,Hill Air Force Base,Ogden,US-UT,41.124,-111.9731,13500
KHIG,,Higginsville Industrial Municipal Airport,Higginsville,US-MO,39.0729,-93.6775,4400
KHII,HII,Lake Havasu City Airport,Lake Havasu City,US-AZ,34.5705,-114.3577,8000
KHIO,HIO,Portland Hillsboro Airport,Portland,US-OR,45.5404,-122.95,6600
KHJH,,Hebron Municipal Airport,Hebron,US-NE,40.1519,-97.584,3600
KHJO,,Hanford Municipal Airport,Hanford,US-CA,36.3167,-119.628,5179
KHKA,HKA,Blytheville Municipal Airport,Blytheville,US-AR,35.9404,-89.8308,5002
KHKS,HKS,Hawkins Field,Jackson,US-MS,32.3345,-90.2222,5387
KHKY,HKY,Hickory Regional Airport,Hickory,US-NC,35.7411,-81.3895,6401
KHLB,HLB,Batesville Airport,Batesville,US-IN,39.3429,-85.2584,5933
KHLC,HLC,Hill City Municipal Airport,Hill City,US-KS,39.3788,-99.8315,5001
KHLG,HLG,Wheeling Ohio County Airport,Wheeling,US-WV,40.175,-80.6463,5002
KHLN,HLN,Helena Regional Airport,Helena,US-MT,46.6068,-111.983,9000
KHLX,,Twin County Airport,Hillsville,US-VA,36.7661,-80.8236,4151
KHMN,HMN,Holloman Air Force Base,Alamogordo,US-NM,32.8525,-106.107,12922
KHMT,HMT,Hemet Ryan Airport,Hemet,US-CA,33.734,-117.023,4315
KHMZ,,Bedford County Airport,Bedford,US-PA,40.086,-78.5134,5006
KHNB,HNB,Huntingburg Airport,Huntingburg,US-IN,38.249,-86.9537,5501
KHND,HSH,Henderson Executive Airport,Las Vegas,US-NV,35.9728,-115.134,6501
KHNR,,Harlan Municipal Airport,Harlan,US-IA,41.5844,-95.3396,4100
KHNZ,,Henderson Oxford Airport,Oxford,US-NC,36.3616,-78.5292,5501
KHOB,HOB,Lea County Regional Airport,Hobbs,US-NM,32.6875,-103.217,8000
KHOC,,Highland County Airport,Hillsboro,US-OH,39.1888,-83.5388,3520
KHOE,,Homerville Airport,Homerville,US-GA,31.0559,-82.7741,4999
KHON,HON,Huron Regional Airport,Huron,US-SD,44.3852,-98.2285,7201
KHOP,HOP,Campbell Army Airfield (Fort Campbell),Fort Campbell,US-KY,36.6742,-87.4897,10926
KHOT,HOT,Memorial Field Airport,Hot Springs,US-AR,34.4788,-93.0963,6595
KHOU,HOU,William P. Hobby Airport,Houston,US-TX,29.6453,-95.2768,7602
KHPN,HPN,Westchester County Airport,White Plains,US-NY,41.067,-73.7076,6549
KHPT,HPT,Hampton Municipal Airport,Hampton,US-IA,42.7237,-93.2263,4020
KHPY,HPY,Baytown Airport,Baytown,US-TX,29.7861,-94.9527,4334
KHQG,,Hugoton Municipal Airport,Hugoton,US-KS,37.1631,-101.371,5000
KHQM,HQM,Bowerman Airport,Hoquiam,US-WA,46.9712,-123.937,5000
KHQU,,Thomson-McDuffie County Airport,Thomson,US-GA,33.5297,-82.5165,5514
KHQZ,,Mesquite Metro Airport,Mesquite,US-TX,32.747,-96.5304,5999
KHRI,HES,Hermiston Municipal Airport,Hermiston,US-OR,45.8282,-119.259,4501
KHRJ,,Harnett Regional Jetport Airport,Erwin,US-NC,35.3794,-78.733,5005
KHRL,HRL,Valley International Airport,Harlingen,US-TX,26.2285,-97.6544,9400
KHRO,HRO,Boone County Airport,Harrison,US-AR,36.2615,-93.1547,6161
KHRT,,Hurlburt Field,Mary Esther,US-FL,30.4278,-86.6893,9600
KHRU,,Herington Regional Airport,Herington,US-KS,38.6947,-96.808,4184
KHRX,,Hereford Municipal Airport,Hereford,US-TX,34.8578,-102.326,6100
KHSA,,Stennis International Airport,Bay St Louis,US-MS,30.3678,-89.4546,8498
KHSB,HSB,Harrisburg-Raleigh Airport,Harrisburg,US-IL,37.8113,-88.5503,5013
KHSD,,Sundance Airpark,Oklahoma City,US-OK,35.6018,-97.7062,5000
KHSG,THP,Hot Springs County Airport,Thermopolis,US-WY,43.7136,-108.3897,6370
KHSI,HSI,Hastings Municipal Airport,Hastings,US-NE,40.6053,-98.4279,6451
KHSP,HSP,Ingalls Field,Hot Springs,US-VA,37.9514,-79.8339,5600
KHSR,,Hot Springs Municipal Airport,Hot Springs,US-SD,43.3666,-103.3905,4506
KHST,HST,Homestead Air Reserve Base,Homestead,US-FL,25.4886,-80.3836,11201
KHSV,HSV,Huntsville International Airport,Huntsville,US-AL,34.6362,-86.7744,12600
KHTH,HTH,Hawthorne Industrial Airport,Hawthorne,US-NV,38.5444,-118.634,6000
KHTL,HTL,Roscommon County - Blodgett Memorial Airport,Houghton Lake,US-MI,44.3598,-84.6711,4000
KJPX,HTO,Town of East Hampton Airport,East Hampton,US-NY,40.96,-72.2511,4255
KHTS,HTS,Tri-State Airport / Milton J. Ferguson Field,Huntington,US-WV,38.3667,-82.558,7017
KHUA,HUA,Redstone Army Air Field,Redstone Arsnl Huntsville,US-AL,34.6787,-86.6848,7300
KHUF,HUF,"Terre Haute Regional Airport, Hulman Field",Terre Haute,US-IN,39.4515,-87.3076,9021
KHUL,HUL,Houlton International Airport,Houlton,US-ME,46.1231,-67.7921,5015
KHUM,HUM,Houma Terrebonne Airport,Houma,US-LA,29.5665,-90.6604,6509
KHUT,HUT,Hutchinson Municipal Airport,Hutchinson,US-KS,38.0655,-97.8606,7003
KHVC,,Hopkinsville Christian County Airport,Hopkinsville,US-KY,36.857,-87.4551,5505
KHVE,HVE,Hanksville Airport,Hanksville,US-UT,38.418,-110.704,5001
KHVN,HVN,Tweed New Haven Airport,New Haven,US-CT,41.2629,-72.8877,5600
KHVR,HVR,Havre City County Airport,Havre,US-MT,48.5414,-109.7629,5205
KHVS,HVS,Hartsville Regional Airport,Hartsville,US-SC,34.4031,-80.1192,5000
KHWD,HWD,Hayward Executive Airport,Hayward,US-CA,37.6592,-122.122,5694
KHWQ,,Wheatland County Airport at Harlowton,Harlowton,US-MT,46.4486,-109.853,4200
KHWV,WSH,Brookhaven Calabro Airport,Shirley,US-NY,40.8219,-72.8694,4222
KHWY,,Warrenton Fauquier Airport,Midland,US-VA,38.5863,-77.7106,5000
KHXD,HHH,Hilton Head Airport,Hilton Head Island,US-SC,32.2244,-80.6975,5000
KHYA,HYA,Cape Cod Gateway Airport,Hyannis,US-MA,41.6693,-70.2804,5425
KHYI,,San Marcos Regional Airport,San Marcos,US-TX,29.8927,-97.863,6330
KHYR,HYR,Sawyer County Airport,Hayward,US-WI,46.0252,-91.4443,5003
KHYS,HYS,Hays Regional Airport,Hays,US-KS,38.8445,-99.2731,6501
KHYW,,Conway Horry County Airport,Conway,US-SC,33.8285,-79.1222,4401
KHYX,,Saginaw County H.W. Browne Airport,Saginaw,US-MI,43.4334,-83.8623,5002
KHZD,,Carroll County Airport,Huntingdon,US-TN,36.0893,-88.4633,5507
KHZE,,Mercer County Regional Airport,Hazen,US-ND,47.2899,-101.581,4999
KHZL,HZL,Hazleton Municipal Airport,Hazleton,US-PA,40.9868,-75.9949,5001
KHZR,,False River Regional Airport,New Roads,US-LA,30.7183,-91.4787,5003
KHZY,JFN,Northeast Ohio Regional Airport,Ashtabula,US-OH,41.778,-80.6955,5900
KI06,,City of Tulia-Swisher County Municipal Airport,Tulia,US-TX,34.5668,-101.781,4900
KI10,,Noble County Airport,Caldwell,US-OH,39.801,-81.5363,3811
KSCA,,Sidney Municipal Airport,Sidney,US-OH,40.2414,-84.1509,5013
KI16,,Kee Field,Pineville,US-WV,37.6004,-81.5593,3701
KI17,,Piqua Airport-Hartzell Field,Piqua,US-OH,40.1647,-84.3084,3998
KI18,,Jackson County Airport,Ravenswood,US-WV,38.9298,-81.8195,4000
KI22,,Randolph County Airport,Winchester,US-IN,40.1689,-84.9257,3977
KI23,,Fayette County Airport,Washington Court House,US-OH,39.5704,-83.4205,5097
KRGA,,Central Kentucky Regional Airport,Richmond,US-KY,37.6308,-84.3323,5001
I40,,Richard Downing Airport,Coshocton,US-OH,40.3092,-81.8534,5001
KJRO,,James A Rhodes Airport,Jackson,US-OH,38.9814,-82.5779,5201
KSXU,,Santa Rosa Route 66 Airport,Santa Rosa,US-NM,34.9344,-104.643,5013
KI63,,Mount Sterling Municipal Airport,Mount Sterling,US-IL,39.9875,-90.8042,5905
I64,,Ortner Airport,Wakeman,US-OH,41.2934,-82.3725,3800
KI66,,Clinton County Airport,Wilmington,US-OH,39.5033,-83.8628,3579
I68,,Warren County Airport/John Lane Field,Lebanon,US-OH,39.4622,-84.2518,4505
KI69,,Clermont County Airport,Batavia,US-OH,39.0784,-84.2102,3567
I71,,Morgan County Regional Airport,McConnelsville,US-OH,39.6542,-81.8032,3500
KI73,,Moraine Air Park,Dayton,US-OH,39.6822,-84.239,3500
KI74,,Grimes Field,Urbana,US-OH,40.1326,-83.7534,4400
KI75,,Osceola Municipal Airport,Osceola,US-IA,41.0522,-93.6897,4001
KI76,,Peru Municipal Airport,Peru,US-IN,40.7863,-86.1464,4400
KI93,,Breckinridge County Airport,Hardinsburg,US-KY,37.7848,-86.4413,3500
KI95,,Hardin County Airport,Kenton,US-OH,40.6107,-83.6436,4797
KIAB,IAB,McConnell Air Force Base,Wichita,US-KS,37.6219,-97.2682,12007
KIAD,IAD,Washington Dulles International Airport,Dulles,US-VA,38.9445,-77.4558,11500
KIAG,IAG,Niagara Falls International Airport,Niagara Falls,US-NY,43.1073,-78.9462,9826
KIAH,IAH,George Bush Intercontinental Airport,Houston,US-TX,29.9844,-95.3414,12001
KIBM,,Kimball Municipal Robert E Arraj Field,Kimball,US-NE,41.1881,-103.677,6199
KICL,ICL,Schenck Field,Clarinda,US-IA,40.7218,-95.0264,5002
KICR,,Winner Regional Airport,Winner,US-SD,43.3902,-99.8421,5500
KICT,ICT,Wichita Dwight D. Eisenhower National Airport,Wichita,US-KS,37.6503,-97.4286,10302
KIDA,IDA,Idaho Falls Regional Airport,Idaho Falls,US-ID,43.5146,-112.071,9002
KIDI,IDI,Indiana County–Jimmy Stewart Airport,Indiana,US-PA,40.6311,-79.1019,5502
KIDL,,Indianola Municipal Airport,Indianola,US-MS,33.4857,-90.6789,7004
KIDP,IDP,Independence Municipal Airport,Independence,US-KS,37.1584,-95.7784,5501
KIEN,XPR,Pine Ridge Airport,Pine Ridge,US-SD,43.0209,-102.5061,5000
KIER,,Natchitoches Regional Airport,Natchitoches,US-LA,31.7357,-93.0991,5003
KIFA,IFA,Iowa Falls Municipal Airport,Iowa Falls,US-IA,42.4708,-93.27,4602
KIFP,IFP,Laughlin Bullhead International Airport,Bullhead City,US-AZ,35.1547,-114.5593,8501
KIGM,IGM,Kingman Airport,Kingman,US-AZ,35.2595,-113.938,6827
KIGQ,,Lansing Municipal Airport,Chicago,US-IL,41.5349,-87.5295,4002
KIIB,,Independence Municipal Airport,Independence,US-IA,42.4568,-91.9477,5500
KIIY,,Washington Wilkes County Airport,Washington,US-GA,33.7794,-82.8158,5020
KIJD,,Windham Airport,North Windham,US-CT,41.744,-72.1803,4271
KIJX,IJX,Jacksonville Municipal Airport,Jacksonville,US-IL,39.7746,-90.2383,5000
KIKG,,Kleberg County Airport,Kingsville,US-TX,27.5509,-98.0309,6000
KIKK,IKK,Greater Kankakee Airport,Kankakee,US-IL,41.0714,-87.8463,5981
KIKV,,Ankeny Regional Airport,Ankeny,US-IA,41.6914,-93.5664,5500
KILE,ILE,Skylark Field,Killeen,US-TX,31.0858,-97.6865,5495
KILG,ILG,Wilmington Airport,Wilmington,US-DE,39.6787,-75.6065,7275
KILM,ILM,Wilmington International Airport,Wilmington,US-NC,34.2723,-77.9051,8016
KILN,ILN,Wilmington Airpark,Wilmington,US-OH,39.4279,-83.7921,10701
KIML,IML,Imperial Municipal Airport,Imperial,US-NE,40.5093,-101.621,5022
KIMM,IMM,Immokalee Regional Airport,Immokalee,US-FL,26.4279,-81.4035,5000
KIMS,MDN,Madison Municipal Airport,Madison,US-IN,38.7589,-85.4655,5000
KIMT,IMT,Ford Airport,Kingsford,US-MI,45.8191,-88.1146,6502
KIND,IND,Indianapolis International Airport,Indianapolis,US-IN,39.7173,-86.2944,11200
KINF,,Inverness Airport,Inverness,US-FL,28.8036,-82.3183,5000
KINJ,,Hillsboro Municipal Airport,Hillsboro,US-TX,32.0835,-97.0972,3998
KINK,INK,Winkler County Airport,Wink,US-TX,31.7796,-103.201,5003
KINL,INL,Falls International Airport,International Falls,US-MN,48.5662,-93.4031,7400
KINS,INS,Creech Air Force Base,Indian Springs,US-NV,36.5872,-115.673,9002
KINT,INT,Smith Reynolds Airport,Winston Salem,US-NC,36.1337,-80.222,6655
KINW,INW,Winslow Lindbergh Regional Airport,Winslow,US-AZ,35.0219,-110.723,7499
KIOB,,Mount Sterling Montgomery County Airport,Mount Sterling,US-KY,38.0581,-83.9796,5000
KIOW,IOW,Iowa City Municipal Airport,Iowa City,US-IA,41.6392,-91.5465,5002
KIPJ,,Lincolnton Lincoln County Regional Airport,Lincolnton,US-NC,35.4833,-81.1613,5700
KIPL,IPL,Imperial County Airport,Imperial,US-CA,32.8354,-115.574,5308
KIPT,IPT,Williamsport Regional Airport,Williamsport,US-PA,41.2421,-76.9224,6825
KIRK,IRK,Kirksville Regional Airport,Kirksville,US-MO,40.0935,-92.5449,6005
KIRS,IRS,Kirsch Municipal Airport,Sturgis,US-MI,41.8133,-85.439,5201
KISM,ISM,Kissimmee Gateway Airport,Orlando,US-FL,28.2898,-81.4371,6001
KISO,ISO,Kinston Regional Jetport At Stallings Field,Kinston,US-NC,35.3314,-77.6088,11498
KISP,ISP,Long Island MacArthur Airport,Islip,US-NY,40.7963,-73.1017,7006
KISQ,ISQ,Schoolcraft County Airport,Manistique,US-MI,45.9746,-86.1718,5001
KISW,ISW,Alexander Field South Wood County Airport,Wisconsin Rapids,US-WI,44.3603,-89.839,5500
KITH,ITH,Ithaca Tompkins Regional Airport,Ithaca,US-NY,42.491,-76.4584,6977
KITR,,Kit Carson County Airport,Burlington,US-CO,39.2425,-102.285,5199
KIWA,AZA,Mesa Gateway Airport,Mesa,US-AZ,33.3078,-111.655,10401
KIWD,IWD,Gogebic Iron County Airport,Ironwood,US-MI,46.5253,-90.1316,6502
KIWH,,Wabash Municipal Airport,Wabash,US-IN,40.763,-85.7997,4401
KIWS,IWS,West Houston Airport,Houston,US-TX,29.8182,-95.6726,3953
KIXA,,Halifax-Northampton Regional Airport,Halifax,US-NC,36.3298,-77.6352,5500
KIXD,JCI,New Century AirCenter Airport,New Century,US-KS,38.8309,-94.8903,7339
KIYK,IYK,Inyokern Airport,Inyokern,US-CA,35.6588,-117.83,7100
KIZG,FRY,Eastern Slopes Regional Airport,Fryeburg,US-ME,43.9911,-70.9479,4200
KJAC,JAC,Jackson Hole Airport,Jackson,US-WY,43.6073,-110.738,6300
KJAN,JAN,Jackson-Medgar Wiley Evers International Airport,Jackson,US-MS,32.3112,-90.0759,8500
KJAS,JAS,Jasper County Airport Bell Field,Jasper,US-TX,30.8857,-94.0349,5500
KJAU,,Campbell County Airport  - Colonel Tommy C Stiner Airfield,Jacksboro,US-TN,36.3341,-84.163,4000
KJAX,JAX,Jacksonville International Airport,Jacksonville,US-FL,30.4925,-81.6878,10000
KJBR,JBR,Jonesboro Municipal Airport,Jonesboro,US-AR,35.8317,-90.6464,6200
KJCT,JCT,Kimble County Airport,Junction,US-TX,30.5113,-99.7635,5004
KJDD,,Wood County Airport - Collins Field,Mineola,US-TX,32.7422,-95.4965,4002
KJDN,JDN,Jordan Airport,Jordan,US-MT,47.3288,-106.953,4300
KJEF,JEF,Jefferson City Memorial Airport,Jefferson City,US-MO,38.5912,-92.1561,6000
KJER,,Jerome County Airport,Jerome,US-ID,42.7267,-114.457,5002
KJES,,Jesup Wayne County Airport,Jesup,US-GA,31.554,-81.8825,5500
KJFK,JFK,John F. Kennedy International Airport,New York,US-NY,40.6394,-73.7793,14511
KJFX,,Walker County Airport Bevill Field,Jasper,US-AL,33.902,-87.3142,5004
KJFZ,,Tazewell County Airport,Cedar Bluff,US-VA,37.0637,-81.7983,4299
KJHW,JHW,Chautauqua County-Jamestown Airport,Jamestown,US-NY,42.1542,-79.254,5300
KJKA,GUF,Jack Edwards National Airport,Gulf Shores,US-AL,30.2905,-87.6718,6962
KJKJ,,Moorhead Municipal Airport,Moorhead,US-MN,46.8392,-96.6637,4300
KJKL,,Julian Carroll Airport,Jackson,US-KY,37.5939,-83.3173,4400
KJLN,JLN,Joplin Regional Airport,Joplin,US-MO,37.1518,-94.4983,6502
KJMR,,Mora Municipal Airport,Mora,US-MN,45.8861,-93.2718,4794
KJMS,JMS,Jamestown Regional Airport,Jamestown,US-ND,46.9297,-98.6782,6502
KJNX,,Johnston Regional Airport,Smithfield,US-NC,35.5409,-78.3903,5500
KJQF,USA,Concord-Padgett Regional Airport,Concord,US-NC,35.3878,-80.7091,7402
KJSO,JKV,Cherokee County Airport,Jacksonville,US-TX,31.8693,-95.2174,5006
KJST,JST,John Murtha Johnstown Cambria County Airport,Johnstown,US-PA,40.3161,-78.8339,7004
KJSV,,Sallisaw Municipal Airport,Sallisaw,US-OK,35.4382,-94.8028,4006
KJVL,JVL,Southern Wisconsin Regional Airport,Janesville,US-WI,42.6203,-89.0416,7302
KJVY,,Clark Regional Airport,Jeffersonville,US-IN,38.3654,-85.7382,7000
KJWG,,Watonga Regional Airport,Watonga,US-OK,35.8647,-98.4208,4001
KJWN,,John C Tune Airport,Nashville,US-TN,36.1824,-86.8867,6001
KJWY,,Mid-Way Regional Airport,Midlothian/Waxahachie,US-TX,32.4587,-96.9124,6500
KJXI,,Fox Stephens Field Gilmer Municipal Airport,Gilmer,US-TX,32.699,-94.9489,3998
KJXN,JXN,Jackson County Airport/Reynolds Field,Jackson,US-MI,42.2605,-84.463,5351
KJYG,,St James Municipal Airport,St James,US-MN,43.9863,-94.5579,3999
KJYL,,Plantation Airpark,Sylvania,US-GA,32.6453,-81.5971,5501
KJYM,,Hillsdale Municipal Airport,Hillsdale,US-MI,41.9213,-84.5858,5000
KJYO,,Leesburg Executive Airport,Leesburg,US-VA,39.078,-77.5575,5500
KJYR,,York Municipal Airport,York,US-NE,40.8968,-97.6228,5900
KJZI,,Charleston Executive Airport,Johns Island,US-SC,32.6982,-80.0057,5350
KJZP,,Pickens County Airport,Jasper,US-GA,34.4534,-84.4574,5000
KPCD,,Perryville Regional Airport,Perryville,US-MO,37.8687,-89.8621,6483
KK06,,Greater Beardstown Airport,Beardstown,US-IL,39.9734,-90.4037,4000
KCPF,,Wendell H Ford Airport,Chavies,US-KY,37.3848,-83.2597,5499
KSJS,,Big Sandy Regional Airport,Debord,US-KY,37.751,-82.6367,5051
K24,,Russell County Airport,Jamestown,US-KY,37.0097,-85.1027,5010
KK44,,Beaver Municipal Airport,Beaver,US-OK,36.7989,-100.53,4050
KK49,,Texhoma Municipal Airport,Texhoma,US-OK,36.5056,-101.814,3564
KK52,,Captain Ben Smith Airfield - Monroe City Airport,Monroe City,US-MO,39.6344,-91.727,3515
KK57,,Gould Peterson Municipal Airport,Tarkio,US-MO,40.4458,-95.3628,3600
KK61,,Moritz Memorial Airport,Beloit,US-KS,39.4712,-98.1288,4200
KK62,,Gene Snyder Airport,Falmouth,US-KY,38.7042,-84.3916,4002
K75,,Osborne Municipal Airport,Osborne,US-KS,39.4336,-98.6795,4206
KK79,,Jetmore Municipal Airport,Jetmore,US-KS,37.9845,-99.8943,4205
KK82,,Smith Center Municipal Airport,Smith Center,US-KS,39.7624,-98.7945,4400
KK88,,Allen County Airport,Iola,US-KS,37.8701,-95.3864,5501
KK89,,Macon Fowler Memorial Airport,Macon,US-MO,39.7287,-92.4645,4150
KKIC,KIC,Mesa Del Rey Airport,King City,US-CA,36.228,-121.122,4479
KKLS,KLS,Southwest Washington Regional Airport,Kelso,US-WA,46.118,-122.898,4391
KKNB,KNB,Kanab Municipal Airport,Kanab,US-UT,37.0111,-112.531,6200
KL00,,Rosamond Skypark Airport,Rosamond,US-CA,34.8708,-118.209,3600
KL05,,Kern Valley Airport,Kernville,US-CA,35.7282,-118.4197,3500
L08,BXS,Borrego Valley Airport,Borrego Springs,US-CA,33.259,-116.321,5011
KL22,,Yucca Valley Airport,Yucca Valley,US-CA,34.1297,-116.4074,4363
KL23,,Pahute Mesa Airstrip,Mercury,US-NV,37.1021,-116.3128,5712
KL26,,Hesperia Airport,Hesperia,US-CA,34.3772,-117.316,3910
KL33,,Tensas Parish Airport,St Joseph,US-LA,31.9774,-91.2405,3509
KL35,RBF,Big Bear City Airport,Big Bear,US-CA,34.2638,-116.856,5850
KREG,,Louisiana Regional Airport,Gonzales,US-LA,30.1727,-90.9406,5003
L39,,Leesville Airport,Leesville,US-LA,31.1686,-93.3425,3807
KL41,MYH,Marble Canyon Airport,Marble Canyon,US-AZ,36.8125,-111.647,3715
KL45,,Bakersfield International Airport,Bakersfield,US-CA,35.3248,-118.996,4000
CN64,,Desert Center Airport,Desert Center,US-CA,33.7476,-115.3251,4200
KL65,,Perris Valley Airport,Perris,US-CA,33.7609,-117.218,5100
L66,,Pollock Municipal Airport,Pollock,US-LA,31.4775,-92.4611,4499
KL70,,Agua Dulce Airpark,Agua Dulce,US-CA,34.5036,-118.3129,4600
KL71,,California City Municipal Airport,California City,US-CA,35.1514,-118.0161,6027
L72,TRH,Trona Airport,Trona,US-CA,35.8125,-117.327,5910
KL77,,Chiriaco Summit Airport,Chiriaco Summit,US-CA,33.6647,-115.7108,4000
KL88,,New Cuyama Airport,New Cuyama,US-CA,34.9375,-119.688,3940
KL94,,Mountain Valley Airport,Tehachapi,US-CA,35.1011,-118.423,4890
KLAA,LAA,Southeast Colorado Regional Airport,Lamar,US-CO,38.0664,-102.6914,6304
KLAF,LAF,Purdue University Airport,West Lafayette,US-IN,40.4129,-86.9394,6600
KLAL,LAL,Lakeland Linder International Airport,Lakeland,US-FL,27.9893,-82.0207,8500
KLAM,LAM,Los Alamos Airport,Los Alamos,US-NM,35.8798,-106.269,6000
KLAN,LAN,Capital Region International Airport,Lansing,US-MI,42.7776,-84.5857,8506
KLAR,LAR,Laramie Regional Airport,Laramie,US-WY,41.3121,-105.675,8503
KLAS,LAS,Harry Reid International Airport,Las Vegas,US-NV,36.0834,-115.1518,14835
KLAW,LAW,Lawton Fort Sill Regional Airport,Lawton,US-OK,34.5677,-98.4166,8599
KLAX,LAX,Los Angeles International Airport,Los Angeles,US-CA,33.9425,-118.408,12894
KLBB,LBB,Lubbock Preston Smith International Airport,Lubbock,US-TX,33.6636,-101.823,11500
KLBE,LBE,Arnold Palmer Regional Airport,Latrobe,US-PA,40.2759,-79.4048,8222
KLBF,LBF,North Platte Regional Airport Lee Bird Field,North Platte,US-NE,41.1262,-100.684,8001
KLBL,LBL,Liberal Mid-America Regional Airport,Liberal,US-KS,37.0442,-100.96,7105
KLBO,,Floyd W. Jones Lebanon Airport,Lebanon,US-MO,37.6483,-92.6524,5000
KLBT,LBT,Lumberton Regional Airport,Lumberton,US-NC,34.6108,-79.0594,5505
KLBX,LJN,Texas Gulf Coast Regional Airport,Angleton,US-TX,29.1086,-95.4621,7000
KLCG,,Wayne Municipal Airport / Stan Morris Field,Wayne,US-NE,42.2419,-96.9814,4201
KLCH,LCH,Lake Charles Regional Airport,Lake Charles,US-LA,30.1261,-93.2233,6500
KLCI,LCI,Laconia Municipal Airport,Laconia / Gilford,US-NH,43.5727,-71.4189,5890
KLCK,LCK,Rickenbacker International Airport,Columbus,US-OH,39.8138,-82.9278,12103
KLCQ,LCQ,Lake City Gateway Airport,Lake City,US-FL,30.182,-82.5769,8003
KLDJ,LDJ,Linden Airport,Linden,US-NJ,40.6174,-74.2446,4140
KLDM,LDM,Mason County Airport,Ludington,US-MI,43.9625,-86.4079,5003
KLEB,LEB,Lebanon Municipal Airport,Lebanon,US-NH,43.6261,-72.3042,5496
KLEE,LEE,Leesburg International Airport,Leesburg,US-FL,28.8231,-81.8087,6300
KLEM,LEM,Lemmon Municipal Airport,Lemmon,US-SD,45.9187,-102.106,4501
KLEW,LEW,Auburn Lewiston Municipal Airport,Auburn/Lewiston,US-ME,44.0485,-70.2835,5001
KLEX,LEX,Blue Grass Airport,Lexington,US-KY,38.0351,-84.6067,7004
KLFI,LFI,Langley Air Force Base,Hampton,US-VA,37.0829,-76.3605,10002
KLFK,LFK,Angelina County Airport,Lufkin,US-TX,31.234,-94.75,5400
KLFT,LFT,Lafayette Regional Airport,Lafayette,US-LA,30.2053,-91.9876,8000
KLGA,LGA,LaGuardia Airport,New York,US-NY,40.7772,-73.8726,7002
KLGB,LGB,Long Beach International Airport,Long Beach,US-CA,33.8165,-118.1499,10000
KLGC,LGC,LaGrange Callaway Airport,LaGrange,US-GA,33.0089,-85.0743,6499
KLGD,LGD,La Grande/Union County Airport,La Grande,US-OR,45.2902,-118.007,6261
KLGF,LGF,Laguna Army Airfield,Yuma Proving Ground(Yuma),US-AZ,32.8608,-114.3962,6142
KLGU,LGU,Logan-Cache Airport,Logan,US-UT,41.7912,-111.852,9020
KLHB,,Hearne Municipal Airport,Hearne,US-TX,30.8718,-96.6222,4001
KLHM,,Lincoln Regional Karl Harder Field,Lincoln,US-CA,38.9092,-121.351,6001
KLHQ,,Fairfield County Airport,Lancaster,US-OH,39.7556,-82.6571,5003
KLHV,LHV,William T. Piper Memorial Airport,Lock Haven,US-PA,41.1356,-77.4223,3799
KLHW,LIY,MidCoast Regional Airport at Wright Army Airfield,Hinesville,US-GA,31.8912,-81.561,6500
KLHX,,La Junta Municipal Airport,La Junta,US-CO,38.0497,-103.509,6849
KLHZ,LFN,Triangle North Executive Airport,Louisburg,US-NC,36.0233,-78.3303,5498
KLIC,LIC,Limon Municipal Airport,Limon,US-CO,39.2748,-103.666,4700
KLIT,LIT,Bill & Hillary Clinton National Airport/Adams Field,Little Rock,US-AR,34.7292,-92.2236,8273
KLIU,,Littlefield Municipal Airport,Littlefield,US-TX,33.9239,-102.387,4021
KLJF,,Litchfield Municipal Airport,Litchfield,US-MN,45.0971,-94.5073,4002
KLKP,LKP,Lake Placid Airport,Lake Placid,US-NY,44.2645,-73.9619,4196
KLKR,,Lancaster County-Mc Whirter Field,Lancaster,US-SC,34.7229,-80.8546,6004
KLKU,LOW,Louisa County Airport / Freeman Field,Louisa,US-VA,38.0098,-77.9701,4300
KLKV,LKV,Lake County Airport,Lakeview,US-OR,42.1611,-120.399,5318
KLLJ,CHL,Challis Airport,Challis,US-ID,44.523,-114.218,4601
KLLN,,Levelland Municipal Airport,Levelland,US-TX,33.5525,-102.372,6110
KLLQ,,Monticello Municipal Ellis Field,Monticello,US-AR,33.6386,-91.751,5020
KLLR,,Little River Airport,Little River,US-CA,39.262,-123.754,5249
KLLU,,Lamar Municipal Airport,Lamar,US-MO,37.4872,-94.3133,4000
KLMO,,Vance Brand Airport,Longmont,US-CO,40.1637,-105.163,4799
KLMS,LMS,Louisville Winston County Airport,Louisville,US-MS,33.1462,-89.0625,4669
KLMT,LMT,Crater Lake-Klamath Regional Airport,Klamath Falls,US-OR,42.1561,-121.733,10302
KLNC,,Lancaster Airport,Lancaster,US-TX,32.5776,-96.7175,6500
KLND,LND,Hunt Field,Lander,US-WY,42.8152,-108.73,5000
KLNK,LNK,Lincoln Airport,Lincoln,US-NE,40.8449,-96.7618,12901
KLNL,,Kings Land O' Lakes Airport,Land O' Lakes,US-WI,46.154,-89.2121,4000
KLNN,LNN,Lake County Executive Airport,Willoughby,US-OH,41.684,-81.3897,5028
KLNP,LNP,Lonesome Pine Airport,Wise,US-VA,36.9875,-82.53,5131
KLNR,LNR,Tri-County Regional Airport,Spring Green,US-WI,43.2099,-90.1813,5000
KLNS,LNS,Lancaster Airport,Lancaster,US-PA,40.1217,-76.2961,6933
KLOL,LOL,Derby Field,Lovelock,US-NV,40.0664,-118.565,5529
KLOM,BBX,Wings Field,Philadelphia,US-PA,40.1375,-75.2651,3700
KLOT,LOT,Lewis University Airport,Chicago/Romeoville,US-IL,41.6073,-88.0962,6500
KLOU,LOU,Bowman Field,Louisville,US-KY,38.228,-85.6637,4358
KLOZ,LOZ,London-Corbin Airport/Magee Field,London,US-KY,37.0822,-84.0849,5750
KLPC,LPC,Lompoc Airport,Lompoc,US-CA,34.6656,-120.468,4600
KLPR,,Lorain County Regional Airport,Lorain/Elyria,US-OH,41.3443,-82.1776,5002
KLQK,LQK,Pickens County Airport,Pickens,US-SC,34.81,-82.7029,5002
KLQR,,Larned Pawnee County Airport,Larned,US-KS,38.2086,-99.086,4201
KLRD,LRD,Laredo International Airport,Laredo,US-TX,27.5438,-99.4616,8743
KLRF,LRF,Little Rock Air Force Base,Jacksonville,US-AR,34.9169,-92.1497,12001
KLRJ,LRJ,Le Mars Municipal Airport,Le Mars,US-IA,42.778,-96.1937,5056
KLRO,,Mount Pleasant Regional Airport Faison Field,Mount Pleasant,US-SC,32.8978,-79.7829,3700
KLRU,LRU,Las Cruces International Airport,Las Cruces,US-NM,32.2894,-106.922,7506
KLRY,,Lawrence Smith Memorial Airport,Harrisonville,US-MO,38.6099,-94.3435,4000
KLSB,LSB,Lordsburg Municipal Airport,Lordsburg,US-NM,32.3335,-108.692,5224
KLSE,LSE,La Crosse Regional Airport,La Crosse,US-WI,43.879,-91.2567,8742
KLSF,LSF,Lawson Army Air Field,Fort Benning,US-GA,32.3325,-84.988,10002
KLSK,LSK,Lusk Municipal Airport,Lusk,US-WY,42.7538,-104.405,5058
KLSN,LSN,Los Banos Municipal Airport,Los Banos,US-CA,37.0629,-120.869,3801
KLSV,LSV,Nellis Air Force Base,Las Vegas,US-NV,36.2362,-115.034,10120
KLTS,LTS,Altus Air Force Base,Altus,US-OK,34.6671,-99.2667,13440
KLTY,,Liberty County Airport,Chester,US-MT,48.5107,-110.991,4607
KLUD,,Decatur Municipal Airport,Decatur,US-TX,33.2546,-97.5806,4200
KLUF,LUF,Luke Air Force Base,Glendale,US-AZ,33.535,-112.383,10000
KLUG,,Ellington Airport,Lewisburg,US-TN,35.507,-86.8039,5001
KLUK,LUK,Cincinnati Municipal Airport Lunken Field,Cincinnati,US-OH,39.1024,-84.4189,6101
KLUL,LUL,Hesler Noble Field,Laurel,US-MS,31.6726,-89.1722,5513
KLUM,,Menomonie Municipal Score Field,Menomonie,US-WI,44.8923,-91.8679,5074
KLUX,,Laurens County Airport,Laurens,US-SC,34.5071,-81.9472,4051
KLVJ,,Pearland Regional Airport,Houston,US-TX,29.5213,-95.2421,4313
KLVK,LVK,Livermore Municipal Airport,Livermore,US-CA,37.6934,-121.82,5253
KLVM,LVM,Mission Field,Livingston,US-MT,45.6994,-110.448,5701
KLVN,,Airlake Airport,Minneapolis,US-MN,44.6279,-93.2281,4099
KLVS,LVS,Las Vegas Municipal Airport,Las Vegas,US-NM,35.6542,-105.142,8199
KLWA,,South Haven Area Regional Airport,South Haven,US-MI,42.3512,-86.2557,4800
KLWB,LWB,Greenbrier Valley Airport,Lewisburg,US-WV,37.8579,-80.4004,7003
KLWC,LWC,Lawrence Municipal Airport,Lawrence,US-KS,39.0112,-95.2166,5701
KLWL,LWL,Wells Municipal Airport/Harriet Field,Wells,US-NV,41.1171,-114.922,5508
KLWM,LWM,Lawrence Municipal Airport,Lawrence,US-MA,42.7172,-71.1234,5001
KLWS,LWS,Lewiston Nez Perce County Airport,Lewiston,US-ID,46.3745,-117.015,6511
KLWT,LWT,Lewistown Municipal Airport,Lewistown,US-MT,47.0484,-109.4661,6100
KLWV,LWV,Lawrenceville Vincennes International Airport,Lawrenceville,US-IL,38.7643,-87.6055,5199
KLXL,,Little Falls-Morrison County-Lindbergh field,Little Falls,US-MN,45.9497,-94.3474,4010
KLXN,LXN,Jim Kelly Field,Lexington,US-NE,40.791,-99.7773,5489
KLXT,,Lee's Summit Municipal Airport,Lee's Summit,US-MO,38.9597,-94.3714,5501
KLXV,LXV,Lake County Airport,Leadville,US-CO,39.2203,-106.317,6400
KLXY,,Mexia Limestone County Airport,Mexia,US-TX,31.6398,-96.5147,5000
KLYH,LYH,Lynchburg Regional Airport - Preston Glenn Field,Lynchburg,US-VA,37.3267,-79.2004,7100
KLYO,LYO,Lyons-Rice County Municipal Airport,Lyons,US-KS,38.3395,-98.2287,4400
KLYV,,Quentin Aanenson Airfield - Luverne Municipal Airport,Luverne,US-MN,43.6162,-96.2179,4200
KLZU,LZU,Gwinnett County Briscoe Field,Lawrenceville,US-GA,33.9781,-83.9624,6001
KLZZ,,Lampasas Airport,Lampasas,US-TX,31.1062,-98.1959,4202
KM01,,General Dewitt Spain Airport,Memphis,US-TN,35.2007,-90.054,3799
M02,,Dickson County Municipal Airport,Dickson,US-TN,36.128,-87.4298,5001
KM04,,Covington Municipal Airport,Covington,US-TN,35.5834,-89.5872,5003
KM05,,Caruthersville Memorial Airport,Caruthersville,US-MO,36.1691,-89.6765,4003
KM08,,William L. Whitehurst Field,Bolivar,US-TN,35.2145,-89.0434,5007
KM12,,Steele Municipal Airport,Steele,US-MO,36.0959,-89.8634,3984
M13,PCU,Poplarville Pearl River County Airport,Poplarville,US-MS,30.786,-89.5045,4000
KM15,,James Tucker Perry County Airport,Linden,US-TN,35.5945,-87.8767,3600
KJVW,,John Bell Williams Airport,Raymond,US-MS,32.3033,-90.4085,5499
KM17,,Bolivar Municipal Airport,Bolivar,US-MO,37.5961,-93.3477,4000
KM18,,Hope Municipal Airport,Hope,US-AR,33.7201,-93.6588,5501
KM19,,Newport Regional Airport,Newport,US-AR,35.6377,-91.1764,5002
KM20,,Grayson County Airport,Leitchfield,US-KY,37.3995,-86.2602,4000
KM21,,Muhlenberg County Airport,Greenville,US-KY,37.226,-87.157,5000
KM22,,Bill Pugh Field,Russellville,US-AL,34.4444,-87.7119,5500
KM24,,Dean Griffin Memorial Airport,Wiggins,US-MS,30.8432,-89.1598,3500
KM25,,Mayfield Graves County Airport,Mayfield,US-KY,36.7691,-88.5847,4627
KM27,,Waldron Municipal Airport,Waldron,US-AR,34.876,-94.1093,4000
M29,,Hassell Field,Clifton,US-TN,35.3836,-87.9681,4600
KM30,,Metropolis Municipal Airport,Metropolis,US-IL,37.1824,-88.7507,4002
KM31,,Arnold Field,Halls,US-TN,35.9034,-89.3973,4700
KM32,,Lake Village Municipal Airport,Lake Village,US-AR,33.346,-91.3157,4400
KXNX,,Music City Executive Airport,Gallatin,US-TN,36.3751,-86.4084,6300
KM34,,Kentucky Dam State Park Airport,Calvert City,US-KY,37.0098,-88.2994,3997
KM36,,Frank Federer Memorial Airport,Brinkley,US-AR,34.8803,-91.1764,4002
KM40,,Monroe County Airport,Aberdeen,US-MS,33.8737,-88.4897,4999
KM44,,Houston Municipal Airport,Houston,US-MS,33.8862,-89.0234,4400
M45,,Alpine County Airport,Markleeville,US-CA,38.7347,-119.767,4443
KM46,,Colstrip Airport,Colstrip,US-MT,45.8529,-106.709,5100
KM48,,Houston Memorial Airport,Houston,US-MO,37.3301,-91.9732,3500
KM50,,Boardman Airport,Boardman,US-OR,45.8148,-119.821,4200
KM53,,Humboldt Municipal Airport,Humboldt,US-TN,35.8022,-88.8749,4003
KM54,,Lebanon Municipal Airport,Lebanon,US-TN,36.1904,-86.3157,5000
KM55,,Lamar County Airport,Vernon,US-AL,33.8467,-88.1155,3613
KM60,,Woodruff County Airport,Augusta,US-AR,35.2719,-91.2697,3797
KM70,,Pocahontas Municipal Airport,Pocahontas,US-AR,36.2455,-90.9552,4000
KM72,,New Albany Union County Airport,New Albany,US-MS,34.549,-89.0245,3903
KM75,MLK,Malta Airport,Malta,US-MT,48.3669,-107.919,4500
KM77,,Howard County Airport,Nashville,US-AR,33.9967,-93.8381,3994
KM79,,John H Hooks Jr Memorial Airport,Rayville,US-LA,32.4856,-91.7724,3998
KM83,,Mccharen Field,West Point,US-MS,33.584,-88.6667,3850
KM85,,Gideon Memorial Airport,Gideon,US-MO,36.4438,-89.9038,4504
KADF,,Dexter B Florence Memorial Field,Arkadelphia,US-AR,34.0998,-93.0661,5002
KM91,,Springfield Robertson County Airport,Springfield,US-TN,36.5368,-86.9212,5505
KM94,,Desert Aire Regional Airport,Mattawa,US-WA,46.6874,-119.921,3665
KM95,,Richard Arthur Field,Fayette,US-AL,33.7092,-87.8153,4899
KMAC,MAC,Macon Downtown Airport,Macon,US-GA,32.8221,-83.562,4694
KMAE,MAE,Madera Municipal Airport,Madera,US-CA,36.9886,-120.112,5545
KMAF,MAF,Midland International Air and Space Port,Midland,US-TX,31.9425,-102.202,9501
KMAI,,Marianna Municipal Airport,Marianna,US-FL,30.8378,-85.1819,6001
KMAL,,Malone Dufort Airport,Malone,US-NY,44.8537,-74.3289,3994
KMAO,,Marion County Airport,Mullins,US-SC,34.1812,-79.3347,4505
KMAW,MAW,Malden Regional Airport,Malden,US-MO,36.6006,-89.9922,5010
KMBG,MBG,Mobridge Municipal Airport,Mobridge,US-SD,45.5465,-100.408,4410
KMBL,MBL,Manistee County Blacker Airport,Manistee,US-MI,44.2727,-86.2465,5501
KMBO,DXE,Bruce Campbell Field,Madison,US-MS,32.4387,-90.1031,4444
KMBS,MBS,MBS International Airport,Freeland,US-MI,43.5332,-84.0831,8002
KMBT,,City of Murfreesboro Airport,Murfreesboro,US-TN,35.8775,-86.3775,4750
KMBY,MBY,Omar N Bradley Airport,Moberly,US-MO,39.4644,-92.4284,5000
KMCB,MCB,McComb-Pike County Airport / John E Lewis Field,McComb,US-MS,31.1785,-90.4719,5000
KMCC,MCC,McClellan Airfield,Sacramento,US-CA,38.6676,-121.401,10599
KMCD,MCD,Mackinac Island Airport,Mackinac Island,US-MI,45.8649,-84.6373,3501
KMCE,MCE,Merced Regional Macready Field,Merced,US-CA,37.2847,-120.514,5914
KMCF,MCF,MacDill Air Force Base,Tampa,US-FL,27.8493,-82.5212,11421
KMCI,MCI,Kansas City International Airport,Kansas City,US-MO,39.3017,-94.7139,10801
KMCK,MCK,McCook Ben Nelson Regional Airport,McCook,US-NE,40.2078,-100.5928,6450
KMCN,MCN,Middle Georgia Regional Airport,Macon,US-GA,32.6928,-83.6492,6500
KMCO,MCO,Orlando International Airport,Orlando,US-FL,28.4294,-81.309,12005
KMCW,MCW,Mason City Municipal Airport,Mason City,US-IA,43.1598,-93.3297,6501
KMCX,,White County Airport,Monticello,US-IN,40.7088,-86.7668,5001
KMCZ,,Martin County Airport,Williamston,US-NC,35.8622,-77.1782,5000
KMDD,MDD,Midland Airpark,Midland,US-TX,32.0365,-102.101,5571
KMDF,,Mooreland Municipal Airport,Mooreland,US-OK,36.4848,-99.1942,3500
KMDH,MDH,Southern Illinois Airport,Murphysboro,US-IL,37.7781,-89.252,6506
KMDQ,,Madison County Executive Airport-Tom Sharp Jr Field,Huntsville,US-AL,34.8614,-86.5575,6500
KMDS,XMD,Madison Municipal Airport,Madison,US-SD,44.016,-97.0859,5000
KMDT,MDT,Harrisburg International Airport,Harrisburg,US-PA,40.1928,-76.7623,10001
KMDW,MDW,Chicago Midway International Airport,Chicago,US-IL,41.786,-87.7524,6522
KMDZ,MDF,Taylor County Airport,Medford,US-WI,45.101,-90.3033,6000
KMEB,MXE,Laurinburg Maxton Airport,Maxton,US-NC,34.7919,-79.3658,6503
KMEI,MEI,Key Field / Meridian Regional Airport,Meridian,US-MS,32.3326,-88.7519,10003
KMEJ,,Meade Municipal Airport,Meade,US-KS,37.2769,-100.356,4800
KMEM,MEM,Frederick W. Smith International Airport,Memphis,US-TN,35.0438,-89.9763,11120
KMER,MER,Castle Airport,Merced,US-CA,37.3805,-120.568,11802
KMEV,MEV,Minden-Tahoe Airport,Minden,US-NV,39.0003,-119.751,7399
KMEZ,UMZ,Mena Intermountain Municipal Airport,Mena,US-AR,34.5454,-94.2027,5485
KMFD,MFD,Mansfield Lahm Regional Airport,Mansfield,US-OH,40.8214,-82.5166,9001
KMFE,MFE,McAllen Miller International Airport,McAllen,US-TX,26.1761,-98.238,7120
KMFI,MFI,Marshfield Municipal Airport,Marshfield,US-WI,44.6369,-90.1893,5003
KMFR,MFR,Rogue Valley International-Medford Airport,Medford,US-OR,42.3742,-122.873,8800
KMFV,MFV,Accomack County Airport,Melfa,US-VA,37.6469,-75.7611,5000
KMGC,MGC,Michigan City Municipal Airport,Michigan City,US-IN,41.7033,-86.8212,4099
KMGE,MGE,Dobbins Air Reserve Base,Marietta,US-GA,33.9154,-84.5163,10002
KMGJ,MGJ,Orange County Airport,Montgomery,US-NY,41.51,-74.2646,5006
KMGM,MGM,Montgomery Regional (Dannelly Field) Airport,Montgomery,US-AL,32.3006,-86.394,9020
KMGN,,Harbor Springs Airport,Harbor Springs,US-MI,45.4256,-84.9134,4149
KMGR,MGR,Moultrie Municipal Airport,Moultrie,US-GA,31.0849,-83.8033,6000
KMGW,MGW,Morgantown Municipal Airport Walter L. (Bill) Hart Field,Morgantown,US-WV,39.6433,-79.9176,5199
KMGY,MGY,Dayton-Wright Brothers Airport,Dayton,US-OH,39.589,-84.2249,5000
KMHE,MHE,Mitchell Municipal Airport,Mitchell,US-SD,43.7748,-98.0386,6701
KMHK,MHK,Manhattan Regional Airport,Manhattan,US-KS,39.141,-96.6708,7400
KMHL,MHL,Marshall Memorial Municipal Airport,Marshall,US-MO,39.0958,-93.2029,5005
KMHP,,Metter Municipal Airport,Metter,US-GA,32.3739,-82.0818,5001
KMHR,MHR,Sacramento Mather Airport,Sacramento,US-CA,38.5547,-121.298,11301
KMHT,MHT,Manchester-Boston Regional Airport,Manchester,US-NH,42.9326,-71.4357,9250
KMHV,MHV,Mojave Air &  Space Port,Mojave,US-CA,35.0564,-118.1453,12503
KMIA,MIA,Miami International Airport,Miami,US-FL,25.796,-80.2898,13016
KMIB,MIB,Minot Air Force Base,Minot,US-ND,48.4156,-101.358,13197
KMIC,MIC,Crystal Airport,Minneapolis,US-MN,45.062,-93.3539,3751
KMIE,MIE,Delaware County Johnson Field,Muncie,US-IN,40.2423,-85.3959,6500
KMIO,MIO,Miami Municipal Airport,Miami,US-OK,36.9092,-94.8875,5020
KMIT,MIT,Shafter Airport - Minter Field,Shafter,US-CA,35.5074,-119.192,4501
KMIV,MIV,Millville Municipal Airport,Millville,US-NJ,39.3678,-75.0722,6003
KMIW,MIW,Marshalltown Municipal Airport,Marshalltown,US-IA,42.1127,-92.9178,5007
KMJD,,Picayune Municipal Airport,Picayune,US-MS,30.4875,-89.6512,5000
KMJQ,MJQ,Jackson Municipal Airport,Jackson,US-MN,43.65,-94.9865,3591
KMJX,MJX,Ocean County Airport,Toms River,US-NJ,39.9275,-74.2924,5950
KMKA,,Miller Municipal Airport,Miller,US-SD,44.5252,-98.9581,3601
KMKC,MKC,Charles B. Wheeler Downtown Airport,Kansas City,US-MO,39.1232,-94.5928,6827
KMKE,MKE,General Mitchell International Airport,Milwaukee,US-WI,42.9472,-87.8966,9990
KMKG,MKG,Muskegon County Airport,Muskegon,US-MI,43.1695,-86.2382,6500
KMKJ,,Mountain Empire Airport,Rural Retreat,US-VA,36.8949,-81.3499,5252
KMKL,MKL,McKellar-Sipes Regional Airport,Jackson,US-TN,35.5999,-88.9156,6005
KMKN,,Comanche County City Airport,Comanche,US-TX,31.9168,-98.6003,4497
KMKO,MKO,Muskogee-Davis Regional Airport,Muskogee,US-OK,35.6565,-95.3667,7202
KMKS,,Berkeley County Airport,Moncks Corner,US-SC,33.1855,-80.0363,5001
KMKT,MKT,Mankato Regional Airport,Mankato,US-MN,44.2248,-93.9191,6600
KMKV,,Marksville Municipal Airport,Marksville,US-LA,31.0947,-92.0691,3799
KMKY,MRK,Marco Island Executive Airport,Marco Island,US-FL,25.995,-81.6725,5000
KMLB,MLB,Melbourne Orlando International Airport,Melbourne,US-FL,28.102,-80.6411,10181
KMLC,MLC,Mc Alester Regional Airport,Mc Alester,US-OK,34.8824,-95.7835,5602
KMLD,MLD,Malad City Airport,Malad City,US-ID,42.1666,-112.297,4946
KMLE,MIQ,Millard Airport,Omaha,US-NE,41.1959,-96.1121,3801
KMLF,MLF,Milford Municipal-Ben and Judy Briscoe Field,Milford,US-UT,38.4266,-113.012,5004
KMLI,MLI,Quad City International Airport,Moline,US-IL,41.4485,-90.5075,10002
KMLJ,MLJ,Baldwin County Regional Airport,Milledgeville,US-GA,33.1542,-83.2407,5506
KMLS,MLS,Miles City Airport - Frank Wiley Field,Miles City,US-MT,46.4273,-105.8854,5764
KMLT,MLT,Millinocket Municipal Airport,Millinocket,US-ME,45.6478,-68.6856,4713
KMLU,MLU,Monroe Regional Airport,Monroe,US-LA,32.5109,-92.0377,7504
KMMH,MMH,Mammoth Yosemite Airport,Mammoth Lakes,US-CA,37.6254,-118.8431,7000
KMMI,MMI,McMinn County Airport,Athens,US-TN,35.3973,-84.5626,6450
KMML,MML,Southwest Minnesota Regional Airport - Marshall/Ryan Field,Marshall,US-MN,44.4505,-95.8219,7221
KMMT,MMT,Mc Entire Joint National Guard Base,Eastover,US-SC,33.9208,-80.8013,9012
KMMU,MMU,Morristown Municipal Airport,Morristown,US-NJ,40.7991,-74.4149,5998
KMMV,,McMinnville Municipal Airport,McMinnville,US-OR,45.1944,-123.136,5420
KMNF,,Mountain View Airport,Mountain View,US-MO,36.9928,-91.7145,5005
KMNI,,Santee Cooper Regional Airport,Manning,US-SC,33.5871,-80.2087,3602
KMNM,MNM,Menominee–Marinette Twin County Airport,Menominee,US-MI,45.1267,-87.6384,6001
KMNN,MNN,Marion Municipal Airport,Marion,US-OH,40.6162,-83.0635,5000
KMNV,,Monroe County Airport,Madisonville,US-TN,35.5454,-84.3802,3643
KMNZ,,Hamilton Municipal Airport,Hamilton,US-TX,31.6659,-98.1486,5012
KFYG,,Washington Regional Airport,Washington,US-MO,38.5876,-90.9938,5002
KMO8,,North Central Missouri Regional Airport,Brookfield,US-MO,39.77,-93.0127,5002
KMOB,MOB,Mobile Regional Airport,Mobile,US-AL,30.6912,-88.2428,8502
KMOD,MOD,Modesto City Co-Harry Sham Field,Modesto,US-CA,37.6258,-120.954,5904
KMOP,MOP,Mount Pleasant Municipal Airport,Mount Pleasant,US-MI,43.6217,-84.7375,5000
KMOR,MOR,Morristown Regional Airport,Morristown,US-TN,36.1794,-83.3755,5718
KMOT,MOT,Minot International Airport,Minot,US-ND,48.258,-101.2791,7700
KMOX,MOX,Morris Municipal Airport Charlie Schmidt Field,Morris,US-MN,45.566,-95.9672,4899
KMPE,,Philadelphia Municipal Airport,Philadelphia,US-MS,32.7994,-89.126,5001
KMPJ,MPJ,Petit Jean Park Airport,Morrilton,US-AR,35.1389,-92.9092,5852
KMPO,MPO,Pocono Mountains Municipal Airport,Mount Pocono,US-PA,41.136,-75.3796,5001
KMPR,MPR,Mc Pherson Airport,Mc Pherson,US-KS,38.3524,-97.6913,5503
KMPV,MPV,Edward F Knapp State Airport,Barre/Montpelier,US-VT,44.2035,-72.5623,5000
KMPZ,MPZ,Mount Pleasant Municipal Airport,Mount Pleasant,US-IA,40.9466,-91.5111,4001
KMQB,MQB,Macomb Municipal Airport,Macomb,US-IL,40.5201,-90.6524,5100
KMQI,MEO,Dare County Regional Airport,Manteo,US-NC,35.9188,-75.6957,4306
KMQJ,,Indianapolis Regional Airport,Indianapolis,US-IN,39.8435,-85.8971,6005
KMQS,CTH,Chester County G O Carlson Airport,Coatesville,US-PA,39.979,-75.8655,5400
KMQW,MQW,Telfair Wheeler Airport,Mc Rae,US-GA,32.0958,-82.88,5001
KMQY,MQY,Smyrna Airport,Smyrna,US-TN,36.009,-86.5201,8038
KMRB,MRB,Eastern WV Regional Airport/Shepherd Field,Martinsburg,US-WV,39.4019,-77.9846,8815
KMRC,MRC,Maury County Airport,Columbia/Mount Pleasant,US-TN,35.5541,-87.1789,6000
KMRF,MRF,Marfa Municipal Airport,Marfa,US-TX,30.3696,-104.0159,6203
KMRH,,Michael J. Smith Field,Beaufort,US-NC,34.7336,-76.6606,5004
KMRJ,,Iowa County Airport,Mineral Point,US-WI,42.8868,-90.2362,5001
KMRN,MRN,Foothills Regional Airport,Morganton,US-NC,35.8202,-81.6114,5500
KMRT,,Union County Airport,Marysville,US-OH,40.2247,-83.3516,4218
KMRY,MRY,Monterey Regional Airport,Monterey,US-CA,36.5868,-121.8442,7175
KMSL,MSL,Northwest Alabama Regional Airport,Muscle Shoals,US-AL,34.7451,-87.613,6693
KMSN,MSN,Dane County Regional Truax Field,Madison,US-WI,43.1399,-89.3375,9006
KMSO,MSO,Missoula Montana Airport,Missoula,US-MT,46.9158,-114.0911,9501
KMSP,MSP,Minneapolis–Saint Paul International Airport / Wold–Chamberlain Field,Minneapolis,US-MN,44.8801,-93.2217,11006
KMSS,MSS,Massena International Airport Richards Field,Massena,US-NY,44.9362,-74.8443,5601
KMSV,MSV,Sullivan County International Airport,Monticello,US-NY,41.7016,-74.795,6298
KMSY,MSY,Louis Armstrong New Orleans International Airport,New Orleans,US-LA,29.9934,-90.2647,10104
KMTC,MTC,Selfridge Air National Guard Base Airport,Mount Clemens,US-MI,42.6135,-82.8369,9000
KMTH,MTH,Florida Keys Marathon International Airport,Marathon,US-FL,24.726,-81.0514,5008
KMTJ,MTJ,Montrose Regional Airport,Montrose,US-CO,38.5098,-107.894,10000
KMTN,MTN,Martin State Airport,Baltimore,US-MD,39.3257,-76.4138,6999
KMTO,MTO,Coles County Memorial Airport,Mattoon,US-IL,39.4779,-88.2792,6501
KMTV,,Blue Ridge Airport,Martinsville,US-VA,36.6307,-80.0183,5002
KMTW,MTW,Manitowoc County Airport,Manitowoc,US-WI,44.1271,-87.682,5001
KMUI,MUI,Muir Army Air Field (Fort Indiantown Gap) Airport,Fort Indiantown Gap(Annville),US-PA,40.4352,-76.5687,3981
KMUL,MUL,Spence Airport,Moultrie,US-GA,31.1416,-83.7037,4500
KMUO,MUO,Mountain Home Air Force Base,Mountain Home,US-ID,43.0436,-115.872,13510
KMUT,MUT,Muscatine Municipal Airport,Muscatine,US-IA,41.3678,-91.1482,5500
KMVC,MVC,Monroe County Aeroplex Airport,Monroeville,US-AL,31.458,-87.351,6028
KMVE,MVE,Montevideo Chippewa County Airport,Montevideo,US-MN,44.9691,-95.7103,3999
KMVI,,Monte Vista Municipal Airport,Monte Vista,US-CO,37.5273,-106.048,5902
KMVL,MVL,Morrisville-Stowe State Airport,Morrisville,US-VT,44.5346,-72.614,4200
KMVN,MVN,Mount Vernon Outland Airport,Mount Vernon,US-IL,38.3228,-88.8593,6496
KMVY,MVY,Martha's Vineyard Airport,Martha's Vineyard,US-MA,41.3931,-70.6143,5504
KMWA,MWA,Veterans Airport of Southern Illinois,Marion,US-IL,37.7512,-89.0166,8012
KMWC,MWC,Lawrence J Timmerman Airport,Milwaukee,US-WI,43.1104,-88.0344,4107
KMWH,MWH,Grant County International Airport,Moses Lake,US-WA,47.2077,-119.32,13503
KMWK,,Mount Airy Surry County Airport,Mount Airy,US-NC,36.4597,-80.553,5500
KMWL,MWL,Mineral Wells Regional Airport,Mineral Wells,US-TX,32.7816,-98.0602,5996
KMWM,MWM,Windom Municipal Airport,Windom,US-MN,43.9134,-95.1094,3598
KMWO,MWO,Middletown Regional Airport,Middletown,US-OH,39.531,-84.3953,6100
KMXA,MXA,Manila Municipal Airport,Manila,US-AR,35.8944,-90.1546,4201
KMXF,MXF,Maxwell Air Force Base,Montgomery,US-AL,32.3829,-86.3658,8008
KMXO,MXO,Monticello Regional Airport,Monticello,US-IA,42.2204,-91.1633,4400
KMYF,MYF,Montgomery-Gibbs Executive Airport,San Diego,US-CA,32.8157,-117.14,4598
KMYJ,,Mexico Memorial Airport,Mexico,US-MO,39.1575,-91.8183,5501
KMYL,MYL,McCall Municipal Airport,McCall,US-ID,44.8888,-116.1011,6101
KMYR,MYR,Myrtle Beach International Airport,Myrtle Beach,US-SC,33.6797,-78.9283,9503
KMYV,MYV,Yuba County Airport,Marysville,US-CA,39.0978,-121.57,6007
KMYZ,,Marysville Municipal Airport,Marysville,US-KS,39.8564,-96.6307,4200
KMZJ,MZJ,Pinal Airpark,Marana,US-AZ,32.5106,-111.328,6849
KMZZ,MZZ,Marion Municipal Airport,Marion,US-IN,40.4899,-85.6797,6011
KN19,,Aztec Municipal Airport,Aztec,US-NM,36.837,-108.0289,4300
N23,SXY,Sidney Municipal Airport,Sidney,US-NY,42.3026,-75.416,4201
KN24,,Questa Municipal Nr 2 Airport,Questa,US-NM,36.8003,-105.598,6861
KN27,,Bradford County Airport,Towanda,US-PA,41.74,-76.4471,4301
KN38,,Grand Canyon Regional Airport,Wellsboro,US-PA,41.7279,-77.3965,3597
KN57,,New Garden Airport,Toughkenamon,US-PA,39.8305,-75.7697,3693
KN58,,Tiger Field,Fernley,US-NV,39.5596,-119.241,3974
KN59,,Rosaschi Air Park,Smith,US-NV,38.8394,-119.338,4800
KN66,ONH,Albert S Nader Regional Airport,Oneonta,US-NY,42.5247,-75.0644,4200
KN81,,Hammonton Municipal Airport,Hammonton,US-NJ,39.6675,-74.7577,3601
KN82,,Wurtsboro-Sullivan County Airport,Wurtsboro,US-NY,41.598,-74.4595,3592
N87,,Trenton Robbinsville Airport,Robbinsville,US-NJ,40.2139,-74.6018,4275
KN89,,Joseph Y Resnick Airport,Ellenville,US-NY,41.7288,-74.3769,3839
KN94,,Carlisle Airport,Carlisle,US-PA,40.1879,-77.1743,4008
KN96,,Bellefonte Airport,Bellefonte,US-PA,40.8855,-77.8163,3632
KN98,,Boyne City Municipal Airport,Boyne City,US-MI,45.2083,-84.9903,4001
KNBC,,Beaufort MCAS - Merritt Field,Beaufort,US-SC,32.4774,-80.7232,12202
KNBG,NBG,New Orleans NAS JRB/Alvin Callender Field,New Orleans,US-LA,29.8253,-90.035,10000
KNBJ,NHX,Naval Outlying Field Barin,Foley,US-AL,30.3891,-87.6353,5000
KNCA,,MCAS New River / McCutcheon Field,Jacksonville,US-NC,34.7084,-77.4397,5125
KNDY,DGN,Dahlgren Naval Surface Warfare Center Airport,Dahlgren,US-VA,38.3325,-77.0372,4191
KNDZ,,Whiting Field Naval Air Station South Airport,Milton,US-FL,30.7044,-87.023,6002
KNEL,NEL,Lakehurst Maxfield Field Airport,Lakehurst,US-NJ,40.0333,-74.3533,5002
KNEN,NEN,Whitehouse Naval Outlying Field,Jacksonville,US-FL,30.3539,-81.8719,8001
KNEW,NEW,Lakefront Airport,New Orleans,US-LA,30.0424,-90.0283,6879
KNFD,,Summerdale Naval Outlying Field,Summerdale,US-AL,30.5077,-87.6455,4000
KNFE,,Fentress Naval Auxiliary Landing Field,Fentress,US-VA,36.6916,-76.135,8004
KNFG,,Camp Pendleton MCAS (Munn Field) Airport,Oceanside,US-CA,33.3013,-117.355,6005
KNFJ,,Choctaw Nolf Airport,Milton,US-FL,30.5069,-86.9597,8000
KNFL,NFL,Fallon Naval Air Station,Fallon,US-NV,39.4166,-118.701,14001
KNFW,FWH,NAS Fort Worth JRB / Carswell Field,Fort Worth,US-TX,32.7692,-97.4415,11999
KNGP,NGP,Naval Air Station Corpus Christi Truax Field,Corpus Christi,US-TX,27.6926,-97.2911,8001
KNGS,,Santa Rosa Naval Outlying Field Airport,Milton,US-FL,30.6108,-86.94,4500
KNGU,NGU,Norfolk Naval Station (Chambers Field),Norfolk,US-VA,36.9376,-76.2893,8370
KNGW,NGW,Cabaniss Field Naval Outlying Landing Field,Corpus Christi,US-TX,27.7044,-97.4406,5000
KNHK,NHK,Patuxent River Naval Air Station (Trapnell Field),Patuxent River,US-MD,38.286,-76.4118,11799
KNID,,China Lake Naws (Armitage Field) Airport,China Lake,US-CA,35.6854,-117.692,11199
KNIP,NIP,Jacksonville Naval Air Station (Towers Field),Jacksonville,US-FL,30.2358,-81.6806,9003
KNJK,NJK,El Centro NAF Airport (Vraciu Field),El Centro,US-CA,32.8292,-115.672,9503
KNJW,,Joe Williams Naval Outlying Field,Preston,US-MS,32.7985,-88.8343,7976
KNKT,,Cherry Point MCAS / Cunningham Field/,Cherry Point,US-NC,34.9009,-76.8807,8978
KNKX,NKX,Miramar Marine Corps Air Station - Mitscher Field,San Diego,US-CA,32.8684,-117.143,12000
KNLC,NLC,Lemoore Naval Air Station (Reeves Field) Airport,Lemoore,US-CA,36.333,-119.952,13502
KNMM,,Naval Air Station Meridian / McCain Field,Lauderdale,US-MS,32.5531,-88.5541,8003
KNOG,,Orange Grove Naval Auxiliary Landing Field,Orange Grove,US-TX,27.9011,-98.0517,8001
KNOW,,Port Angeles Cgas Airport,Port Angeles,US-WA,48.1415,-123.414,4500
KNPA,NPA,Naval Air Station Pensacola Forrest Sherman Field,Pensacola,US-FL,30.3527,-87.3186,8001
KNQA,NQA,Millington-Memphis Airport,Millington,US-TN,35.3567,-89.8703,8001
KNQI,NQI,Kingsville Naval Air Station,Kingsville,US-TX,27.5072,-97.8097,8000
KNQX,NQX,Naval Air Station Key West/Boca Chica Field,Key West,US-FL,24.5758,-81.6889,10001
KNRA,,Coupeville Nolf Airport,Coupeville,US-WA,48.1883,-122.632,5400
KNRB,NRB,Naval Station Mayport / Admiral David L McDonald Field,Jacksonville,US-FL,30.3911,-81.4247,8001
KNRN,,Norton Municipal Airport,Norton,US-KS,39.8504,-99.8947,4701
KNRS,NRS,Naval Outlying Field Imperial Beach (Ream Field),Imperial Beach,US-CA,32.5667,-117.117,4998
KNSE,NSE,Whiting Field Naval Air Station - North,Milton,US-FL,30.7242,-87.0219,6003
KNSI,,San Nicolas Island Nolf Airport,San Nicolas Island,US-CA,33.2398,-119.458,10002
KNTD,NTD,Point Mugu Naval Air Station (Naval Base Ventura Co),Point Mugu,US-CA,34.1203,-119.121,11102
KNTU,NTU,Oceana Naval Air Station,Virginia Beach,US-VA,36.8207,-76.0335,12001
KNUC,,San Clemente Island Naval Auxiliary Landing Field,San Clemente Island,US-CA,33.0227,-118.588,9301
KNUI,,Naval Outlying Landing Field Webster,St Inigoes,US-MD,38.1442,-76.4269,5000
KNUQ,NUQ,Moffett Federal Airfield,Mountain View,US-CA,37.4161,-122.049,9197
KNUW,NUW,Whidbey Island Naval Air Station (Ault Field),Oak Harbor,US-WA,48.3518,-122.656,8001
KNVD,NVD,Nevada Municipal Airport,Nevada,US-MO,37.8521,-94.3049,5000
KNWL,,Waldron Field Naval Outlying Landing Field,Corpus Christi,US-TX,27.635,-97.3122,5000
KNY0,,Fulton County Airport,Johnstown,US-NY,42.9982,-74.3296,4000
NY25,,Camillus Airport,Warners,US-NY,43.0854,-76.2952,3970
KNYG,NYG,Quantico Marine Corps Airfield / Turner Field,Quantico,US-VA,38.5017,-77.3053,4250
KNYL,YUM,Yuma International Airport / Marine Corps Air Station Yuma,Yuma,US-AZ,32.6509,-114.6094,13300
KNZY,NZY,North Island Naval Air Station-Halsey Field,San Diego,US-CA,32.6992,-117.215,8001
KO02,NVN,Nervino Airport,Beckwourth,US-CA,39.8185,-120.353,4651
KO05,,Rogers Field,Chester,US-CA,40.2824,-121.241,5020
KO09,,Round Valley Airport,Covelo,US-CA,39.7902,-123.266,3670
KO11,,Stilwell / Cherokee Nation Airport,Stilwell,US-OK,35.757,-94.6499,4208
KO20,,Kingdon Airpark,Lodi,US-CA,38.0916,-121.359,3851
O22,COA,Columbia Airport,Columbia,US-CA,38.0304,-120.415,4673
O24,,Lee Vining Airport,Lee Vining,US-CA,37.9583,-119.107,4090
KO26,,Lone Pine/Death Valley Airport,Lone Pine,US-CA,36.5883,-118.052,4000
KO37,,Haigh Field,Orland,US-CA,39.7212,-122.147,4500
KO41,,Watts Woodland Airport,Woodland,US-CA,38.6739,-121.872,3770
O43,EYR,Yerington Municipal Airport,Yerington,US-NV,39.0041,-119.158,5800
KO46,,Weed Airport,Weed,US-CA,41.4808,-122.4548,5000
KO47,,Prague Municipal Airport,Prague,US-OK,35.4823,-96.7187,3600
KO57,,Bryant Field,Bridgeport,US-CA,38.2639,-119.2228,4239
KO59,,Cedarville Airport,Cedarville,US-CA,41.5527,-120.166,4415
KO61,,Cameron Airpark,Cameron Park,US-CA,38.684,-120.988,4051
O69,,Petaluma Municipal Airport,Petaluma,US-CA,38.2578,-122.606,3600
KO81,,Tulelake Municipal Airport,Tulelake,US-CA,41.8874,-121.359,3577
KO88,,Rio Vista Municipal Airport,Rio Vista,US-CA,38.1934,-121.704,4199
KO89,,Fall River Mills Airport,Fall River Mills,US-CA,41.0188,-121.433,5000
KOAJ,OAJ,Albert J Ellis Airport,Richlands,US-NC,34.8292,-77.6121,7100
KOAK,OAK,Oakland San Francisco Bay Airport,Oakland,US-CA,37.7201,-122.2212,10520
KOBE,OBE,Okeechobee County Airport,Okeechobee,US-FL,27.2628,-80.8498,5000
KOCF,OCF,Ocala International Airport - Jim Taylor Field,Ocala,US-FL,29.1726,-82.2242,7467
KOCH,OCH,A L Mangham Jr. Regional Airport,Nacogdoches,US-TX,31.578,-94.7095,5000
KOCW,OCW,Warren Field,Washington,US-NC,35.5705,-77.0498,5000
KODO,ODT,Odessa Schlemeyer Field,Odessa,US-TX,31.9206,-102.387,6200
KODX,,Evelyn Sharp Field,Ord,US-NE,41.6242,-98.9524,4721
KOEB,,Branch County Memorial Airport,Coldwater,US-MI,41.9334,-85.0526,5350
KOEL,,Oakley Municipal Airport,Oakley,US-KS,39.1099,-100.816,5000
KOEO,OEO,L O Simenstad Municipal Airport,Osceola,US-WI,45.31,-92.6919,5006
KOFK,OFK,Karl Stefan Memorial Airport,Norfolk,US-NE,41.9855,-97.4351,5806
KOFP,,Hanover County Municipal Airport,Hanover,US-VA,37.709,-77.4367,5402
KOGA,OGA,Ogallala Municipal Airport Searle Field,Ogallala,US-NE,41.1195,-101.77,5102
KOGB,OGB,Orangeburg Municipal Airport,Orangeburg,US-SC,33.4568,-80.8595,5399
KOGD,OGD,Ogden Hinckley Airport,Ogden,US-UT,41.1959,-112.012,8107
KOGM,,Ontonagon County Schuster Field,Ontonagon,US-MI,46.8455,-89.3671,3503
KOGS,OGS,Ogdensburg International Airport,Ogdensburg,US-NY,44.6819,-75.4655,6400
KOIC,OIC,Lt Warren Eaton Airport,Norwich,US-NY,42.5666,-75.5241,4727
KOIN,,Oberlin Municipal Airport,Oberlin,US-KS,39.8339,-100.539,4301
KOJA,,Thomas P Stafford Airport,Weatherford,US-OK,35.5448,-98.6685,5100
KOJC,OJC,Johnson County Executive Airport,Olathe,US-KS,38.8476,-94.7376,4097
KOKC,OKC,OKC Will Rogers World Airport,Oklahoma City,US-OK,35.3934,-97.5982,9802
KOKK,OKK,Kokomo Municipal Airport,Kokomo,US-IN,40.5282,-86.059,6001
KOKM,OKM,Okmulgee Regional Airport,Okmulgee,US-OK,35.6681,-95.9487,5150
KOKS,OKS,Garden County Airport/King Rhiley Field,Oshkosh,US-NE,41.401,-102.355,4699
KOKV,WGO,Winchester Regional Airport,Winchester,US-VA,39.1435,-78.1444,5498
KOKZ,,Kaolin Field,Sandersville,US-GA,32.9667,-82.8382,5501
KOLD,OLD,Dewitt Field - Old Town Municipal Airport,Old Town,US-ME,44.9528,-68.6743,4001
KOLE,OLE,Cattaraugus County-Olean Airport,Olean,US-NY,42.2412,-78.3714,4800
KOLF,OLF,L M Clayton Airport,Wolf Point,US-MT,48.0945,-105.575,5091
KOLM,OLM,Olympia Regional Airport,Olympia,US-WA,46.9694,-122.903,5500
KOLS,OLS,Nogales International Airport,Nogales,US-AZ,31.4177,-110.848,7200
KOLU,OLU,Columbus Municipal Airport,Columbus,US-NE,41.4481,-97.3402,6801
KOLV,OLV,Olive Branch Airport,Olive Branch,US-MS,34.9787,-89.7869,6000
KOLY,OLY,Olney Noble Airport,Olney-Noble,US-IL,38.7218,-88.1764,4099
KOLZ,,Oelwein Municipal Airport,Oelwein,US-IA,42.6809,-91.9737,4000
KOMA,OMA,Eppley Airfield,Omaha,US-NE,41.3032,-95.8941,9502
KOMK,OMK,Omak Airport,Omak,US-WA,48.4644,-119.518,4667
KOMN,,Ormond Beach Municipal Airport,Ormond Beach,US-FL,29.3006,-81.1136,4005
KONA,ONA,Winona Municipal Airport Max Conrad Field,Winona,US-MN,44.0772,-91.7083,5679
KONL,ONL,O'Neill Municipal Airport–John L Baker Field,O'Neill,US-NE,42.4689,-98.687,4408
KONM,ONM,Socorro Municipal Airport,Socorro,US-NM,34.0225,-106.903,5841
KONO,ONO,Ontario Municipal Airport,Ontario,US-OR,44.0198,-117.0133,5006
KONP,ONP,Newport Municipal Airport,Newport,US-OR,44.5804,-124.058,5398
KONT,ONT,Ontario International Airport,Ontario,US-CA,34.056,-117.601,12197
KONX,,Currituck County Regional Airport,Maple,US-NC,36.3989,-76.0163,5502
KONY,ONY,Olney Municipal Airport,Olney,US-TX,33.3509,-98.8192,5101
KONZ,,Grosse Ile Municipal Airport,Detroit/Grosse Ile,US-MI,42.0991,-83.1615,4846
KOOA,OOA,Oskaloosa Municipal Airport,Cedar,US-IA,41.2262,-92.4939,4012
KOPF,OPF,Miami-Opa Locka Executive Airport,Miami,US-FL,25.907,-80.2784,8002
KOPL,OPL,St Landry Parish Ahart Field,Opelousas,US-LA,30.5584,-92.0994,5999
KOPN,,Thomaston Upson County Airport,Thomaston,US-GA,32.9546,-84.2632,6350
KOQU,NCO,Quonset State Airport,North Kingstown,US-RI,41.5971,-71.4121,7000
KORB,,Orr Regional Airport,Orr,US-MN,48.0159,-92.8561,4000
KORD,ORD,Chicago O'Hare International Airport,Chicago,US-IL,41.9786,-87.9048,13000
KORE,,Orange Municipal Airport,Orange,US-MA,42.5701,-72.2886,5002
KORF,ORF,Norfolk International Airport,Norfolk,US-VA,36.8953,-76.201,9001
KORG,,Orange County Airport,Orange,US-TX,30.0692,-93.8009,5500
KORH,ORH,Worcester Regional Airport,Worcester,US-MA,42.2673,-71.8757,7001
KORK,,North Little Rock Municipal Airport,North Little Rock,US-AR,34.8331,-92.2541,5002
KORL,ORL,Orlando Executive Airport,Orlando,US-FL,28.5455,-81.3329,6004
KOSA,MPS,Mount Pleasant Regional Airport,Mount Pleasant,US-TX,33.0955,-94.9615,6004
KOSC,OSC,Oscoda Wurtsmith Airport,Oscoda,US-MI,44.4516,-83.3941,11800
KOSH,OSH,Wittman Regional Airport,Oshkosh,US-WI,43.9844,-88.557,8002
KOSU,OSU,The Ohio State University Airport - Don Scott Field,Columbus,US-OH,40.0798,-83.073,5004
KOSX,OSX,Kosciusko Attala County Airport,Kosciusko,US-MS,33.0903,-89.542,5009
KOTG,OTG,Worthington Municipal Airport,Worthington,US-MN,43.6548,-95.5774,5500
KOTH,OTH,Southwest Oregon Regional Airport,North Bend,US-OR,43.4171,-124.246,5980
KOTM,OTM,Ottumwa Regional Airport,Ottumwa,US-IA,41.1064,-92.4498,6001
KOUN,OUN,University of Oklahoma Westheimer Airport,Norman,US-OK,35.2456,-97.4721,5200
KOVE,OVE,Oroville Municipal Airport,Oroville,US-CA,39.4878,-121.622,6020
KOVL,,Olivia Regional Airport,Olivia,US-MN,44.7786,-95.0328,3501
KOVO,,North Vernon Airport,North Vernon,US-IN,39.0456,-85.6053,5002
KOVS,,Boscobel Airport,Boscobel,US-WI,43.1602,-90.6755,5000
KOWA,OWA,Owatonna Degner Regional Airport,Owatonna,US-MN,44.1234,-93.2606,5500
KOWB,OWB,Owensboro Daviess County Airport,Owensboro,US-KY,37.7401,-87.1668,8000
KOWD,OWD,Norwood Memorial Airport,Norwood,US-MA,42.1905,-71.1729,4007
KOWI,,Ottawa Municipal Airport,Ottawa,US-KS,38.5387,-95.253,4500
KOWK,OWK,Central Maine/Norridgewock Airport,Norridgewock,US-ME,44.7155,-69.8665,4000
KOWP,,William R. Pogue Municipal Airport,Sand Springs,US-OK,36.1753,-96.1518,5799
KOWX,,Putnam County Airport,Ottawa,US-OH,41.0356,-83.982,4502
KOXB,OCE,Ocean City Municipal Airport,Ocean City,US-MD,38.3104,-75.124,4074
KOXC,OXC,Waterbury Oxford Airport,Oxford,US-CT,41.4786,-73.1352,5800
KOXD,OXD,Miami University Airport,Oxford,US-OH,39.5023,-84.7844,4011
KOXI,,Starke County Airport,Knox,US-IN,41.3301,-86.6623,5002
KOXR,OXR,Oxnard Airport,Oxnard,US-CA,34.2008,-119.207,5953
KOXV,,Knoxville Municipal Airport,Knoxville,US-IA,41.2989,-93.1138,4000
KOYM,STQ,St Marys Municipal Airport,St Marys,US-PA,41.4125,-78.5026,4300
KOZA,OZA,Ozona Municipal Airport,Ozona,US-TX,30.7353,-101.203,6003
KOZR,OZR,Cairns AAF (Fort Rucker) Air Field,Fort Rucker/Ozark,US-AL,31.2757,-85.7134,5025
KOZW,,Livingston County Spencer J. Hardy Airport,Howell,US-MI,42.6292,-83.9821,5002
KP-0005,,T'aet'an-pihaengjang Airport,Taetan,KP-05,38.1311,125.2332,9220
KP-0006,,Taechon Airport,Taechon,KP-03,39.9026,125.4895,6450
KP-0010,,Pyong Ni South Highway Strip,Pyong Ni,KP-02,39.3211,125.8979,8420
KP-0013,,Kuum-ni Airport,Tongchon,KP-07,38.8647,127.904,8150
KP-0014,,Koksan Highway Airport,Koksan,KP-06,38.7327,126.6599,6290
KP-0015,,Koksan Air Base,Koksan,KP-06,38.6902,126.606,8200
KP-0018,,Kaechon Airport,Kaechon,KP-02,39.7537,125.9021,8180
ZKHW,,Hwangju Airbase,Hwangju,KP-06,38.6535,125.7889,8180
ZKPN,,Pukchang Air Base,Sunchon,KP-02,39.505,125.964,8150
KP-0023,,Onchon Air Base,Onchon,KP-02,38.9094,125.2326,8150
KP-0024,,Wong Yo Ri Highway Strip,Hwasong-ni,KP-06,38.594,126.5266,6520
KP-0025,,Toksan Air Base,Tŏksan-dong,KP-08,39.9963,127.6117,8202
KP-0027,,Sinhung Highway Strip,Sinhung,KP-08,40.1807,127.5394,7400
KP-0028,,Sangwon Highway Strip,Sangwon,KP-01,38.8447,126.0668,7400
KP-0031,,Panghyon Airport,Kusong,KP-03,39.9274,125.2077,8500
KP-0035,,Hwangsuwon Airbase,Kimhyonggwon,KP-10,40.6814,128.151,9500
KP-0036,,Changjin Air Force Base,Changjin,KP-08,40.3644,127.2643,9185
KP-0038,,Riwon Airbase,Riwon-gun,KP-08,40.3598,128.7206,8150
KP-0039,,Kwail Air Base,Kwail,KP-05,38.4255,125.0191,8202
KP-0040,,Yong Hung Highway Airstrip,Phungsong-ri,KP-08,39.4823,127.3221,6563
KP-0047,,Sinanju Highway Strip,Anju,KP-03,39.6757,125.6827,8850
KP-0052,,Nuchon Ni Highway Strip,Nuchon Ni,KP-05,38.232,126.2642,6450
KP-0065,,Sangwon Ni Highway Strip,Sangwon Ni,KP-03,40.123,125.8712,6360
KP-0068,,Koksan 2 Highway Strip,Koksan,KP-06,38.6635,126.5866,3550
KP-0072,,Hwangsuwon Highway Strip Airstrip,Hwangsuwon,KP-10,40.672,128.1411,9514
KP-0075,,Nuchon Ni Airfield,Nuchon Ni,KP-06,38.2379,126.1203,8202
KP-0078,,Pyong Ni West Highway Strip Airstrip,Pyong Ni,KP-02,39.41,125.6704,8858
KP-0081,,Sunan-Up North Highway Strip Airfield,Sunan-Up,KP-02,39.2556,125.7057,7650
KP-0083,,Yong Hung Highway Reserve Strip Airfield,Yong Hung,KP-05,39.5388,127.2885,6562
KP01,,Eric Marcus Municipal Airport,Ajo,US-AZ,32.4529,-112.8615,3800
KP03,,Cochise College Airport,Douglas,US-AZ,31.3711,-109.69,5551
P04,BSQ,Bisbee Municipal Airport,Bisbee,US-AZ,31.364,-109.883,5929
KP08,,Coolidge Municipal Airport,Coolidge,US-AZ,32.9359,-111.427,5564
P10,PXL,Polacca Airport,Polacca,US-AZ,35.7917,-110.423,4200
KP13,GLB,San Carlos Apache Airport,Globe,US-AZ,33.3531,-110.667,6500
P14,HBK,Holbrook Municipal Airport,Holbrook,US-AZ,34.9407,-110.138,6698
P19,,Stellar Airpark,Chandler,US-AZ,33.2988,-111.9158,4417
KP20,,Avi Suquilla Airport,Parker,US-AZ,34.1489,-114.2684,6250
KP23,,Seligman Airport,Seligman,US-AZ,35.335,-112.887,4800
KP29,,Tombstone Municipal Airport,Tombstone,US-AZ,31.6711,-110.022,4430
KP33,CWX,Cochise County Airport,Willcox,US-AZ,32.2454,-109.895,6095
KP52,CTW,Cottonwood Airport,Cottonwood,US-AZ,34.73,-112.035,4250
KPAE,PAE,Seattle Paine Field International Airport,Everett,US-WA,47.9063,-122.282,9010
KPAH,PAH,Barkley Regional Airport,Paducah,US-KY,37.0608,-88.7738,6499
KPAM,PAM,Tyndall Air Force Base,Panama City,US-FL,30.0696,-85.5754,10107
KPAN,PJB,Payson Airport,Payson,US-AZ,34.2568,-111.339,5504
KPBF,PBF,"Pine Bluff Regional Airport, Grider Field",Pine Bluff,US-AR,34.1741,-91.9356,5998
KPBG,PBG,Plattsburgh International Airport,Plattsburgh,US-NY,44.6509,-73.4681,11759
KPBH,,Price County Airport,Phillips,US-WI,45.709,-90.4025,5220
KDJT,DJT,President Donald J. Trump International Airport,West Palm Beach,US-FL,26.6832,-80.0956,10001
KPBX,PVL,Pike County Airport Hatcher Field,Pikeville,US-KY,37.5608,-82.5701,5356
KPCM,,Plant City Municipal Airport,Plant City,US-FL,28.0002,-82.1642,3950
KPCW,,Erie-Ottawa International Airport,Port Clinton,US-OH,41.5156,-82.8683,5646
KPCZ,,Waupaca Municipal Airport,Waupaca,US-WI,44.3333,-89.0198,5200
KPDC,PCD,Prairie Du Chien Municipal Airport,Prairie Du Chien,US-WI,43.0193,-91.1237,5000
KPDK,PDK,DeKalb Peachtree Airport,Atlanta,US-GA,33.8763,-84.3021,6001
KPDT,PDT,Eastern Oregon Regional Airport at Pendleton,Pendleton,US-OR,45.6951,-118.841,6301
KPDX,PDX,Portland International Airport,Portland,US-OR,45.5887,-122.598,11000
KPEA,,Pella Municipal Airport,Pella,US-IA,41.4001,-92.9459,5402
KPEO,,Penn Yan Airport,Penn Yan,US-NY,42.6371,-77.0529,5499
KPEQ,PEQ,Pecos Municipal Airport,Pecos,US-TX,31.3824,-103.511,6236
KPEZ,,Pleasanton Municipal Airport,Pleasanton,US-TX,28.9542,-98.52,4000
KPGA,PGA,Page Municipal Airport,Page,US-AZ,36.9242,-111.4477,5950
KPGD,PGD,Punta Gorda Airport,Punta Gorda,US-FL,26.9202,-81.9905,7193
KPGR,PGR,Kirk Field,Paragould,US-AR,36.0629,-90.5078,4500
KPGV,PGV,Pitt-Greenville Airport,Greenville,US-NC,35.6355,-77.3843,7175
KPHD,PHD,Harry Clever Field,New Philadelphia,US-OH,40.4709,-81.4197,3951
KPHF,PHF,Newport News Williamsburg International Airport,Newport News,US-VA,37.1319,-76.493,8003
KPHG,,Phillipsburg Municipal Airport,Phillipsburg,US-KS,39.7358,-99.3171,5101
KPHK,PHK,Palm Beach County Glades Airport,Pahokee,US-FL,26.785,-80.6934,4116
KPHL,PHL,Philadelphia International Airport,Philadelphia,US-PA,39.8719,-75.2411,12000
KPHN,PHN,St Clair County International Airport,Port Huron,US-MI,42.911,-82.5289,5104
KPHP,PHP,Philip Airport,Philip,US-SD,44.0485,-101.6009,3998
KPHT,PHT,Henry County Airport,Paris,US-TN,36.3382,-88.3829,5002
KPHX,PHX,Phoenix Sky Harbor International Airport,Phoenix,US-AZ,33.4353,-112.0059,11489
KPIA,PIA,General Wayne A. Downing Peoria International Airport,Peoria,US-IL,40.6638,-89.6926,10104
KPIB,PIB,Hattiesburg Laurel Regional Airport,Moselle,US-MS,31.4671,-89.3371,6503
KPIE,PIE,St. Petersburg Clearwater International Airport,Pinellas Park,US-FL,27.9102,-82.6874,9730
KPIH,PIH,Pocatello Regional Airport,Pocatello,US-ID,42.9098,-112.596,9059
KPIL,,Port Isabel Cameron County Airport,Port Isabel,US-TX,26.1662,-97.3459,8001
KPIM,PIM,Harris County Airport,Pine Mountain,US-GA,32.8407,-84.8824,5002
KPIR,PIR,Pierre Regional Airport,Pierre,US-SD,44.3827,-100.286,6900
KPIT,PIT,Pittsburgh International Airport,Pittsburgh,US-PA,40.4915,-80.2329,11500
KPJC,,Zelienople Municipal Airport,Zelienople,US-PA,40.8016,-80.1607,5002
KPJY,,Pinckneyville Du Quoin Airport,Pinckneyville,US-IL,37.9779,-89.3605,3999
KPKB,PKB,Mid Ohio Valley Regional Airport,Parkersburg (Williamstown),US-WV,39.3451,-81.4392,7240
KPKD,PKD,Park Rapids Municipal Airport Konshok Field,Park Rapids,US-MN,46.9006,-95.0731,5497
KPKV,,Calhoun County Airport,Port Lavaca,US-TX,28.654,-96.6813,5004
KPLD,,Portland Municipal Airport,Portland,US-IN,40.4508,-84.9901,5505
KPLK,PLK,M. Graham Clark Downtown Airport,Branson / Hollister,US-MO,36.6259,-93.2289,3738
KPLN,PLN,Pellston Regional Airport of Emmet County Airport,Pellston,US-MI,45.5709,-84.7967,6513
KPLR,PLR,St Clair County Airport,Pell City,US-AL,33.5588,-86.2491,5001
KPLU,,Pierce County-Thun Field,Puyallup,US-WA,47.1039,-122.287,3651
KPMB,PMB,Pembina Municipal Airport,Pembina,US-ND,48.9425,-97.2408,3798
KPMD,PMD,Palmdale Regional Airport / USAF Plant 42 Airport,Palmdale,US-CA,34.6294,-118.085,12002
KPMH,PMH,Greater Portsmouth Regional Airport,Portsmouth,US-OH,38.8405,-82.8473,5001
KPMP,PPM,Pompano Beach Airpark,Pompano Beach,US-FL,26.2471,-80.1111,4918
KPMU,,Panola County Airport,Batesville,US-MS,34.3635,-89.8926,5001
KPMV,,Plattsmouth Municipal Airport,Plattsmouth,US-NE,40.9479,-95.9173,5500
KPMZ,,Plymouth Municipal Airport,Plymouth,US-NC,35.8084,-76.7593,5500
KPNA,PWY,Ralph Wenz Field,Pinedale,US-WY,42.7955,-109.807,8900
KPNC,PNC,Ponca City Regional Airport,Ponca City,US-OK,36.732,-97.0998,7201
KPNE,PNE,Northeast Philadelphia Airport,Philadelphia,US-PA,40.0824,-75.0106,7000
KPNM,,Princeton Municipal Airport,Princeton,US-MN,45.5599,-93.6082,3900
KPNN,PNN,Princeton Municipal Airport,Princeton,US-ME,45.2007,-67.5644,4007
KPNS,PNS,Pensacola International Airport,Pensacola,US-FL,30.4727,-87.1866,7004
KPNT,,Pontiac Municipal Airport,Pontiac,US-IL,40.9243,-88.6245,5000
KPOB,POB,Pope Field,Fort Bragg,US-NC,35.1709,-79.0145,7501
KPOC,POC,Brackett Field,La Verne,US-CA,34.0916,-117.782,4840
KPOE,POE,Polk Army Air Field,Fort Polk,US-LA,31.0448,-93.1917,4109
KPOF,POF,Poplar Bluff Municipal Airport,Poplar Bluff,US-MO,36.7739,-90.3249,5008
KPOH,POH,Pocahontas Municipal Airport,Pocahontas,US-IA,42.7428,-94.6473,4100
KPOU,POU,Dutchess County Airport,Poughkeepsie,US-NY,41.6266,-73.8842,5001
KPOY,POY,Powell Municipal Airport,Powell,US-WY,44.8672,-108.793,6200
KPPA,PPA,Perry Lefors Field,Pampa,US-TX,35.613,-100.996,5862
KPPF,PPF,Tri-City Airport,Parsons,US-KS,37.3299,-95.5062,5001
KPPO,LPO,La Porte Municipal Airport,La Porte,US-IN,41.5725,-86.7345,5000
KPPQ,,Pittsfield Penstone Municipal Airport,Pittsfield,US-IL,39.6389,-90.7784,4000
KPQI,PQI,Presque Isle International Airport,Presque Isle,US-ME,46.689,-68.0448,7441
KPQL,PGL,Trent Lott International Airport,Pascagoula,US-MS,30.4628,-88.5292,6501
KPQN,,Pipestone Municipal Airport,Pipestone,US-MN,43.9833,-96.3003,4306
KPRB,PRB,Paso Robles Municipal Airport,Paso Robles,US-CA,35.6729,-120.627,6008
KPRC,PRC,Prescott Regional Airport - Ernest A. Love Field,Prescott,US-AZ,34.6535,-112.4199,7619
KPRG,,Edgar County Airport,Paris,US-IL,39.7002,-87.6696,4501
KPRN,,Mac Crenshaw Memorial Airport,Greenville,US-AL,31.8457,-86.6107,5501
KPRO,PRO,Perry Municipal Airport,Perry,US-IA,41.828,-94.1599,5500
KPRS,,Presidio Lely International Airport,Presidio,US-TX,29.6342,-104.3615,5200
KPRX,PRX,Cox Field,Paris,US-TX,33.6366,-95.4508,6002
KPRZ,,Portales Municipal Airport,Portales,US-NM,34.1455,-103.41,5700
KPSB,PSB,Mid-State Regional Airport,Philipsburg,US-PA,40.8844,-78.0873,5711
KPSC,PSC,Tri Cities Airport,Pasco,US-WA,46.2647,-119.119,7707
KPSF,PSF,Pittsfield Municipal Airport,Pittsfield,US-MA,42.4268,-73.2929,5792
KPSK,PSK,New River Valley Airport,Dublin,US-VA,37.1373,-80.6785,6201
KPSM,PSM,Portsmouth International Airport at Pease,Portsmouth,US-NH,43.0779,-70.8233,11321
KPSN,PSN,Palestine Municipal Airport,Palestine,US-TX,31.7797,-95.7063,5005
KPSO,PGO,Stevens Field,Pagosa Springs,US-CO,37.2863,-107.056,8100
KPSP,PSP,Palm Springs International Airport,Palm Springs,US-CA,33.8297,-116.507,10000
KPSX,PSX,Palacios Municipal Airport,Palacios,US-TX,28.7275,-96.251,5001
KPTB,PTB,Dinwiddie County Airport,Petersburg,US-VA,37.1838,-77.5074,5002
KPTD,,Potsdam Municipal Airport Damon Field,Potsdam,US-NY,44.6766,-74.9486,3703
KPTK,PTK,Oakland County International Airport,Pontiac,US-MI,42.6655,-83.4201,6521
KPTN,PTN,Harry P Williams Memorial Airport,Patterson,US-LA,29.7095,-91.339,5399
KPTS,PTS,Atkinson Municipal Airport,Pittsburg,US-KS,37.4495,-94.7311,5500
KPTT,PTT,Pratt Regional Airport,Pratt,US-KS,37.7016,-98.7469,5500
KPTV,PTV,Porterville Municipal Airport,Porterville,US-CA,36.0296,-119.063,5960
KPUB,PUB,Pueblo Memorial Airport,Pueblo,US-CO,38.2891,-104.497,10498
KPUC,PUC,Carbon County Regional Airport / Buck Davis Field,Price,US-UT,39.6139,-110.751,8319
KPUJ,,Silver Comet Field at Paulding Northwest Atlanta Airport,Dallas,US-GA,33.9123,-84.9411,5505
KPUW,PUW,Pullman-Moscow Regional Airport,Pullman,US-WA,46.7416,-117.1116,7100
KPVB,,Platteville Municipal Airport,Platteville,US-WI,42.6894,-90.4444,4000
KPVC,PVC,Provincetown Municipal Airport,Provincetown,US-MA,42.0719,-70.2214,3502
KPVD,PVD,Rhode Island T. F. Green International Airport,Providence/Warwick,US-RI,41.725,-71.4257,8700
KPVE,,Beech River Regional Airport,Darden,US-TN,35.6564,-88.1954,6000
KPVF,PVF,Placerville Airport,Placerville,US-CA,38.7242,-120.753,3914
KPVG,,Hampton Roads Executive Airport,Chesapeake,US-VA,36.7804,-76.4488,5350
KPVJ,,Pauls Valley Municipal Airport,Pauls Valley,US-OK,34.7111,-97.2232,5001
KPVU,PVU,Provo Municipal Airport,Provo,US-UT,40.2189,-111.7224,8603
KPVW,PVW,Hale County Airport,Plainview,US-TX,34.1681,-101.717,5997
KPWA,PWA,Wiley Post Airport,Oklahoma City,US-OK,35.5342,-97.6471,7199
KPWD,PWD,Sher-Wood Airport,Plentywood,US-MT,48.7903,-104.534,3900
KPWG,,McGregor Executive Airport,Waco,US-TX,31.4849,-97.3165,5501
KPWK,PWK,Chicago Executive Airport,Chicago/Prospect Heights/Wheeling,US-IL,42.1142,-87.9015,5001
KPWM,PWM,Portland International Jetport,Portland,US-ME,43.6462,-70.3093,7200
KPWT,PWT,Bremerton National Airport,Bremerton,US-WA,47.4902,-122.765,6000
KPXE,,Perry Houston County Airport,Perry,US-GA,32.5106,-83.7673,5004
KPYM,PYM,Plymouth Municipal Airport,Plymouth,US-MA,41.909,-70.7288,4650
KPYP,,Centre-Piedmont-Cherokee County Regional Airport,Centre,US-AL,34.09,-85.6101,5500
KPYX,,Perryton Ochiltree County Airport,Perryton,US-TX,36.4129,-100.752,5701
KPZQ,,Presque Isle County Airport,Rogers City,US-MI,45.4071,-83.8129,4106
KR47,,Ruhes Airport,Leipsic,US-OH,41.1025,-84.0544,4455
KRAC,RAC,John H Batten Airport,Racine,US-WI,42.7606,-87.8152,6574
KRAL,RAL,Riverside Municipal Airport,Riverside,US-CA,33.9519,-117.445,5401
KRAP,RAP,Rapid City Regional Airport,Rapid City,US-SD,44.0453,-103.057,8701
KRAW,,Warsaw Municipal Airport,Warsaw,US-MO,38.3469,-93.3454,4000
KRBD,RBD,Dallas Executive Airport,Dallas,US-TX,32.6809,-96.8682,7136
KRBE,,Rock County Airport,Bassett,US-NE,42.5697,-99.5684,4698
KRBG,RBG,Roseburg Regional Airport,Roseburg,US-OR,43.2388,-123.356,5003
KRBL,RBL,Red Bluff Municipal Airport,Red Bluff,US-CA,40.1507,-122.252,5431
KRBM,,Robinson Army Air Field,North Little Rock,US-AR,34.8477,-92.2995,5702
KRBO,,Nueces County Airport,Robstown,US-TX,27.7781,-97.6901,3700
KRBW,RBW,Lowcountry Regional Airport,Walterboro,US-SC,32.921,-80.6406,6002
KRCA,RCA,Ellsworth Air Force Base,Rapid City,US-SD,44.145,-103.104,13497
KRCM,,Skyhaven Airport,Warrensburg,US-MO,38.7842,-93.8029,4206
KRCP,,Rooks County Regional Airport,Stockton,US-KS,39.3466,-99.3046,5000
KRCR,RCR,Fulton County Airport,Rochester,US-IN,41.0656,-86.1817,5001
MI31,,Nartron Field,Reed City,US-MI,43.9018,-85.516,4506
KRCX,,Rusk County Airport,Ladysmith,US-WI,45.4968,-91.0005,4001
KRCZ,,Richmond County Airport,Rockingham,US-NC,34.8913,-79.7596,5001
KRDD,RDD,Redding Municipal Airport,Redding,US-CA,40.509,-122.293,7003
KRDG,RDG,Reading Regional Airport (Carl A Spaatz Field),Reading,US-PA,40.3785,-75.9652,6350
KRDK,,Red Oak Municipal Airport,Red Oak,US-IA,41.0105,-95.2599,5100
KRDM,RDM,Roberts Field,Redmond,US-OR,44.2541,-121.15,7038
KRDR,RDR,Grand Forks Air Force Base,Grand Forks,US-ND,47.9611,-97.4012,12350
KRDU,RDU,Raleigh-Durham International Airport,Raleigh/Durham,US-NC,35.8787,-78.7873,10000
KRED,,Red Lodge Airport,Red Lodge,US-MT,45.1846,-109.2577,4000
KREI,,Redlands Municipal Airport,Redlands,US-CA,34.0853,-117.146,4504
KRFD,RFD,Chicago Rockford International Airport,Chicago/Rockford,US-IL,42.1954,-89.0972,10002
KRFG,RFG,Rooke Field,Refugio,US-TX,28.2936,-97.323,4361
KRFI,,Rusk County Airport,Henderson,US-TX,32.1417,-94.8517,4004
KRGK,,Red Wing Regional Airport,Red Wing,US-MN,44.5894,-92.485,5010
KRHI,RHI,Rhinelander Oneida County Airport,Rhinelander,US-WI,45.6312,-89.4675,6800
KRHP,,Western Carolina Regional Airport,Andrews,US-NC,35.1952,-83.863,5500
KRIC,RIC,Richmond International Airport,Richmond,US-VA,37.5052,-77.3197,9003
KRID,RID,Richmond Municipal Airport,Richmond,US-IN,39.7572,-84.8428,5502
KRIF,RIF,Richfield Municipal Airport,Richfield,US-UT,38.7341,-112.1016,7100
KRIL,RIL,Garfield County Regional Airport,Rifle,US-CO,39.5263,-107.727,7000
KRIU,,Rancho Murieta Airport,Rancho Murieta,US-CA,38.4868,-121.1028,3798
KRIV,RIV,March Air Reserve Base,Riverside,US-CA,33.8807,-117.259,13302
KRIW,RIW,Central Wyoming Regional Airport,Riverton,US-WY,43.0642,-108.46,8204
KRKD,RKD,Knox County Regional Airport,Rockland,US-ME,44.0601,-69.0992,5412
KRKP,RKP,Aransas County Airport,Rockport,US-TX,28.0868,-97.0446,5608
KRKR,RKR,Robert S Kerr Airport,Poteau,US-OK,35.0216,-94.6213,4007
KRKS,RKS,Southwest Wyoming Regional Airport,Rock Springs,US-WY,41.5942,-109.065,10002
KRKW,RKW,Rockwood Municipal Airport,Rockwood,US-TN,35.9223,-84.6897,5000
KRLD,RLD,Richland Airport,Richland,US-WA,46.3056,-119.304,4009
KRME,RME,Griffiss International Airport,Rome,US-NY,43.2338,-75.407,11820
KRMG,RMG,Richard B Russell Airport,Rome,US-GA,34.3506,-85.158,7010
KRMN,,Stafford Regional Airport,Fredericksburg,US-VA,38.3981,-77.4555,6000
KRMY,,Brooks Field,Marshall,US-MI,42.2512,-84.9555,3501
KRNC,RNC,Warren County Memorial Airport,Mc Minnville,US-TN,35.6987,-85.8438,5000
KRND,RND,Randolph Air Force Base,Universal City,US-TX,29.5297,-98.2789,8352
KRNH,RNH,New Richmond Regional Airport,New Richmond,US-WI,45.1483,-92.5381,5507
KRNM,,Ramona Airport,Ramona,US-CA,33.0392,-116.915,5001
KRNO,RNO,Reno Tahoe International Airport,Reno,US-NV,39.4991,-119.768,11001
KRNP,,Owosso Community Airport,Owosso,US-MI,42.993,-84.1389,4300
KRNT,RNT,Renton Municipal Airport,Renton,US-WA,47.4931,-122.216,5382
KRNV,,Cleveland Municipal Airport,Cleveland,US-MS,33.7611,-90.7579,5005
KROA,ROA,Roanoke–Blacksburg Regional Airport,Roanoke,US-VA,37.3255,-79.9754,6800
KROC,ROC,Frederick Douglass Greater Rochester International Airport,Rochester,US-NY,43.1189,-77.6724,8001
KROG,ROG,Rogers Municipal Airport-Carter Field,Rogers,US-AR,36.3723,-94.1069,6011
KROS,,Rush City Regional Airport,Rush City,US-MN,45.698,-92.953,4401
KROW,ROW,Roswell Air Center Airport,Roswell,US-NM,33.3016,-104.531,13000
KROX,ROX,Roseau Municipal Rudy Billberg Field,Roseau,US-MN,48.856,-95.697,4400
KRPB,,Belleville Municipal Airport,Belleville,US-KS,39.8179,-97.6596,3500
KRPD,RIE,Rice Lake Regional Airport - Carl's Field,Rice Lake,US-WI,45.423,-91.7731,6700
KRPH,,Graham Municipal Airport,Graham,US-TX,33.1102,-98.5553,5000
KRPJ,,Rochelle Municipal Airport - Koritz Field,Rochelle,US-IL,41.893,-89.0783,5001
KRPX,RPX,Roundup Airport,Roundup,US-MT,46.4751,-108.5415,5098
KRQB,WBR,Roben Hood Airport,Big Rapids,US-MI,43.7226,-85.5041,4300
KRQE,,Window Rock Airport,Window Rock,US-AZ,35.6521,-109.067,7000
KRQO,RQO,El Reno Regional Airport,El Reno,US-OK,35.4727,-98.0058,5600
KRRL,RRL,Merrill Municipal Airport,Merrill,US-WI,45.1989,-89.7129,5101
KRRT,RRT,Warroad International Memorial Airport,Warroad,US-MN,48.9414,-95.3484,5400
KRSL,RSL,Russell Municipal Airport,Russell,US-KS,38.8721,-98.8118,5000
KRSN,RSN,Ruston Regional Airport,Ruston,US-LA,32.5142,-92.5885,6002
KRST,RST,Rochester International Airport,Rochester,US-MN,43.9083,-92.5,9034
KRSV,,Robinson Municipal Airport,Robinson,US-IL,39.016,-87.6498,5108
KRSW,RSW,Southwest Florida International Airport,Fort Myers,US-FL,26.5347,-81.7528,12000
KRTN,RTN,Raton Municipal Airport / Crews Field,Raton,US-NM,36.7415,-104.502,7615
KRUE,,Russellville Regional Airport,Russellville,US-AR,35.2591,-93.0933,5505
KRUG,,Rugby Municipal Airport,Rugby,US-ND,48.3904,-100.024,3600
KRUQ,SRW,Mid-Carolina Regional Airport,Salisbury,US-NC,35.6459,-80.5203,5501
KRUT,RUT,Rutland - Southern Vermont Regional Airport,Rutland,US-VT,43.5294,-72.9496,5304
KRVJ,,Swinton Smith Field at Reidsville Municipal Airport,Reidsville,US-GA,32.0595,-82.1538,5003
KRVL,RED,Mifflin County Airport,Reedsville,US-PA,40.6774,-77.6268,5001
KRVN,,Hawkins County Airport,Surgoinsville,US-TN,36.4576,-82.885,3504
KRVS,RVS,Tulsa Riverside Airport,Tulsa,US-OK,36.0396,-95.9846,5101
KRWF,RWF,Redwood Falls Municipal Airport,Redwood Falls,US-MN,44.5472,-95.0823,4001
KRWI,RWI,Rocky Mount Wilson Regional Airport,Rocky Mount,US-NC,35.8563,-77.8919,7099
KRWL,RWL,Rawlins Municipal Airport/Harvey Field,Rawlins,US-WY,41.8056,-107.2,7008
KRWN,,Arens Field,Winamac,US-IN,41.0922,-86.6134,4201
KRXE,RXE,Rexburg Madison County Airport,Rexburg,US-ID,43.8339,-111.805,4204
KRYM,,Ray S Miller Army Air Field,Fort Ripley,US-MN,46.0912,-94.3605,6100
KRYN,,Ryan Field,Tucson,US-AZ,32.1422,-111.175,5500
KRYV,,Watertown Municipal Airport,Watertown,US-WI,43.1696,-88.7232,4429
KRYW,,Lago Vista Texas Rusty Allen Airport,Lago Vista,US-TX,30.4986,-97.9695,3808
KRYY,,Cobb County International Airport-McCollum Field,Atlanta,US-GA,34.0132,-84.5972,6295
KRZL,RNZ,Jasper County Airport,Rensselaer,US-IN,40.9479,-87.1826,4000
KRZN,,Burnett County Airport,Siren,US-WI,45.8227,-92.3725,3900
KRZR,,Cleveland Regional Jetport,Cleveland,US-TN,35.2115,-84.7998,6200
KRZT,,Ross County Airport,Chillicothe,US-OH,39.4404,-83.0231,5405
KS01,,Conrad Airport,Conrad,US-MT,48.1686,-111.976,4602
KS03,AHM,Ashland Municipal Airport Sumner Parker Field,Ashland,US-OR,42.1903,-122.6606,3603
S05,BDY,Bandon State Airport,Bandon,US-OR,43.0865,-124.408,3601
KS10,,Lake Chelan Airport,Chelan,US-WA,47.866,-119.943,3506
S17,,Twin Lakes Airport,Trenton,US-SC,33.6457,-81.8671,4007
KS19,,McCormick County Airport,McCormick,US-SC,33.9081,-82.2669,3598
KS21,SUO,Sunriver Airport,Sunriver,US-OR,43.8763,-121.453,5460
S23,,Ione Municipal Airport,Ione,US-WA,48.7081,-117.413,3643
S24,,Sandusky County Regional Airport,Fremont,US-OH,41.2957,-83.0372,5500
KS25,,Watford City Municipal Airport,Watford City,US-ND,47.7957,-103.254,6550
KS27,,Kalispell City Airport,Kalispell,US-MT,48.1786,-114.304,3600
KS32,,Cooperstown Municipal Airport,Cooperstown,US-ND,47.4228,-98.1059,3500
KS33,MDJ,Madras Municipal Airport,Madras,US-OR,44.6702,-121.155,5091
KS34,,Plains Airport,Plains,US-MT,47.4735,-114.9071,4650
S39,PRZ,Prineville Airport,Prineville,US-OR,44.287,-120.904,5405
KS42,,Springer Municipal Airport,Springer,US-NM,36.3311,-104.6183,5003
KS52,,Methow Valley State Airport,Winthrop,US-WA,48.4249,-120.146,5049
KS59,,Libby Airport,Libby,US-MT,48.2838,-115.49,5003
KS64,,Stanford Airport/Biggerstaff Field,Stanford,US-MT,47.1472,-110.23,4200
KMAN,,Nampa Municipal Airport,Nampa,US-ID,43.5813,-116.523,5000
KS69,,Lincoln Airport,Lincoln,US-MT,46.9544,-112.65,4240
KS70,,Othello Municipal Airport,Othello,US-WA,46.7949,-119.079,4000
KS71,,Edgar G Obie Airport,Chinook,US-MT,48.5921,-109.251,4000
S75,,Payette Municipal Airport,Payette,US-ID,44.0916,-116.901,3534
KS83,,Shoshone County Airport,Smelterville,US-ID,47.5473,-116.1887,5316
KS85,,Big Sky Field,Culbertson,US-MT,48.1533,-104.504,3800
KS87,,Weiser Municipal Airport,Weiser,US-ID,44.2068,-116.962,4000
KS95,,Martin Field,College Place,US-WA,46.0469,-118.417,3819
KS97,,Anderson Field,Brewster,US-WA,48.1049,-119.721,4000
KSAA,SAA,Shively Field,Saratoga,US-WY,41.4449,-106.824,8801
KSAC,SAC,Sacramento Executive Airport,Sacramento,US-CA,38.5125,-121.493,5503
KSAD,SAD,Safford Regional Airport,Safford,US-AZ,32.8548,-109.635,6007
KSAF,SAF,Santa Fe Municipal Airport,Santa Fe,US-NM,35.6171,-106.089,8366
KSAN,SAN,San Diego International Airport,San Diego,US-CA,32.7336,-117.19,9401
KSAR,SAR,Sparta Community Airport - Hunter Field,Sparta,US-IL,38.1489,-89.6987,4002
KSAT,SAT,San Antonio International Airport,San Antonio,US-TX,29.5337,-98.4698,8505
KSAV,SAV,Savannah Hilton Head International Airport,Savannah,US-GA,32.1266,-81.2,9351
KSAW,MQT,Marquette Sawyer Regional Airport,Gwinn,US-MI,46.3515,-87.3959,9072
KSBA,SBA,Santa Barbara Municipal Airport,Santa Barbara,US-CA,34.4262,-119.84,6037
KSBD,SBD,San Bernardino International Airport,San Bernardino,US-CA,34.0967,-117.2366,10000
KSBM,SBM,Sheboygan County Memorial Airport,Sheboygan,US-WI,43.7696,-87.8514,6801
KSBN,SBN,South Bend International Airport,South Bend,US-IN,41.7083,-86.3169,8412
KSBO,,Emanuel County Airport,Swainsboro,US-GA,32.6091,-82.3699,6021
KSBP,SBP,San Luis County Regional Airport,San Luis Obispo,US-CA,35.2368,-120.642,6101
KSBS,SBS,Steamboat Springs Bob Adams Field,Steamboat Springs,US-CO,40.5163,-106.866,4452
KSBX,SBX,Shelby Airport,Shelby,US-MT,48.5407,-111.871,5005
KSBY,SBY,Salisbury Ocean City Wicomico Regional Airport,Salisbury,US-MD,38.3405,-75.5103,6400
KSCB,SCB,Scribner State Airport,Scribner,US-NE,41.6103,-96.6299,4200
KSCD,,Merkel Field Sylacauga Municipal Airport,Sylacauga,US-AL,33.1718,-86.3055,5390
KSCH,SCH,Schenectady County Airport,Schenectady,US-NY,42.8525,-73.9289,7001
KSCK,SCK,Stockton Metropolitan Airport,Stockton,US-CA,37.8933,-121.2381,10245
KSCX,,Scott Municipal Airport,Oneida,US-TN,36.4555,-84.586,5505
KSDA,,Shenandoah Municipal Airport,Shenandoah,US-IA,40.7516,-95.4137,5000
KSDC,,Williamson Sodus Airport,Williamson/Sodus,US-NY,43.2346,-77.1194,3803
KSDF,SDF,Louisville Muhammad Ali International Airport,Louisville,US-KY,38.1706,-85.7351,11887
KSDL,SCF,Scottsdale Airport,Scottsdale,US-AZ,33.6229,-111.911,8249
KSDM,SDM,Brown Field Municipal Airport,San Diego,US-CA,32.5726,-116.98,7972
KSDY,SDY,Sidney - Richland Regional Airport,Sidney,US-MT,47.7051,-104.1944,5705
KSEA,SEA,Seattle–Tacoma International Airport,Seattle,US-WA,47.4479,-122.3103,11901
KSEE,SEE,Gillespie Field,San Diego/El Cajon,US-CA,32.8262,-116.972,5342
KSEF,SEF,Sebring Regional Airport,Sebring,US-FL,27.4564,-81.3424,5190
KSEG,SEG,Penn Valley Airport,Selinsgrove,US-PA,40.8206,-76.8639,4760
KSEM,SEM,Craig Field,Selma,US-AL,32.3439,-86.9878,8014
KSEP,SEP,Stephenville Clark Regional Airport,Stephenville,US-TX,32.2153,-98.1777,4209
KSEQ,,Randolph Air Force Base Auxiliary Airport,Seguin,US-TX,29.5645,-97.9025,8350
KSER,SER,Freeman Municipal Airport,Seymour,US-IN,38.9236,-85.9074,6001
KSET,,St Charles County Regional Airport/Smartt Field,St Charles,US-MO,38.9297,-90.43,3800
KSEZ,SDX,Sedona Airport,Sedona,US-AZ,34.8486,-111.788,5132
KSFB,SFB,Orlando Sanford International Airport,Orlando,US-FL,28.7743,-81.2346,11002
KSFF,SFF,Felts Field,Spokane,US-WA,47.6829,-117.3219,4500
KSFM,SFM,Sanford Seacoast Regional Airport,Sanford,US-ME,43.3939,-70.708,6389
KSFO,SFO,San Francisco International Airport,San Francisco,US-CA,37.6198,-122.3748,11870
KSFQ,,Suffolk Executive Airport,Suffolk,US-VA,36.6824,-76.6019,5007
KSFY,,Tri Township Airport,Savanna,US-IL,42.0458,-90.1079,4001
KSFZ,SFZ,North Central State Airport,Pawtucket,US-RI,41.9208,-71.4914,5000
KSGF,SGF,Springfield Branson National Airport,Springfield,US-MO,37.245,-93.3886,8000
KSGH,SGH,Springfield-Beckley Municipal Airport,Springfield,US-OH,39.8403,-83.8402,9010
KSGJ,UST,Northeast Florida Regional Airport,St Augustine,US-FL,29.9592,-81.3398,8001
KSGR,SGR,Sugar Land Regional Airport,Houston,US-TX,29.6223,-95.6565,8000
KSGS,,South St Paul Municipal Airport/Richard E Fleming Field,South St Paul,US-MN,44.8571,-93.0329,4002
KSGT,SGT,Stuttgart Municipal Airport / Carl Humphrey Field,Stuttgart,US-AR,34.5995,-91.575,6015
KSGU,SGU,St George Regional Airport,St George,US-UT,37.0364,-113.5103,9300
KSHD,SHD,Shenandoah Valley Regional Airport,Weyers Cave,US-VA,38.2638,-78.8964,6002
KSHL,,Sheldon Regional Airport,Sheldon,US-IA,43.2084,-95.8334,4199
KSHN,SHN,Sanderson Field,Shelton,US-WA,47.2336,-123.148,5005
KSHR,SHR,Sheridan County Airport,Sheridan,US-WY,44.7692,-106.98,8301
KSHV,SHV,Shreveport Regional Airport,Shreveport,US-LA,32.4447,-93.8267,8348
KSIF,,Rockingham County NC Shiloh Airport,Stoneville,US-NC,36.4372,-79.851,5200
KSIK,SIK,Sikeston Memorial Municipal Airport,Sikeston,US-MO,36.8989,-89.5618,5502
KSIV,SIV,Sullivan County Airport,Sullivan,US-IN,39.1147,-87.4483,4359
KSIY,SIY,Siskiyou County Airport,Montague,US-CA,41.7814,-122.468,7490
KSJC,SJC,Mineta San Jose International Airport,San Jose,US-CA,37.3625,-121.9292,11000
KSJN,SJN,St Johns Industrial Air Park,St Johns,US-AZ,34.5186,-109.379,5322
KSJT,SJT,San Angelo Regional Mathis Field,San Angelo,US-TX,31.3577,-100.496,8054
KSJX,,Beaver Island Airport,Beaver Island,US-MI,45.6923,-85.5666,4299
KSKA,SKA,Fairchild Air Force Base,Spokane,US-WA,47.6151,-117.656,13899
KSKF,SKF,Lackland Air Force Base,San Antonio,US-TX,29.3842,-98.5811,11550
KSKI,,Sac City Municipal Airport,Sac City,US-IA,42.3791,-94.9797,4100
KSKX,TSM,Taos Regional Airport,Taos,US-NM,36.4525,-105.6775,5504
KSLB,SLB,Storm Lake Municipal Airport,Storm Lake,US-IA,42.5973,-95.2407,5002
KSLC,SLC,Salt Lake City International Airport,Salt Lake City,US-UT,40.7889,-111.9799,12002
KSLE,SLE,Salem-Willamette Valley Airport/McNary Field,Salem,US-OR,44.9095,-123.003,5811
KSLG,SLG,Smith Field,Siloam Springs,US-AR,36.1919,-94.49,4997
KSLH,,Cheboygan County Airport,Cheboygan,US-MI,45.6537,-84.5193,4004
KSLI,,Los Alamitos Army Air Field,Los Alamitos,US-CA,33.7909,-118.0503,7999
KSLK,SLK,Adirondack Regional Airport,Saranac Lake,US-NY,44.3869,-74.2046,6573
KSLN,SLN,Salina Municipal Airport,Salina,US-KS,38.791,-97.6522,12301
KSLO,SLO,Salem–Leckrone Airport,Salem,US-IL,38.6429,-88.9642,4098
KSLR,SLR,Sulphur Springs Municipal Airport,Sulphur Springs,US-TX,33.1598,-95.6211,5001
KSME,SME,Lake Cumberland Regional Airport,Somerset,US-KY,37.0534,-84.6159,5801
KSMF,SMF,Sacramento International Airport,Sacramento,US-CA,38.6954,-121.591,8605
KSMN,SMN,Lemhi County Airport,Salmon,US-ID,45.1222,-113.882,5510
KSMO,SMO,Santa Monica Municipal Airport,Santa Monica,US-CA,34.0158,-118.451,3500
KSMS,SUM,Sumter Airport,Sumter,US-SC,33.995,-80.3613,5501
KSMX,SMX,Santa Maria Public Airport Captain G Allan Hancock Field,Santa Maria,US-CA,34.8989,-120.457,8004
KSNA,SNA,John Wayne Orange County International Airport,Santa Ana,US-CA,33.6751,-117.8693,5700
KSNH,,Savannah Hardin County Airport,Savannah,US-TN,35.1704,-88.2159,5002
KSNK,SNK,Winston Field,Snyder,US-TX,32.6902,-100.9489,5599
KSNL,SNL,Shawnee Regional Airport,Shawnee,US-OK,35.3579,-96.9428,5997
KSNS,SNS,Salinas Municipal Airport,Salinas,US-CA,36.6628,-121.606,6004
KSNY,SNY,Sidney Municipal Airport Lloyd W Carr Field,Sidney,US-NE,41.1013,-102.985,6600
KSOA,,Sonora Municipal Airport,Sonora,US-TX,30.5857,-100.649,4037
KSOP,SOP,Moore County Airport,Carthage,US-NC,35.2372,-79.3894,6503
KSOW,SOW,Show Low Regional Airport,Show Low,US-AZ,34.2641,-110.0071,7202
KSPA,SPA,Spartanburg Downtown Memorial Airport,Spartanburg,US-SC,34.9157,-81.9565,5852
KSPB,,Scappoose Industrial Airpark,Scappoose,US-OR,45.771,-122.862,5100
KSPF,SPF,Black Hills Airport-Clyde Ice Field,Spearfish,US-SD,44.4803,-103.783,6401
KSPG,SPG,Albert Whitted Airport,St Petersburg,US-FL,27.7651,-82.627,3676
KSPH,,Springhill Airport,Springhill,US-LA,32.9834,-93.4092,4202
KSPI,SPI,Abraham Lincoln Capital Airport,Springfield,US-IL,39.8441,-89.6779,8001
KSPK,,Spanish Fork Municipal Airport/Woodhouse Field,Spanish Fork,US-UT,40.145,-111.6677,6500
KSPS,SPS,Wichita Falls Municipal Airport / Sheppard Air Force Base,Wichita Falls,US-TX,33.9888,-98.4919,13100
KSPW,SPW,Spencer Municipal Airport,Spencer,US-IA,43.1655,-95.2028,6001
KSPZ,,Silver Springs Airport,Silver Springs,US-NV,39.403,-119.251,6001
KSQI,SQI,Whiteside County Airport - Joseph H Bittorf Field,Rock Falls,US-IL,41.7422,-89.6736,6499
KSRB,,Upper Cumberland Regional Airport,Sparta,US-TN,36.0559,-85.5307,6704
KSRC,SRC,Searcy Municipal Airport,Searcy,US-AR,35.2106,-91.7375,6008
KSRE,,Seminole Municipal Airport,Seminole,US-OK,35.2747,-96.6752,5004
KSRQ,SRQ,Sarasota Bradenton International Airport,Sarasota/Bradenton,US-FL,27.3946,-82.5544,9500
KSRR,RUI,Sierra Blanca Regional Airport,Alto,US-NM,33.4628,-105.535,8120
KSSC,SSC,Shaw Air Force Base,Sumter,US-SC,33.9727,-80.4706,10014
KSSF,SSF,Stinson Municipal Airport,San Antonio,US-TX,29.337,-98.4711,5000
KSSI,SSI,St Simons Island Airport,St Simons Island,US-GA,31.1518,-81.3913,5584
KSSQ,,Shell Lake Municipal Airport,Shell Lake,US-WI,45.7314,-91.9207,3711
KSTC,STC,Saint Cloud Regional Airport,Saint Cloud,US-MN,45.5466,-94.0599,7500
KSTE,STE,Stevens Point Municipal Airport,Stevens Point,US-WI,44.5452,-89.5303,6028
KSTF,,George M Bryan Airport,Starkville,US-MS,33.4331,-88.8486,5550
KSTJ,STJ,Rosecrans Memorial Airport,St Joseph,US-MO,39.7719,-94.9097,8061
KSTK,STK,Sterling Municipal Airport,Sterling,US-CO,40.6135,-103.2638,5201
KSTL,STL,St. Louis Lambert International Airport,St Louis,US-MO,38.7487,-90.37,11020
KSTP,STP,Saint Paul Downtown Holman Field,Saint Paul,US-MN,44.9348,-93.06,6491
KSTS,STS,Charles M. Schulz Sonoma County Airport,Santa Rosa,US-CA,38.509,-122.813,6000
KSUA,SUA,Witham Field,Stuart,US-FL,27.1817,-80.2211,5828
KSUE,SUE,Door County Cherryland Airport,Sturgeon Bay,US-WI,44.8437,-87.4215,4599
KSUN,SUN,Friedman Memorial Airport,Hailey,US-ID,43.5044,-114.296,7550
KSUS,SUS,Spirit of St Louis Airport,St Louis,US-MO,38.6621,-90.652,7486
KSUT,,Cape Fear Regional Jetport / Howie Franklin Field Airport,Southport,US-NC,33.9293,-78.075,5505
KSUU,SUU,Travis Air Force Base,Fairfield,US-CA,38.2627,-121.927,11001
KSUW,SUW,Richard I Bong Memorial Airport,Superior,US-WI,46.6886,-92.095,5100
KSUX,SUX,Sioux Gateway Airport / Brigadier General Bud Day Field,Sioux City,US-IA,42.3976,-96.3822,9002
KSUZ,,Saline County Regional Airport,Bryant,US-AR,34.5906,-92.4794,5002
KSVC,SVC,Grant County Airport,Silver City,US-NM,32.6367,-108.1547,6803
KSVE,SVE,Susanville Municipal Airport,Susanville,US-CA,40.3757,-120.573,4051
KSVH,SVH,Statesville Regional Airport,Statesville,US-NC,35.7653,-80.9539,7003
KSVN,SVN,Hunter Army Air Field,Savannah,US-GA,32.01,-81.1457,11375
KSWF,SWF,New York Stewart International Airport,Newburgh,US-NY,41.5042,-74.1089,11817
KSWI,,Sherman Municipal Airport,Sherman,US-TX,33.6242,-96.5861,4000
KSWO,SWO,Stillwater Regional Airport,Stillwater,US-OK,36.1621,-97.0856,7401
KSWT,,Seward Municipal Airport,Seward,US-NE,40.8647,-97.1092,4200
KSWW,SWW,Avenger Field,Sweetwater,US-TX,32.4674,-100.467,5840
KSXK,,Sioux County Regional Airport,Maurice,US-IA,42.9858,-96.1614,5500
KSYF,,Cheyenne County Municipal Airport,St Francis,US-KS,39.7611,-101.796,5200
KSYI,SYI,Bomar Field / Shelbyville Municipal Airport,Shelbyville,US-TN,35.5601,-86.4425,5504
KSYR,SYR,Syracuse Hancock International Airport,Syracuse,US-NY,43.1112,-76.1063,9013
KSYV,SYV,Sylvester Airport,Sylvester,US-GA,31.5585,-83.8957,4525
KSZL,SZL,Whiteman Air Force Base,Knob Noster,US-MO,38.7303,-93.5479,12400
KSZT,,Sandpoint Airport,Sandpoint,US-ID,48.2995,-116.56,5501
KSZY,,Robert Sibley Airport,Selmer,US-TN,35.2029,-88.4984,5002
KT03,TBC,Tuba City Airport,Tuba City,US-AZ,36.0911,-111.3829,6230
KT12,,Kirbyville Airport,Kirbyville,US-TX,30.6458,-93.9136,3746
KT16,,Reserve Airport,Reserve,US-NM,33.6942,-108.849,4800
1TX4,,New Gulf Airport,Boling-Iago,US-TX,29.273,-95.8869,4300
T23,,Albany Municipal Airport,Albany,US-TX,32.719,-99.2676,5000
KT24,,Pineland Municipal Airport,Pineland,US-TX,31.2335,-93.9819,3700
KT30,,Mc Kinley Field,Pearsall,US-TX,28.8223,-99.109,5027
KT41,,La Porte Municipal Airport,La Porte,US-TX,29.6693,-95.0642,4165
KT42,,Ruth Airport,Mad River,US-CA,40.2113,-123.298,3500
KT45,,Panhandle Carson County Airport,Panhandle,US-TX,35.3617,-101.365,4404
KT50,,Menard County Airport,Menard,US-TX,30.9319,-99.8088,4100
KT55,,Dimmitt Municipal Airport,Dimmitt,US-TX,34.5667,-102.323,5500
KT59,,Wheeler Municipal Airport,Wheeler,US-TX,35.4511,-100.2,3565
KT60,,Stonewall County Airport,Aspermont,US-TX,33.1698,-100.1973,4000
KTXW,,Mid Valley International Airport,Weslaco,US-TX,26.1776,-97.9731,4998
KT67,,Hicks Air Field,Fort Worth,US-TX,32.9305,-97.4123,3740
KT69,,Alfred C 'Bubba' Thomas Airport,Sinton,US-TX,28.0392,-97.5424,4323
KT74,,Taylor Municipal Airport,Taylor,US-TX,30.5726,-97.4432,4000
KT78,,Liberty Municipal Airport,Liberty,US-TX,30.0778,-94.6986,3801
KT82,,Gillespie County Airport,Fredericksburg,US-TX,30.2432,-98.9092,5002
KT88,,Colorado City Airport,Colorado City,US-TX,32.4684,-100.921,5420
KT90,,Chambers County Winnie Stowell Airport,Winnie,US-TX,29.8195,-94.4311,3600
KT92,,Mason County Airport,Mason,US-TX,30.7322,-99.1843,3716
KT93,,Follett Lipscomb County Airport,Follett,US-TX,36.4408,-100.124,4073
KTAD,TAD,Perry Stokes Airport,Trinidad,US-CO,37.2594,-104.341,5500
KTAZ,,Taylorville Municipal Airport,Taylorville,US-IL,39.5342,-89.3278,4001
KTBN,TBN,Waynesville-St. Robert Regional Airport-Forney Field,Fort Leonard Wood,US-MO,37.7416,-92.1407,6037
KTBR,TBR,Statesboro Bulloch County Airport,Statesboro,US-GA,32.4827,-81.7369,6000
KTCC,TCC,Tucumcari Municipal Airport,Tucumcari,US-NM,35.1828,-103.603,7104
KTCL,TCL,Tuscaloosa National Airport,Tuscaloosa,US-AL,33.2206,-87.6114,6498
KTCM,TCM,McChord Air Force Base,Tacoma,US-WA,47.1377,-122.476,10108
KTCS,TCS,Truth or Consequences Municipal Airport,Truth or Consequences,US-NM,33.2369,-107.272,7202
KTCY,,Tracy Municipal Airport,Tracy,US-CA,37.689,-121.442,4001
KTDF,,Raleigh Regional Airport at Person County,Timberlake,US-NC,36.2849,-78.9842,6005
KTDO,TDO,Ed Carlson Memorial Field South Lewis County Airport,Toledo,US-WA,46.4772,-122.806,4479
KTDW,TDW,Tradewind Airport,Amarillo,US-TX,35.1699,-101.826,5098
KTDZ,TDZ,Toledo Executive Airport,Toledo,US-OH,41.5649,-83.4823,5829
KTEB,TEB,Teterboro Airport,Teterboro,US-NJ,40.8501,-74.0608,6997
KTEL,,Perry County Municipal Airport,Tell City,US-IN,38.0177,-86.6909,4400
KTEW,,Mason Jewett Field,Mason,US-MI,42.5658,-84.4232,4002
KTEX,TEX,Telluride Regional Airport,Telluride,US-CO,37.9538,-107.908,7111
KTFP,,Ingleside Regional Airport,Aransas Pass,US-TX,27.913,-97.2115,4999
KTGC,,Gibson County Airport,Milan,US-TN,35.9325,-88.8489,4802
KTHA,THA,Tullahoma Regional Airport William Northern Field,Tullahoma,US-TN,35.3801,-86.2464,5501
KTHM,THM,Thompson Falls Airport,Thompson Falls,US-MT,47.5735,-115.281,4200
KTHV,THV,York Airport,Thomasville,US-PA,39.917,-76.873,5188
KTIF,,Thomas County Airport,Thedford,US-NE,41.9627,-100.5704,4402
KTIK,TIK,Tinker Air Force Base,Oklahoma City,US-OK,35.4147,-97.3866,11100
KTIP,,Rantoul National Aviation Center - Frank Elliot field,Rantoul,US-IL,40.2936,-88.1424,5001
KTIW,TIW,Tacoma Narrows Airport,Tacoma,US-WA,47.2674,-122.5773,5002
KTIX,TIX,Space Coast Regional Airport,Titusville,US-FL,28.5148,-80.7992,7319
KTKI,DTX,McKinney National Airport,Dallas,US-TX,33.1779,-96.5905,7002
KTKO,,Mankato Airport,Mankato,US-KS,39.805,-98.2206,3540
KTKV,,Tomahawk Regional Airport,Tomahawk,US-WI,45.4691,-89.8057,4401
KTKX,KNT,Kennett Memorial Airport,Kennett,US-MO,36.2259,-90.0366,5000
KTLH,TLH,Tallahassee International Airport,Tallahassee,US-FL,30.4012,-84.3543,8000
KTLR,TLR,Mefford Field,Tulare,US-CA,36.1563,-119.326,3901
KTMA,TMA,Henry Tift Myers Airport,Tifton,US-GA,31.429,-83.4885,6506
KTMB,TMB,Miami Executive Airport,Miami,US-FL,25.6479,-80.4328,6000
KTME,,Houston Executive Airport,Houston,US-TX,29.8072,-95.8979,6610
KTMK,OTK,Tillamook Airport,Tillamook,US-OR,45.4182,-123.814,5001
KTNP,TNP,Twentynine Palms Airport,Twentynine Palms,US-CA,34.1339,-115.9473,5531
KTNT,TNT,Dade Collier Training and Transition Airport,Miami,US-FL,25.8618,-80.897,10499
KTNU,TNU,Newton Municipal Airport,Newton,US-IA,41.6744,-93.0217,5600
KTNX,XSD,Tonopah Test Range Airport,Tonopah,US-NV,37.7988,-116.781,12001
KTOA,TOA,Zamperini Field,Torrance,US-CA,33.8034,-118.34,5001
KTOB,,Dodge Center Airport,Dodge Center,US-MN,44.018,-92.8315,4500
KTOC,TOC,Toccoa Airport - R.G. Letourneau Field,Toccoa,US-GA,34.5938,-83.2958,5008
KTOI,TOI,Troy Municipal Airport at N Kenneth Campbell Field,Troy,US-AL,31.8604,-86.0121,6197
KTOL,TOL,Eugene F. Kranz Toledo Express Airport,Toledo,US-OH,41.5868,-83.8078,10600
KTOP,TOP,Philip Billard Municipal Airport,Topeka,US-KS,39.0699,-95.6226,5099
KTOR,TOR,Torrington Municipal Airport,Torrington,US-WY,42.0645,-104.153,5703
KTPA,TPA,Tampa International Airport,Tampa,US-FL,27.9755,-82.5332,11002
KTPF,TPF,Peter O Knight Airport,Tampa,US-FL,27.9156,-82.4493,3583
KTPH,TPH,Tonopah Airport,Tonopah,US-NV,38.0602,-117.087,7160
KTPL,TPL,Draughon Miller Central Texas Regional Airport,Temple,US-TX,31.1525,-97.4078,7000
KTQE,,Tekamah Municipal Airport,Tekamah,US-NE,41.7635,-96.1779,4000
KTQH,,Tahlequah Municipal Airport,Tahlequah,US-OK,35.9289,-95.0045,5001
KTQK,,Scott City Municipal Airport,Scott City,US-KS,38.4743,-100.885,5002
KTRI,TRI,Tri-Cities Regional TN/VA Airport,Blountville,US-TN,36.4752,-82.4074,8000
KTRK,TKF,Truckee Tahoe Airport,Truckee,US-CA,39.3186,-120.1406,7001
KTRL,TRL,Terrell Municipal Airport,Terrell,US-TX,32.7092,-96.2674,5006
KTRM,TRM,Jacqueline Cochran Regional Airport,Palm Springs,US-CA,33.6267,-116.16,8500
KTRX,TRX,Trenton Municipal Airport,Trenton,US-MO,40.0835,-93.5906,4307
KTSO,,Carroll County-Tolson Airport,Carrollton,US-OH,40.5619,-81.0775,4300
KTSP,TSP,Tehachapi Municipal Airport,Tehachapi,US-CA,35.135,-118.439,4040
KTTA,,Raleigh Executive Jetport,Sanford,US-NC,35.5837,-79.1008,6501
KTTD,TTD,Portland Troutdale Airport,Portland,US-OR,45.5494,-122.401,5399
KTTF,,Custer Airport,Monroe,US-MI,41.9399,-83.4347,4997
KTTN,TTN,Trenton Mercer Airport,Ewing Township,US-NJ,40.2767,-74.8135,6006
KTTS,,Space Florida Launch and Landing Facility,Titusville,US-FL,28.615,-80.6945,15001
KTUL,TUL,Tulsa International Airport,Tulsa,US-OK,36.1971,-95.8862,10000
KTUP,TUP,Tupelo Regional Airport,Tupelo,US-MS,34.2681,-88.7699,7150
KTUS,TUS,Tucson International Airport,Tucson,US-AZ,32.115,-110.9381,10996
KTVC,TVC,Cherry Capital Airport,Traverse City,US-MI,44.7414,-85.5822,7016
KTVF,TVF,Thief River Falls Regional Airport,Thief River Falls,US-MN,48.0657,-96.185,6504
KTVI,TVI,Thomasville Regional Airport,Thomasville,US-GA,30.9016,-83.8813,6004
KTVK,,Centerville Municipal Airport,Centerville,US-IA,40.6839,-92.901,4099
KTVL,TVL,Lake Tahoe Airport,South Lake Tahoe,US-CA,38.8939,-119.995,8541
KTVR,,Vicksburg Tallulah Regional Airport,Tallulah,US-LA,32.3516,-91.0277,5002
KTVY,,Bolinder Field Tooele Valley Airport,Tooele,US-UT,40.6123,-112.351,6102
KTWF,TWF,Joslin Field Magic Valley Regional Airport,Twin Falls,US-ID,42.4818,-114.488,8704
KTWM,,Richard B Helgeson Airport,Two Harbors,US-MN,47.0492,-91.7451,4400
KTWT,,Sturgis Municipal Airport,Sturgis,US-KY,37.5408,-87.9518,5000
KTXK,TXK,Texarkana Regional Airport (Webb Field),Texarkana,US-AR,33.4537,-93.991,6602
KTYL,TYZ,Taylor Airport,Taylor,US-AZ,34.4528,-110.115,7001
KTYQ,,Indianapolis Executive Airport,Indianapolis,US-IN,40.0307,-86.2514,7001
KTYR,TYR,Tyler Pounds Regional Airport,Tyler,US-TX,32.3541,-95.4024,8334
KTYS,TYS,McGhee Tyson Airport,Knoxville/Maryville,US-TN,35.811,-83.994,10000
KTZR,,Bolton Field,Columbus,US-OH,39.9012,-83.1369,5500
KTZT,,Belle Plaine Municipal Airport,Belle Plaine,US-IA,41.8788,-92.2846,4001
KTZV,,Tompkinsville Monroe County Airport,Tompkinsville,US-KY,36.729,-85.6524,4000
KU01,,American Falls Airport,American Falls,US-ID,42.7973,-112.825,4900
KU02,,Mccarley Field,Blackfoot,US-ID,43.2092,-112.3496,4314
KU03,,Buhl Municipal Airport,Buhl,US-ID,42.5916,-114.797,3898
KU05,,Riddick Field,Philipsburg,US-MT,46.3194,-113.305,3599
KU07,BFG,Bullfrog Basin Airport,Bullfrog,US-UT,37.5478,-110.7129,3500
KU08,,Perkins Field,Overton,US-NV,36.568,-114.443,4800
KU12,,Stanford Field,St Anthony,US-ID,43.9505,-111.6834,4500
KU13,,Junction Airport,Junction,US-UT,38.2517,-112.2233,4505
KU14,NPH,J. Randy McKnight Nephi Municipal Airport,Nephi,US-UT,39.7368,-111.8701,6300
KDUB,,Dubois Municipal Airport,Dubois,US-WY,43.5483,-109.69,6700
KU30,,Temple Bar Airport,Temple Bar,US-AZ,36.0205,-114.335,3500
KU34,RVR,Green River Municipal Airport,Green River,US-UT,38.9614,-110.227,5600
KU36,,Aberdeen Municipal Airport,Aberdeen,US-ID,42.921,-112.881,3650
KSVR,,South Valley Regional Airport,Salt Lake City,US-UT,40.6195,-111.993,5862
KU52,,Beaver Municipal Airport,Beaver,US-UT,38.2307,-112.675,4985
U55,PNU,Panguitch Municipal Airport,Panguitch,US-UT,37.8452,-112.392,5700
U56,,Rigby Airport,Rigby,US-ID,43.6426,-111.9292,3727
KU58,,Downey/Hyde Memorial Airport,Downey,US-ID,42.4239,-112.1096,3550
KU62,,Mackay Airport,Mackay,US-ID,43.9041,-113.601,4389
KU68,,North Big Horn County Airport,Cowley,US-WY,44.912,-108.4435,5199
KU69,,Duchesne Municipal Airport,Duchesne,US-UT,40.1919,-110.381,5800
KU70,ICS,Cascade Airport,Cascade,US-ID,44.4938,-116.016,4300
KU76,,Mountain Home Municipal Airport,Mountain Home,US-ID,43.1313,-115.73,5000
KU78,,Allen H Tigert Airport,Soda Springs,US-ID,42.6416,-111.58,3500
KU82,,Council Municipal Airport,Council,US-ID,44.7503,-116.4451,3600
KU96,,Cal Black Memorial Airport,Halls Crossing,US-UT,37.4352,-110.5644,5700
KUAO,,Aurora State Airport,Aurora,US-OR,45.2471,-122.77,5003
KUBE,,Cumberland Municipal Airport,Cumberland,US-WI,45.506,-91.9801,4043
KUBS,UBS,Columbus Lowndes County Airport,Columbus,US-MS,33.4654,-88.3803,4503
KUCP,,New Castle Municipal Airport,New Castle,US-PA,41.0253,-80.4134,3995
KUCY,UCY,Everett-Stewart Regional Airport,Union City,US-TN,36.3818,-88.9854,6503
KUDD,UDD,Bermuda Dunes Airport,Bermuda Dunes,US-CA,33.7485,-116.275,5002
KUDG,,Darlington County Airport,Darlington,US-SC,34.4494,-79.8901,5500
KUES,UES,Waukesha County Airport,Waukesha,US-WI,43.041,-88.2371,5849
KUGN,UGN,Waukegan National Airport,Chicago/Waukegan,US-IL,42.4222,-87.8679,6001
KUIL,UIL,Quillayute Airport,Quillayute,US-WA,47.9366,-124.563,4211
KUIN,UIN,Quincy Regional Airport Baldwin Field,Quincy,US-IL,39.9427,-91.1946,7098
KUKF,IKB,Wilkes County Airport,North Wilkesboro,US-NC,36.2228,-81.0983,6201
KUKI,UKI,Ukiah Municipal Airport,Ukiah,US-CA,39.126,-123.201,4423
KUKL,,Coffey County Airport,Burlington,US-KS,38.3025,-95.725,5500
KULM,ULM,New Ulm Municipal Airport,New Ulm,US-MN,44.3196,-94.5023,5401
KULS,,Ulysses Airport,Ulysses,US-KS,37.604,-101.374,6000
KUMP,,Indianapolis Metropolitan Airport,Indianapolis,US-IN,39.9352,-86.045,4004
KUNI,ATO,Ohio University Airport,Albany,US-OH,39.2118,-82.2295,5600
KUNO,,West Plains Regional Airport,Pomona,US-MO,36.8784,-91.9027,5101
KUNU,UNU,Dodge County Airport,Juneau,US-WI,43.4266,-88.7032,5070
KUNV,SCE,State College Regional Airport,State College,US-PA,40.8494,-77.8485,6701
KUOS,UOS,Franklin County Airport,Sewanee,US-TN,35.2048,-85.8991,3700
KUOX,UOX,University Oxford Airport,Oxford,US-MS,34.3843,-89.5368,5600
KUSE,,Fulton County Airport,Wauseon,US-OH,41.6101,-84.1272,3882
KUTA,UTM,Tunica Municipal Airport,Tunica,US-MS,34.685,-90.3478,8500
KUTS,HTV,Huntsville Regional Airport,Huntsville,US-TX,30.7469,-95.5872,5005
KUUV,,Sullivan Regional Airport,Sullivan,US-MO,38.2335,-91.1643,4500
KUVA,UVA,Garner Field,Uvalde,US-TX,29.2113,-99.7436,5256
KUWL,,New Castle-Henry County Municipal Airport,New Castle,US-IN,39.8759,-85.3265,4002
KUXL,,Southland Field,Sulphur,US-LA,30.1314,-93.3761,5001
KUYF,,Madison County Airport,London,US-OH,39.9327,-83.462,4000
KUZA,RKH,Rock Hill - York County Airport,Rock Hill,US-SC,34.9878,-81.0572,5500
KVAD,VAD,Moody Air Force Base,Valdosta,US-GA,30.9678,-83.193,9300
KVAY,LLY,South Jersey Regional Airport,Lumberton,US-NJ,39.9429,-74.8457,3881
KVBG,VBG,Vandenberg Space Force Base,Lompoc,US-CA,34.7373,-120.584,15000
KVBT,,Bentonville Municipal-Louise M Thaden Field,Bentonville,US-AR,36.3457,-94.2193,5053
KVCB,,Nut Tree Airport,Vacaville,US-CA,38.3768,-121.962,4700
KVCT,VCT,Victoria Regional Airport,Victoria,US-TX,28.8526,-96.9185,9111
KVCV,VCV,Southern California Logistics Airport,Victorville,US-CA,34.5975,-117.383,13052
KVDF,,Tampa Executive Airport,Tampa,US-FL,28.014,-82.3453,5000
KVDI,VDI,Vidalia Regional Airport,Vidalia,US-GA,32.1927,-82.3712,6002
KVEL,VEL,Vernal Regional Airport,Vernal,US-UT,40.4362,-109.5117,7000
KVER,,Jesse Viertel Memorial Airport,Boonville,US-MO,38.9467,-92.6827,4000
KVES,,Darke County Airport,Versailles,US-OH,40.2044,-84.5319,4802
KVGC,,Hamilton Municipal Airport,Hamilton,US-NY,42.8438,-75.5614,5314
KVGT,VGT,North Las Vegas Airport,Las Vegas,US-NV,36.2091,-115.194,5005
KVHN,VHN,Culberson County Airport,Van Horn,US-TX,31.0578,-104.784,6005
KVIH,VIH,Rolla National Airport,Vichy,US-MO,38.1274,-91.7695,5501
KVIS,VIS,Visalia Municipal Airport,Visalia,US-CA,36.3187,-119.393,6562
KVJI,VJI,Virginia Highlands Airport,Abingdon,US-VA,36.6871,-82.0333,5500
KVKS,VKS,Vicksburg Municipal Airport,Vicksburg,US-MS,32.2393,-90.9284,5000
KVLA,VLA,Vandalia Municipal Airport,Vandalia,US-IL,38.9915,-89.1662,3751
KVLD,VLD,Valdosta Regional Airport,Valdosta,US-GA,30.7825,-83.2767,8003
KVLL,,Oakland Troy Airport,Troy,US-MI,42.5429,-83.1779,3550
KVMR,,Harold Davidson Field,Vermillion,US-SD,42.7653,-96.9343,4105
KVNC,VNC,Venice Municipal Airport,Venice,US-FL,27.0705,-82.4408,5640
KVNW,,Van Wert County Airport,Van Wert,US-OH,40.8647,-84.6094,5000
KVNY,VNY,Van Nuys Airport,Van Nuys,US-CA,34.2098,-118.49,8001
KVOK,VOK,Volk Field,Camp Douglas,US-WI,43.939,-90.2534,9000
KVPC,,Cartersville Airport,Cartersville,US-GA,34.1231,-84.8487,5760
KVPS,VPS,Destin-Fort Walton Beach Airport,Valparaiso,US-FL,30.4813,-86.5158,12004
KVPZ,VPZ,Porter County Municipal Airport,Valparaiso,US-IN,41.454,-87.0071,7001
KVQQ,VQQ,Cecil Airport,Jacksonville,US-FL,30.2187,-81.8767,12504
KVRB,VRB,Vero Beach Regional Airport,Vero Beach,US-FL,27.6556,-80.4179,7314
KVSF,VSF,Hartness State Airport,North Springfield,US-VT,43.3436,-72.5173,5501
KVTA,,Newark Heath Airport,Newark,US-OH,40.0247,-82.4618,4649
KVTI,,Vinton Veterans Memorial Airpark,Vinton,US-IA,42.2182,-92.0259,4000
KVTN,VTN,Miller Field,Valentine,US-NE,42.8562,-100.5492,4705
KVUJ,,Stanly County Airport,Albemarle,US-NC,35.4167,-80.1508,5499
KVVS,,Joseph A. Hardy Connellsville Airport,Connellsville,US-PA,39.9609,-79.6577,3833
KVYS,VYS,Illinois Valley Regional Airport Walter A Duncan Field,Peru,US-IL,41.3519,-89.1531,5999
KW03,,Wilson Industrial Air Center Airport,Wilson,US-NC,35.7704,-77.9698,4500
KW22,,Upshur County Regional Airport,Buckhannon,US-WV,39.0005,-80.2737,4201
W28,SQV,Sequim Valley Airport,Sequim,US-WA,48.0981,-123.187,3500
KW35,,Potomac Airpark,Berkeley Springs,US-WV,39.6926,-78.1661,4979
KBYL,,Williamsburg Whitley County Airport,Williamsburg,US-KY,36.795,-84.1995,5499
W40,,Mount Olive Municipal Airport,Mount Olive,US-NC,35.2214,-78.0387,5254
KW43,,Hulett Municipal Airport,Hulett,US-WY,44.6629,-104.568,5500
KW63,,Lake Country Regional Airport,Clarksville,US-VA,36.5958,-78.5601,4007
KW78,,William M Tuck Airport,South Boston,US-VA,36.71,-78.848,4011
KW94,,Camp Peary Landing Strip,Williamsburg,US-VA,37.3128,-76.6382,5000
KW96,,New Kent County Airport,Quinton,US-VA,37.5032,-77.1255,3600
W99,PGC,Grant County Airport,Petersburg,US-WV,38.9949,-79.1459,5000
KWAL,WAL,Wallops Flight Facility Airport,Wallops Island,US-VA,37.9408,-75.4623,8748
KWAY,WAY,Greene County Airport,Waynesburg,US-PA,39.9011,-80.1307,3500
KWDG,WDG,Enid Woodring Regional Airport,Enid,US-OK,36.3792,-97.7911,8613
KWDR,WDR,Barrow County Airport,Winder,US-GA,33.9829,-83.6674,5202
KWHP,WHP,Whiteman Airport,Pacoima,US-CA,34.2593,-118.413,4120
KWJF,WJF,General William J Fox Airfield,Lancaster,US-CA,34.7411,-118.219,7201
KWLD,WLD,Strother Field,Winfield / Arkansas City,US-KS,37.1686,-97.0376,5506
KWLW,WLW,Willows Glenn County Airport,Willows,US-CA,39.5164,-122.218,4125
KWMC,WMC,Winnemucca Municipal Airport,Winnemucca,US-NV,40.8966,-117.806,7000
KWRB,WRB,Robins Air Force Base,Warner Robins,US-GA,32.6401,-83.5919,12001
KWRI,WRI,Mc Guire Air Force Base,Wrightstown,US-NJ,40.0156,-74.5917,11451
KWRL,WRL,Worland Municipal Airport,Worland,US-WY,43.9657,-107.951,7000
KWST,WST,Westerly State Airport,Westerly,US-RI,41.3496,-71.8034,4010
KWVI,WVI,Watsonville Municipal Airport,Watsonville,US-CA,36.9357,-121.79,4502
KWVL,WVL,Waterville Robert Lafleur Airport,Waterville,US-ME,44.5332,-69.6755,5500
KWWD,WWD,Cape May County Airport,Wildwood,US-NJ,39.0085,-74.9083,5252
KWWR,WWR,West Woodward Airport,Woodward,US-OK,36.438,-99.5227,5502
KWYS,WYS,Yellowstone Airport,West Yellowstone,US-MT,44.6884,-111.118,8400
X05,,Pilot Country Airport,Brooksville,US-FL,28.3303,-82.4965,3700
KX06,,Arcadia Municipal Airport,Arcadia,US-FL,27.1955,-81.8373,3700
KX07,,Lake Wales Municipal Airport,Lake Wales,US-FL,27.8938,-81.6204,5400
KX13,,Carrabelle Thompson Airport,Carrabelle,US-FL,29.8422,-84.701,4000
X14,,La Belle Municipal Airport,La Belle,US-FL,26.7442,-81.4326,5254
KX26,,Sebastian Municipal Airport,Sebastian,US-FL,27.8126,-80.4959,4023
X35,,Dunnellon Marion Co & Park of Commerce Airport,Dunnellon,US-FL,29.0618,-82.3766,5000
X39,KYO,Tampa North Aero Park Airport,Tampa,US-FL,28.2213,-82.3745,3541
KX50,,Massey Ranch Airpark,New Smyrna Beach,US-FL,28.9789,-80.9251,4360
KX51,,Miami Homestead General Aviation Airport,Homestead,US-FL,25.4992,-80.5543,4000
KX59,,Valkaria Airport,Malabar,US-FL,27.962,-80.5598,4000
KX60,,Williston Municipal Airport,Williston,US-FL,29.3542,-82.4729,6669
KXBP,,Bridgeport Municipal Airport,Bridgeport,US-TX,33.1753,-97.8284,5005
KFIN,,Flagler Executive Airport,Palm Coast,US-FL,29.4674,-81.2063,5500
KXLL,,Allentown Queen City Municipal Airport,Allentown,US-PA,40.5701,-75.4868,3950
KXMR,,Cape Canaveral SFS Skid Strip,Cocoa Beach,US-FL,28.4676,-80.5666,9999
KXNA,XNA,Northwest Arkansas National Airport,Fayetteville/Springdale/Rogers,US-AR,36.2819,-94.3068,8801
KXNI,,Andrew Othole Memorial Airport,Zuni,US-NM,35.0607,-108.9376,6000
KXNO,,North Air Force Auxillary Airfield,North,US-SC,33.6094,-81.0833,10003
KXSA,,Tappahannock-Essex County Airport,Tappahannock,US-VA,37.8596,-76.8941,4300
KXVG,,Longville Municipal Airport,Longville,US-MN,46.9902,-94.204,3549
KXWA,XWA,Williston Basin International Airport,Williston,US-ND,48.2609,-103.7512,7503
Y03,,Springfield Municipal Airport,Springfield,US-SD,42.8814,-97.901,3500
KY14,,Marv Skie / Lincoln County Airport,Tea,US-SD,43.4552,-96.8014,3650
KY19,,Mandan Municipal Airport,Mandan,US-ND,46.7682,-100.894,4399
KY27,,Standing Rock Airport,Fort Yates,US-ND,46.0664,-100.635,3699
KY31,WBK,West Branch Community Airport,West Branch,US-MI,44.2448,-84.1798,5000
KY51,,Viroqua Municipal Airport,Viroqua,US-WI,43.5801,-90.9002,4000
Y70,,Ionia County Airport,Ionia,US-MI,42.938,-85.0605,4300
KY72,,Bloyer Field,Tomah,US-WI,43.975,-90.4835,3900
KKY8,,Hancock County-Ron Lewis Field,Lewisport,US-KY,37.9532,-86.8572,5002
KY89,,Kalkaska City Airport,Kalkaska,US-MI,44.7252,-85.2031,3500
KYIP,YIP,Willow Run Airport,Detroit,US-MI,42.2379,-83.5304,7543
KYKM,YKM,Yakima Air Terminal McAllister Field,Yakima,US-WA,46.5682,-120.544,7604
KYKN,YKN,Chan Gurney Municipal Airport,Yankton,US-SD,42.9167,-97.3859,6094
KYNG,YNG,Youngstown Warren Regional Airport,Youngstown/Warren,US-OH,41.2607,-80.6791,9003
KZ-0114,,Bayanaul Airport,Bayanaul,KZ-PAV,50.7781,75.7446,3937
KZ01,,Eglin Auxiliary Field 6 Airport,Valparaiso,US-FL,30.6337,-86.7427,5000
KZ10,,Fort Lewis Road / Pacemaker Landing Zone Airport,Spanaway,US-WA,47.0217,-122.446,3500
KZ98,,Ottawa Executive Airport,Zeeland,US-MI,42.8172,-85.9281,3800
KZEF,,Elkin Municipal Airport,Elkin,US-NC,36.28,-80.7861,4001
KZER,,Schuylkill County Joe Zerbey Airport,Pottsville,US-PA,40.7065,-76.3731,5101
KZPH,ZPH,Zephyrhills Municipal Airport,Zephyrhills,US-FL,28.2282,-82.1559,5072
KZZV,ZZV,Zanesville Municipal Airport,Zanesville,US-OH,39.9444,-81.8921,4999
VLBK,BOR,Bokeo International Airport,Ton Phueng,LA-BK,20.324,100.1654,8858
LAKU,KFZ,Kukës International Airport,Kukës,AL-07,42.0358,20.416,7211
LAKV,,Kuçovë Air Base,Kuçovë,AL-01,40.7719,19.9019,9318
LATI,TIA,Tirana International Airport Mother Teresa,Rinas,AL-02,41.4147,19.7206,9843
LBSW,,Sofia West Airfield,Radomir,BG-14,42.4442,22.9835,8187
LB18,,Tenevo Airstrip,Tenevo,BG-28,42.3464,26.5739,8200
LB42,,Kamenets Air Base,Kamenets,BG-15,43.3273,25.0034,8200
LBBG,BOJ,Burgas Airport,Burgas,BG-02,42.5699,27.5152,10499
LBGO,GOZ,Gorna Oryahovitsa Airport,Gorna Oryahovitsa,BG-04,43.1514,25.7129,8038
LBPD,PDV,Plovdiv International Airport,Plovdiv,BG-16,42.0678,24.8508,8202
LBPG,,Graf Ignatievo Air Base,Graf Ignatievo,BG-16,42.2904,24.714,9815
LBPL,,Dolna Mitropoliya Air Base,Dolna Mitropoliya,BG-15,43.4518,24.5024,7173
LBRS,ROU,Ruse Airport,Shtraklevo,BG-18,43.6948,26.0567,8210
LBSF,SOF,Sofia Airport,Sofia,BG-22,42.6964,23.4177,11811
LBSL,,Sliven Barshen Airfield,Sliven,BG-20,42.6453,26.3588,8155
LBSZ,,Stara Zagora Airport,Stara Zagora,BG-24,42.3767,25.655,8200
LBVD,,Vidin Smurdan Airfield,Vidin,BG-05,44.0224,22.8161,6888
LBWB,,Balchik Airfield,Balchik,BG-08,43.4238,28.1813,8095
LBWN,VAR,Varna Airport,Varna,BG-03,43.2321,27.8251,8258
LCEN,ECN,Ercan International Airport,Tymbou (Kirklar),CY-02,35.1531,33.5074,9039
LCLK,LCA,Larnaca International Airport,Larnaca,CY-04,34.8751,33.6249,9823
LCP,LCP,Loncopue Airport,Loncopue,AR-Q,-38.0819,-70.6439,5249
LCPH,PFO,Paphos International Airport,Paphos,CY-06,34.718,32.4857,8858
LCRA,AKT,RAF Akrotiri,Akrotiri,CY-XX,34.5904,32.9879,9002
LDDU,DBV,Dubrovnik Ruđer Bošković Airport,Dubrovnik,HR-19,42.5622,18.2655,10597
LDOC,,Osijek-Čepin Airfield,Osijek,HR-14,45.5428,18.6319,3937
LDOS,OSI,Osijek Airport,Osijek(Klisa),HR-14,45.4624,18.8113,8202
LDPL,PUY,Pula Airport,Pula,HR-18,44.8935,13.9222,9678
LDRG,,Grobničko Polje Airfield,Soboli,HR-08,45.3795,14.5038,6106
LDRI,RJK,Rijeka Airport,Rijeka(Omišalj),HR-08,45.2164,14.5709,8164
LDSB,BWK,Brač Airport,Gornji Humac,HR-17,43.2845,16.6784,5774
LDSP,SPU,Split Saint Jerome Airport,Split,HR-17,43.5389,16.298,8366
LDVA,,Varaždin Airfield,Varaždin,HR-05,46.2947,16.3832,5676
LDZA,ZAG,Zagreb Franjo Tuđman International Airport,Velika Gorica,HR-01,45.7429,16.0688,10669
LDZD,ZAD,Zadar Airport,Zadar,HR-13,44.097,15.3536,8202
LE84,,Jayena Airfield,Jayena,ES-AN,36.9307,-3.8354,3695
LEAB,ABC,Albacete Airport / Los Llanos Air Base,Albacete,ES-CM,38.9485,-1.8635,8858
LEAL,ALC,Alicante-Elche Miguel Hernández Airport,Alicante,ES-VC,38.2822,-0.5582,9842
LEAM,LEI,Almería Airport,Almería,ES-AN,36.8439,-2.3701,10499
LEAS,OVD,Asturias Airport,Ranón,ES-AS,43.5636,-6.0346,7218
LEBA,ODB,Córdoba Airport,Córdoba,ES-AN,37.842,-4.8489,7352
LEBB,BIO,Bilbao Airport,Bilbao,ES-PV,43.3011,-2.9106,8530
LEBE,,Beas de Segura Airfield,Jaén,ES-AN,38.2719,-2.9529,4757
LEBG,RGS,Burgos Airport,Burgos,ES-CL,42.3576,-3.6208,6890
LEBL,BCN,Josep Tarradellas Barcelona-El Prat Airport,Barcelona,ES-CT,41.2971,2.0785,11000
LEBZ,BJZ,Badajoz Airport,Badajoz,ES-EX,38.8913,-6.8213,9350
LECD,,La Cerdanya Airfield,Alp,ES-CT,42.3864,1.8667,3773
LECH,CDT,Castellón-Costa Azahar Airport,Castellón de la Plana,ES-VC,40.2139,0.0733,8858
LECO,LCG,A Coruña Airport,Culleredo,ES-GA,43.3021,-8.3773,7178
LECT,,El Castaño Airfield,Luciana,ES-CM,39.0136,-4.3871,5036
LECU,,Madrid-Cuatro Vientos Airport,Madrid,ES-MD,40.3707,-3.7851,4921
LEDA,ILD,Lleida-Alguaire Airport,Lleida,ES-CT,41.7282,0.535,8202
LEGA,,Armilla Air Base,Armilla,ES-AN,37.1332,-3.6357,4265
LEGC,,Altarejos-Guadalcanal Private Airfield,Sevilla,ES-AN,38.1717,-5.7395,5250
LEGE,GRO,Girona-Costa Brava Airport,Girona,ES-CT,41.9046,2.7618,7874
LEGR,GRX,F.G.L. Airport Granada-Jaén Airport,Granada,ES-AN,37.1887,-3.7774,9514
LEGT,,Getafe Air Base,Getafe,ES-MD,40.2941,-3.7238,8136
LEHC,HSK,Huesca-Pirineos Airport,Monflorite/Alcalá del Obispo,ES-AR,42.0761,-0.3167,6889
LEIB,IBZ,Ibiza Airport,Ibiza (Eivissa),ES-IB,38.8729,1.3731,9186
LEIZ,,La Perdiz - Torre De Juan Abad Airfield,Torre de Juan Abad,ES-CM,38.5131,-3.3643,5015
LEJR,XRY,Jerez Airport,Jerez de la Frontera,ES-AN,36.7446,-6.0601,7546
LELA,,La Calderera Airfield,Valdepeñas,ES-CM,38.7479,-3.5146,4830
LELC,,San Javier Airport,San Javier,ES-MC,37.775,-0.8124,7612
LELN,LEN,León Airport,La Virgen del Camino,ES-CL,42.5907,-5.6534,9843
LERJ,RJL,Logroño-Agoncillo Airport,Logroño,ES-RI,42.461,-2.3222,7218
LEMD,MAD,Adolfo Suárez Madrid–Barajas Airport,Madrid,ES-MD,40.4934,-3.5722,14271
LEMG,AGP,Málaga-Costa del Sol Airport,Málaga,ES-AN,36.6749,-4.4991,10500
LEMH,MAH,Menorca Airport,Mahón (Maó),ES-IB,39.8626,4.2187,8366
LEMI,RMU,Region of Murcia International Airport,Corvera,ES-MC,37.8029,-1.1249,9842
LEMO,OZP,Moron Air Base,Morón,ES-AN,37.1749,-5.6159,11801
LENE,,La Caminera Airfield,,ES-CM,38.6697,-3.3032,4593
LEOC,,Ocaña Airfield,Ocaña,ES-CM,39.9375,-3.5033,4134
LEOS,,Aeródromo de los Oteros,Pajares de Los Oteros,ES-CL,42.3331,-5.4519,3976
LEPA,PMI,Palma de Mallorca Airport,Palma de Mallorca,ES-IB,39.5517,2.7388,10728
LEPP,PNA,Pamplona Airport,Pamplona,ES-NC,42.77,-1.6463,7241
LERL,CQM,Ciudad Real International Airport,Ciudad Real,ES-CM,38.8565,-3.9699,13450
LERO,,Rozas Airfield,Lugo,ES-GA,43.116,-7.4636,3937
LERS,REU,Reus Airport,Reus,ES-CT,41.1475,1.1684,8054
LERT,ROZ,Rota Naval Station Airport,Rota,ES-AN,36.6452,-6.3495,12106
LESA,SLM,Salamanca Airport,Salamanca,ES-CL,40.9521,-5.502,8245
LESB,,Son Bonet Airfield,Marratxí,ES-IB,39.5989,2.7028,3937
LESL,,Sant Lluis Airfield,Sant Lluis,ES-IB,39.8619,4.2517,6069
LESO,EAS,San Sebastián Airport,Hondarribia,ES-PV,43.3565,-1.7906,5755
LEST,SCQ,Santiago-Rosalía de Castro Airport,Santiago de Compostela,ES-GA,42.8963,-8.4151,10499
LESU,LEU,Pirineus - la Seu d'Urgel Airport,La Seu d'Urgell Pyrenees and Andorra,ES-CT,42.3386,1.4092,4157
LETL,TEV,Teruel Airport,Teruel,ES-AR,40.4103,-1.2174,9268
LETO,TOJ,Madrid–Torrejón Airport / Torrejón Air Base,Madrid,ES-MD,40.4879,-3.4568,15807
LEVC,VLC,Valencia Airport,Valencia,ES-VC,39.4892,-0.481,8858
LEVD,VLL,Valladolid Airport,Valladolid,ES-CL,41.7061,-4.8519,9843
LEVT,VIT,Vitoria Airport,Alava,ES-PV,42.8828,-2.7245,11483
LEVX,VGO,Vigo Airport,Vigo,ES-GA,42.2318,-8.6268,7874
LEXJ,SDR,Seve Ballesteros-Santander Airport,Santander,ES-CB,43.4271,-3.82,7612
LEZG,ZAZ,Zaragoza Airport,Zaragoza,ES-AR,41.6662,-1.0415,12198
LEZL,SVQ,Seville Airport,Seville,ES-AN,37.418,-5.8931,11030
LFPR,,Plan-de-Dieu-Orange Airfield,"Travaillan, Vaucluse",FR-PAC,44.18,4.9189,6562
LFAC,CQF,Calais Marck Airport,Calais,FR-HDF,50.9621,1.9548,5036
LFAG,,Péronne Saint-Quentin Airfield,"Monchy-Lagache, Somme",FR-HDF,49.8689,3.0296,4560
LFAQ,BYF,Albert Bray airport,Albert,FR-HDF,49.97,2.6939,7218
LFAT,LTQ,Le Touquet-Côte d'Opale Airport,Le Touquet-Paris-Plage,FR-HDF,50.5183,1.6217,6070
LFAV,,Valenciennes-Denain Airfield,Prouvy,FR-HDF,50.3278,3.4611,5604
LFAY,,Amiens Glisy Airfield,Amiens,FR-HDF,49.873,2.3871,4265
LFBA,AGF,Agen La Garenne airport,Agen,FR-NAQ,44.1742,0.5931,7103
LFBC,,Cazaux (BA 120) Air Base,Cazaux (La Teste-de-Buch),FR-NAQ,44.5333,-1.125,7900
LFBD,BOD,Bordeaux–Mérignac Airport,Bordeaux,FR-NAQ,44.8287,-0.7154,10171
LFBE,EGC,Bergerac Dordogne-Périgord airport,Bergerac,FR-NAQ,44.8253,0.5186,7234
LFBF,,Toulouse-Francazal (BA 101) Air Base,"Toulouse/Francazal, Haute-Garonne",FR-OCC,43.5456,1.3675,5906
LFBG,CNG,Cognac-Châteaubernard (BA 709) Air Base,Cognac/Châteaubernard,FR-NAQ,45.6583,-0.3175,7949
LFBH,LRH,La Rochelle Île de Ré Airport,La Rochelle,FR-NAQ,46.1792,-1.1953,7398
LFBI,PIS,Poitiers-Biard Airport,Poitiers/Biard,FR-NAQ,46.5877,0.3067,7710
LFBK,MCU,Montluçon-Guéret Airport,"Lépaud, Creuse",FR-NAQ,46.2226,2.364,6234
LFBL,LIG,Limoges Airport,Limoges/Bellegarde,FR-NAQ,45.8628,1.1794,8202
LFBM,,Mont-de-Marsan (BA 118) Air Base,Mont-de-Marsan,FR-NAQ,43.9117,-0.5075,11821
LFBN,NIT,Niort - Marais Poitevin Airport,Niort/Souché,FR-NAQ,46.3135,-0.3945,5774
LFBO,TLS,Toulouse-Blagnac Airport,Toulouse/Blagnac,FR-OCC,43.6291,1.3638,11483
LFBP,PUF,Pau Pyrénées Airport,Pau/Pyrénées (Uzein),FR-NAQ,43.38,-0.4186,8202
LFBR,,Aérodrome de Muret - Lherm,"Muret/Lherm, Haute-Garonne",FR-OCC,43.4489,1.2633,3609
LFBT,LDE,Tarbes-Lourdes-Pyrénées Airport,Tarbes/Lourdes/Pyrénées,FR-OCC,43.1787,-0.0064,9843
LFBU,ANG,Angoulême Brie-Champniers airport,Angoulême,FR-NAQ,45.7292,0.2215,5938
LFBX,PGX,Périgueux-Bassillac Airport,Périgueux/Bassillac,FR-NAQ,45.1981,0.8156,5741
LFBZ,BIQ,Biarritz Pays Basque airport,Biarritz,FR-NAQ,43.4684,-1.5232,7382
LFCC,ZAO,Cahors Lalbenque airport,Cahors,FR-OCC,44.3514,1.4753,4921
LFCG,,Aérodrome de Saint-Girons - Antichan,Saint-Girons/Antichan,FR-OCC,43.0078,1.1032,3609
LFCH,,Aérodrome d'Arcachon-La Teste-de-Buch,Arcachon/La Teste-de-Buch,FR-NAQ,44.5964,-1.1108,4416
LFCI,LBI,Albi Le Sequestre airport,Albi,FR-OCC,43.9139,2.1131,5118
LFCK,DCM,Castres Mazamet Airport,Castres,FR-OCC,43.5563,2.2892,5988
LFCM,,Millau-Larzac Airfield,Millau/Larzac,FR-OCC,43.9893,3.183,5577
LFCR,RDZ,Rodez–Aveyron Airport,Rodez/Marcillac,FR-OCC,44.4079,2.4827,6693
LFCU,,Ussel-Thalamy Airfield,"Ussel, Corrèze",FR-NAQ,45.5357,2.4245,4429
LFCY,RYN,Royan-Médis Airport,Royan/Médis,FR-NAQ,45.6281,-0.9725,4117
LFDH,,Auch Gers Airfield,Auch,FR-OCC,43.6836,0.5997,6233
LFDI,,Libourne-Artigues-de-Lussac Airfield,Libourne/Artigues-de-Lussac,FR-NAQ,44.9835,-0.1384,3609
LFDJ,,Aérodrome de Pamiers - Les Pujols,Pamiers/Les Pujols,FR-OCC,43.0906,1.6958,4265
LFDM,,Marmande – Virazeil Airfield,Marmande,FR-NAQ,44.499,0.2005,3937
LFDN,RCO,Rochefort-Saint-Agnant (BA 721) Airport,Rochefort/Saint-Agnant,FR-NAQ,45.8878,-0.9831,7480
LFED,,Pontivy Airfield,Pontivy,FR-BRE,48.0567,-2.9208,3675
LFES,,Guiscriff Scaer Airfield,Guiscriff,FR-BRE,48.0525,-3.6647,4921
LFEY,IDY,Île d'Yeu Airport,Île d'Yeu,FR-PDL,46.7176,-2.3925,4003
LFFI,,Ancenis Airfield,Ancenis,FR-PDL,47.4081,-1.1775,3937
LFFN,,Brienne-le-Château Airfield,Saint-Christophe-Dodinicourt,FR-GES,48.4304,4.4725,8038
LFGA,CMR,Colmar Houssen airport,Colmar,FR-GES,48.1099,7.359,5282
LFGJ,DLE,Dole Tavaux Airport,Dole,FR-BFC,47.039,5.4276,7318
LFGW,,Verdun-Le Rozelier Airfield,"Sommedieue, Meuse",FR-GES,49.1224,5.4691,3675
LFHO,OBS,Aubenas-South Ardèche Airport,"Lanas, Ardèche",FR-ARA,44.5444,4.3722,4675
LFHP,LPY,Le Puy-Loudes Airfield,"Chaspuzac, Haute-Loire",FR-ARA,45.0807,3.7629,4570
LFHQ,,Saint-Flour-Coltines Airfield,Saint-Flour/Coltines,FR-ARA,45.0764,2.9936,4298
LFHS,,Bourg-Ceyzériat Airfield,Bourg/Ceyzériat,FR-ARA,46.2009,5.292,3737
LFHX,,Lapalisse - Périgny Airfield,,FR-ARA,46.2539,3.5886,3937
LFHY,,Moulins-Montbeugny Airfield,Toulon-sur-Allier,FR-ARA,46.5346,3.4237,4265
LFIF,,Saint-Affrique-Belmont Airfield,"Belmont-sur-Rance, Aveyron",FR-OCC,43.8246,2.744,4265
LFJA,,Chaumont-Semoutiers Airfield,"Villiers-le-Sec, Haute-Marne",FR-GES,48.0807,5.0477,4921
LFJB,,Mauléon Airfield,Mauléon,FR-NAQ,46.9028,-0.6978,4265
LFJL,ETZ,Metz-Nancy-Lorraine Airport,Goin,FR-GES,48.9821,6.2513,8202
LFJR,ANE,Angers Marcé airport,Angers,FR-PDL,47.5603,-0.3122,5906
LFJU,,Lurcy-Lévis Airfield,"Lurcy-Lévis, Allier",FR-ARA,46.7123,2.9448,4960
LFJY,,Chambley airfield,Chambley-Bussières,FR-GES,49.0255,5.8761,7874
LFKB,BIA,Bastia-Poretta International airport,Bastia,FR-COR,42.5527,9.4837,8266
LFKC,CLY,Calvi Sainte Catherine Airport,Calvi,FR-COR,42.5304,8.793,7579
LFKF,FSC,Figari Sud-Corse Airport,Figari,FR-COR,41.5018,9.0971,8136
LFKJ,AJA,Ajaccio Napoléon Bonaparte airport,Ajaccio,FR-COR,41.9236,8.8029,7897
LFKO,PRP,Propriano Airport,Propriano,FR-COR,41.6606,8.8897,4593
LFKS,SOZ,Solenzara (BA 126) Air Base,Solenzara,FR-COR,41.9244,9.406,8619
LFLA,AUF,Auxerre Branches airport,Auxerre,FR-BFC,47.8502,3.4971,5413
LFLB,CMF,Chambéry Aix les Bains airport,Chambéry,FR-ARA,45.6381,5.8802,6628
LFLC,CFE,Clermont-Ferrand Auvergne airport,Clermont-Ferrand,FR-ARA,45.7867,3.1692,9885
LFLD,BOU,Bourges airport,Bourges,FR-CVL,47.0602,2.3696,5085
LFLH,,Chalon Champforgeuil Airfield,Châlon sur Saône,FR-BFC,46.8258,4.8176,4725
LFLI,,Annemasse Airfield,Annemasse,FR-ARA,46.192,6.2684,4265
LFLL,LYS,Lyon Saint-Exupéry Airport,"Colombier-Saugnieu, Rhône",FR-ARA,45.726,5.0901,13124
LFLM,,Mâcon-Charnay Airfield,"Charnay-lès-Mâcon, Saône-et-Loire",FR-BFC,46.2951,4.796,4036
LFLN,SYT,Saint-Yan Airport,"L'Hôpital-le-Mercier, Saône-et-Loire",FR-BFC,46.414,4.0142,6660
LFLO,RNE,Roanne-Renaison Airport,Saint-Léger-sur-Roanne,FR-ARA,46.0538,3.999,4839
LFLP,NCY,Annecy Meythet airport,Annecy,FR-ARA,45.9289,6.0987,5348
LFLQ,,Montélimar-Ancône Airfield,"Montélimar, Drôme",FR-ARA,44.5799,4.7388,3937
LFLS,GNB,Grenoble Alpes Isère Airport,Grenoble,FR-ARA,45.3629,5.3294,10007
LFLU,VAF,Valence-Chabeuil Airport,"Chabeuil, Drôme",FR-ARA,44.9216,4.9699,6890
LFLV,VHY,Vichy-Charmeil Airport,"Charmeil, Allier",FR-ARA,46.1697,3.4036,7218
LFLW,AUR,Aurillac airport,Aurillac,FR-ARA,44.8914,2.4219,5577
LFLX,CHR,Châteauroux Déols airport,Châteauroux,FR-CVL,46.8602,1.7283,11483
LFLY,LYN,Lyon Bron Airport,"Chassieu, Lyon",FR-ARA,45.7279,4.944,5971
LFMA,,Aix Les Milles airport,Aix en Provence,FR-PAC,43.5063,5.3664,4934
LFMC,,Le Luc-Le Cannet Airfield,"Le Cannet-des-Maures, Var",FR-PAC,43.3847,6.3871,4593
LFMD,CEQ,Cannes Mandelieu Airport,Cannes,FR-PAC,43.548,6.9552,5052
LFMH,EBU,Saint-Étienne-Bouthéon Airport,"Andrézieux-Bouthéon, Loire",FR-ARA,45.5406,4.2964,7546
LFMI,,Istres-Le Tubé Air Base,"Istres, Bouches-du-Rhône",FR-PAC,43.5227,4.9238,12303
LFMK,CCF,Carcassonne Salvaza Airport,Carcassonne,FR-OCC,43.216,2.3063,6726
LFML,MRS,Marseille Provence Airport,"Marignane, Bouches-du-Rhône",FR-PAC,43.4381,5.2125,11483
LFMN,NCE,Nice-Côte d'Azur Airport,"Nice, Alpes-Maritimes",FR-PAC,43.6584,7.2159,9721
LFMO,,Orange-Caritat (BA 115) Air Base,"Orange, Vaucluse",FR-PAC,44.1405,4.8667,7909
LFMP,PGF,Perpignan-Rivesaltes (Llabanère) Airport,Perpignan/Rivesaltes,FR-OCC,42.7404,2.8707,8202
LFMQ,CTT,Le Castellet Airport,"Le Castellet, Var",FR-PAC,43.2525,5.7852,5069
LFMS,,Aérodrome d'Alès Cévennes,Alès/Deaux,FR-OCC,44.0697,4.1421,4576
LFMT,MPL,Montpellier-Méditerranée Airport,Montpellier/Méditerranée,FR-OCC,43.5762,3.963,8530
LFMU,BZR,Béziers Vias airport,Béziers,FR-OCC,43.3235,3.3539,5971
LFMV,AVN,Avignon Caumont airport,Avignon,FR-PAC,43.9073,4.9018,6168
LFMY,,Salon-de-Provence (BA 701) Air Base,Salon,FR-PAC,43.6064,5.1093,6565
LFNB,MEN,Mende-Brenoux Airfield,Mende/Brénoux,FR-OCC,44.5021,3.5328,4265
LFNH,,Edgar Soumille Airfield,"Carpentras, Vaucluse",FR-PAC,44.0277,5.0843,3937
LFOA,,Avord (BA 702) Air Base,Avord,FR-CVL,47.0533,2.6325,11493
LFOB,BVA,Beauvais-Tillé airport,Beauvais,FR-HDF,49.4544,2.1128,7972
LFOC,,Châteaudun Airfield,"Châteaudun, Eure-et-Loir",FR-CVL,48.0579,1.3793,7552
LFOD,,Aérodrome de Saumur - Saint-Florent,Saumur/Saint-Florent,FR-PDL,47.2568,-0.1151,4757
LFOE,EVX,Évreux-Fauville (BA 105) Air Base,"Fauville, Eure",FR-NOR,49.0287,1.2199,9826
LFOH,LEH,Le Havre-Octeville Airport,Le Havre,FR-NOR,49.534,0.0884,7546
LFOI,,Abbeville-Buigny Baie de Somme Airfield,Buigny-Saint-Maclou,FR-HDF,50.1435,1.8319,4101
LFOJ,,Orléans-Bricy (BA 123) Air Base,"Boulay-les-Barres, Loiret",FR-CVL,47.9878,1.7606,7887
LFOK,XCR,Chalons Vatry airport,Chalons en Champagne,FR-GES,48.7733,4.2061,12664
LFOP,URO,Rouen Vallée de Seine Airport,Boos,FR-NOR,49.3849,1.1791,5577
LFOQ,,Blois Le Breuil Airfield,Blois,FR-CVL,47.6785,1.2088,4101
LFOT,TUF,Tours Val de Loire Airport,"Tours, Indre-et-Loire",FR-CVL,47.4322,0.7276,7887
LFOU,CET,Cholet Le Pontreau airfield,Cholet,FR-PDL,47.0821,-0.8771,4528
LFOV,LVA,Laval-Entrammes Airport,"Laval, Mayenne",FR-PDL,48.0322,-0.744,5453
LFOX,,Étampes-Mondésir Airfield,"Guillerval, Essonne",FR-IDF,48.3819,2.0753,4035
LFOZ,ORE,Orléans–Saint-Denis-de-l'Hôtel Airport,"Saint-Denis-de-l'Hôtel, Loiret",FR-CVL,47.8978,2.1645,5250
LFPB,LBG,Paris-Le Bourget International Airport,Paris,FR-IDF,48.9623,2.4365,9843
LFPC,CSF,Creil Air Base,Creil,FR-HDF,49.2535,2.5191,7871
LFPG,CDG,Charles de Gaulle International Airport,"Paris (Roissy-en-France, Val-d'Oise)",FR-IDF,49.009,2.5541,13829
LFPK,,Coulommiers-Voisins Aerodrome,"Pommeuse, Seine-et-Marne",FR-IDF,48.8396,3.0087,5217
LFPM,,Melun-Villaroche Airfield,"Moissy-Cramayel, Seine-et-Marne",FR-IDF,48.6047,2.6711,6480
LFPN,TNF,Toussus-le-Noble Airport,"Toussus-le-Noble, Yvelines",FR-IDF,48.7519,2.1062,3609
LFPO,ORY,Paris-Orly Airport,"Paris (Orly, Val-de-Marne)",FR-IDF,48.7295,2.359,11975
LFPT,POX,Pontoise-Cormeilles Aerodrome,"Cormeilles-en-Vexin, Val-d'Oise",FR-IDF,49.0961,2.0355,5541
LFPV,VIY,Vélizy-Villacoublay Air Base,"Vélizy-Villacoublay, Yvelines",FR-IDF,48.7744,2.2031,5948
LFQA,,Reims-Prunay Airfield,"Prunay, Marne",FR-GES,49.2087,4.1566,3773
LFQB,,Troyes-Barberey Airport,"Barberey-Saint-Sulpice, Aube",FR-GES,48.3221,4.0167,5413
LFQE,,Lieutenant Étienne Mantoux Air Base,Rouvres-en-Woëvre,FR-GES,49.2269,5.6722,7874
LFQG,NVS,Nevers-Fourchambault Airport,"Marzy, Nièvre",FR-BFC,47.0029,3.1131,5348
LFQJ,,Maubeuge-Élesmes Airfield,"Vieux-Reng, Nord",FR-HDF,50.3105,4.0331,4265
LFQM,,Besançon La Vèze Airfield,Besançon,FR-BFC,47.2066,6.0832,4593
LFQP,,Phalsbourg-Bourscheid Air Base,Bourscheid,FR-GES,48.7662,7.2006,7205
LFQQ,LIL,Lille Airport,Lesquin,FR-HDF,50.5666,3.1024,9268
LFQT,HZB,Merville-Calonne Airport,"Merville, Nord",FR-HDF,50.6184,2.6422,6037
LFQV,,Charleville-Mézières Ardennes-Etienne Riché Airfield,Charleville-Mézières,FR-GES,49.7839,4.6471,4921
LFQW,,Vesoul-Frotey Airfield,"Frotey-lès-Vesoul, Haute-Saône",FR-BFC,47.6386,6.2044,4731
LFRB,BES,Brest Bretagne airport,Brest,FR-BRE,48.4479,-4.4185,10171
LFRC,CER,Cherbourg Manche airport,Cherbourg,FR-NOR,49.6501,-1.4703,8005
LFRD,DNR,Dinard Pleurtuit Saint-Malo airport,Dinard,FR-BRE,48.5877,-2.08,7218
LFRG,DOL,Deauville Normandie airport,Deauville,FR-NOR,49.3652,0.1545,8366
LFRH,LRT,Lorient South Brittany (Bretagne Sud) Airport,Lorient/Lann/Bihoué,FR-BRE,47.7606,-3.44,7884
LFRI,EDM,La Roche-sur-Yon Les Ajoncs Airport,La Roche-sur-Yon,FR-PDL,46.7019,-1.3786,5085
LFRJ,LDV,Landivisiau Air Base,Landivisiau,FR-BRE,48.5303,-4.1516,8858
LFRK,CFR,Caen Carpiquet airport,Caen,FR-NOR,49.1768,-0.4549,6233
LFRL,,Lanvéoc-Poulmic Air Base,Lanvéoc/Poulmic,FR-BRE,48.2817,-4.445,3635
LFRM,LME,Le Mans-Arnage Airport,"Le Mans, Sarthe",FR-PDL,47.9486,0.2017,4658
LFRN,RNS,Rennes-Saint-Jacques Airport,"Saint-Jacques-de-la-Lande, Ille-et-Vilaine",FR-BRE,48.0695,-1.7348,6890
LFRO,LAI,Lannion Airport,Lannion,FR-BRE,48.7544,-3.4717,5577
LFRQ,UIP,Quimper-Cornouaille Airport,Quimper/Pluguffan,FR-BRE,47.973,-4.1697,7054
LFRS,NTE,Nantes Atlantique Airport,Nantes,FR-PDL,47.1532,-1.6107,9514
LFRT,SBK,Saint-Brieuc-Armor Airport,"Trémuson, Côtes-d'Armor",FR-BRE,48.5386,-2.8535,7218
LFRU,MXN,Morlaix-Ploujean Airport,Morlaix/Ploujean,FR-BRE,48.6032,-3.8158,5305
LFRV,VNE,Vannes-Meucon Airport,Vannes/Meucon,FR-BRE,47.7233,-2.7186,5020
LFRZ,SNR,Saint-Nazaire-Montoir Airport,Saint-Nazaire/Montoir,FR-PDL,47.3114,-2.1526,7874
LFSB,BSL,EuroAirport Basel–Mulhouse–Freiburg,Bâle / Mulhouse,FR-GES,47.6007,7.5211,12795
LFSD,DIJ,Dijon Longvic airport,Dijon,FR-BFC,47.2689,5.09,7874
LFSG,EPL,Épinal Mirecourt Airport,Épinal,FR-GES,48.325,6.07,8858
LFSI,,Saint-Dizier – Robinson Air Base,Saint-Dizier,FR-GES,48.636,4.8994,7913
LFSL,BVE,Brive Souillac airport,Brive,FR-NAQ,45.0397,1.4856,6890
LFSM,,Montbéliard-Courcelles Airfield,Courcelles-lès-Montbéliard,FR-BFC,47.487,6.7905,5578
LFSN,ENC,Nancy-Essey Airport,"Tomblaine, Meurthe-et-Moselle",FR-GES,48.6921,6.2305,5249
LFSO,,Nancy-Ochey (BA 133) Air Base,Thuilley-aux-Groseilles,FR-GES,48.5831,5.955,7878
LFST,SXB,Strasbourg Airport,Strasbourg,FR-GES,48.5383,7.6282,7874
LFSX,,Luxeuil-Saint-Sauveur (BA 116) Air Base,Saint-Sauveur,FR-BFC,47.7877,6.3534,7982
LFTF,,Cuers-Pierrefeu Airfield,"Pierrefeu-du-Var, Var",FR-PAC,43.2476,6.1267,6471
LFTH,TLN,Toulon-Hyères Airport,"Hyères, Var",FR-PAC,43.0973,6.146,6955
LFTW,FNI,Nîmes-Arles-Camargue Airport,Nîmes/Garons,FR-OCC,43.7574,4.4164,8005
LFTZ,LTT,La Môle Airport,Saint-Tropez,FR-PAC,43.2054,6.482,3514
LFVP,FSP,Saint-Pierre Pointe-Blanche Airport,Saint-Pierre,PM-SP,46.7627,-56.175,5906
LFXA,,Ambérieu Air Base (BA 278),Ambérieu,FR-ARA,45.9873,5.3284,6562
LGTY,,Tympaki Air Base,Crete Island,GR-M,35.0637,24.7674,8900
LGAD,PYR,Andravida Air Base,Andravida,GR-G,37.9207,21.2926,10299
LGAL,AXD,Alexandroupoli Democritus Airport,Alexandroupolis,GR-A,40.8559,25.9563,8471
LGAV,ATH,Athens Eleftherios Venizelos International Airport,Spata-Artemida,GR-I,37.9364,23.9445,13123
LGAX,,Alexandria (Gidas) Airfield,Lianovergi,GR-B,40.6511,22.4887,5956
LGBL,VOL,Nea Anchialos National Airport,Nea Anchialos,GR-E,39.2196,22.7943,9052
LGEL,,Elefsis Air Base,Elefsina,GR-I,38.0638,23.556,8985
LGHI,JKH,Chios Island National Airport,Chios Island,GR-K,38.3432,26.1406,4957
LGIK,JIK,Ikaria Airport,Ikaria Island,GR-K,37.6827,26.3471,4551
LGIO,IOA,Ioannina King Pyrrhus National Airport,Ioannina,GR-D,39.6964,20.8225,7874
LGIR,HER,Heraklion International Nikos Kazantzakis Airport,Heraklion,GR-M,35.3397,25.1803,8904
LGKA,KSO,Kastoria National Airport Aristotle,Argos Orestiko,GR-C,40.4463,21.2822,8852
LGKC,KIT,Kithira Airport,Kithira Island,GR-I,36.274,23.0167,4794
LGKF,EFL,Kefallinia Airport,Kefallinia Island,GR-F,38.1201,20.5005,7992
LGKL,KLX,Kalamata Airport,Kalamata,GR-J,37.0683,22.0255,9843
LGKM,,Kavala Amygdaleon Lydia Airfield,Amygdaleonas,GR-A,40.9728,24.3414,4364
LGKO,KGS,"Kos International Airport ""Ippokratis""",Kos Island,GR-L,36.7945,27.0911,7841
LGKP,AOK,Karpathos Airport,Karpathos Island,GR-L,35.4214,27.146,7871
LGKR,CFU,Corfu Ioannis Kapodistrias International Airport,Kerkyra (Corfu),GR-F,39.6014,19.9122,7792
LGKV,KVA,Kavala Alexander the Great International Airport,Kavala,GR-A,40.9133,24.6192,9844
LGKZ,KZI,Kozani National Airport Filippos,Kozani,GR-C,40.2861,21.8408,5978
LGLM,LXS,Limnos Airport,Limnos Island,GR-K,39.9171,25.2363,9895
LGLR,LRA,Larissa Air Base,Larissa,GR-E,39.6503,22.4655,11939
LGMG,,Megara Air Base,Megara,GR-I,37.9811,23.3654,3953
LGMK,JMK,Mykonos Island National Airport,Mykonos,GR-L,37.4351,25.3481,6240
LGML,MLO,Milos Airport,Milos Island,GR-L,36.6969,24.4769,3527
LGMT,MJT,Mytilene International Airport,Mytilene,GR-K,39.0574,26.5986,7894
LGPA,PAS,Paros National Airport,Paros,GR-L,37.0205,25.1132,4593
LGPZ,PVK,Aktion National Airport,Preveza,GR-D,38.9255,20.7653,9419
LGRD,,Maritsa Air Base,Rhodes Island,GR-L,36.3831,28.1089,7874
LGRP,RHO,"Rhodes International Airport ""Diagoras""",Rhodes,GR-L,36.4054,28.0862,10846
LGRX,GPA,Patras Araxos Agamemnon Airport,Patras,GR-G,38.1511,21.4256,10997
LGSA,CHQ,Chania International Airport,Souda,GR-M,35.5312,24.1507,10982
LGSK,JSI,Skiathos Island National Airport,Skiathos,GR-E,39.1771,23.5037,5341
LGSM,SMI,Samos Airport,Samos Island,GR-K,37.69,26.9117,6706
LGSO,JSY,Syros Airport,Syros Island,GR-L,37.4228,24.9509,3542
LGSR,JTR,Santorini International Airport,Santorini Island,GR-L,36.4,25.4786,7208
LGST,JSH,Sitia Airport,Crete Island,GR-M,35.2161,26.1013,6804
LGSY,SKU,Skiros Airport,Skiros Island,GR-H,38.9676,24.4872,9849
LGTG,,Tanagra Air Base,Tanagra,GR-H,38.3398,23.565,9810
LGTP,,Tripolis Air Base,Trípoli,GR-J,37.5306,22.4036,6368
LGTS,SKG,Thessaloniki Macedonia International Airport,Thessaloniki,GR-B,40.5193,22.97,11286
LGTT,,Tatoi Airport,Tatoi,GR-I,38.1089,23.7838,5311
LGZA,ZTH,Zakynthos International Airport Dionysios Solomos,Zakynthos,GR-F,37.7509,20.8843,7310
LHBC,,Békéscsaba Airfield,Békéscsaba,HU-BE,46.6771,21.1612,4265
LHBP,BUD,Budapest Liszt Ferenc International Airport,Budapest,HU-BU,47.4302,19.2624,12162
LHDC,DEB,Debrecen International Airport,Debrecen,HU-HB,47.4895,21.6163,8196
LHKE,,Kecskemét Air Base,Kecskemét,HU-BK,46.9175,19.7492,8200
LHPA,,Pápa Air Base,Pápa,HU-VE,47.3636,17.5008,7869
LHPP,PEV,Pécs-Pogány International Airport,Pécs,HU-BA,45.9889,18.242,4922
LHPR,,Győr-Pér Airport,Győr,HU-GS,47.6284,17.8047,6660
LHSA,,Szentkirályszabadja Airfield,Szentkirályszabadja,HU-VE,47.0779,17.9684,6562
LHSM,SOB,Hévíz–Balaton Airport,Sármellék,HU-ZA,46.6864,17.1591,8202
LHSN,,Szolnok Air Base,Szolnok,HU-JN,47.1229,20.2355,6562
LHTL,,Tököl Airport,Tököl,HU-PE,47.3453,18.9808,5800
LHUD,,Szeged Airport,Szeged,HU-CS,46.2451,20.0922,3888
LIAF,,Foligno Airfield,Foligno (PG),IT-55,42.9328,12.7124,4593
LIAP,,L'Aquila–Preturo Airport,L'Aquila,IT-65,42.3799,13.3092,4623
LIBA,,Amendola Air Base,San Giovanni Rotondo (FG),IT-75,41.5384,15.7172,8727
LIBC,CRV,Crotone Sant'Anna Pythagoras Airport,Isola di Capo Rizzuto (KR),IT-78,38.9972,17.0802,6562
LIBD,BRI,Bari Karol Wojtyła International Airport,Bari,IT-75,41.1389,16.7606,9843
LIBF,FOG,Foggia Gino Lisa Airport,Foggia (FG),IT-75,41.4336,15.5346,5692
LIBG,TAR,Taranto-Grottaglie Marcello Arlotta Airport,Grottaglie,IT-75,40.5175,17.4032,10499
LIBN,LCC,Lecce Galatina Air Base / Galatina Fortunato Cesari Airport,Galatina (LE),IT-75,40.2392,18.1333,6240
LIBP,PSR,Abruzzo Airport,Pescara,IT-65,42.4311,14.183,7933
LIBR,BDS,Brindisi Airport,Brindisi,IT-75,40.6576,17.947,10000
LIBV,,Gioia del Colle Antonio Ramirez Air Base,Gioia del Colle (BA),IT-75,40.7678,16.9333,9846
LICA,SUF,Lamezia Terme Sant'Eufemia International Airport,Lamezia Terme (CZ),IT-78,38.9062,16.246,9898
LICB,CIY,Comiso Airport,Comiso,IT-82,36.9958,14.6089,8070
LICC,CTA,Catania-Fontanarossa Airport,Catania,IT-82,37.4668,15.0664,7989
LICD,LMP,Lampedusa Airport,Lampedusa,IT-82,35.4979,12.6181,5906
LICG,PNL,Pantelleria Airport,Pantelleria (TP),IT-82,36.8165,11.9689,5495
LICJ,PMO,Falcone–Borsellino Airport,Palermo,IT-82,38.176,13.091,10912
LICP,,Palermo-Boccadifalco Airport,Palermo,IT-82,38.1159,13.3134,4016
LICR,REG,Reggio Calabria Airport,Reggio Calabria,IT-78,38.0712,15.6516,6549
LICT,TPS,Vincenzo Florio Airport Trapani-Birgi,Trapani (TP),IT-82,37.9114,12.488,8852
LICZ,,Sigonella Navy Air Base,Sigonella (CT),IT-82,37.4017,14.9224,8077
LIDA,,Asiago Romeo Sartori Airfield,Asiago (VI),IT-34,45.8862,11.5159,3675
LIDE,,Reggio Emilia Airport,Reggio Emilia (RE),IT-45,44.698,10.6649,3970
LIDP,,Pavullo Airfield,Pavullo (MO),IT-45,44.3222,10.8317,3904
LIDR,RAN,Ravenna Airport,Ravenna (RA),IT-45,44.3643,12.225,3937
LIDT,,Trento-Mattarello Airport,Trento (TN),IT-32,46.0233,11.125,3707
LIEA,AHO,Alghero-Fertilia Airport,Alghero,IT-88,40.6321,8.2908,9843
LIED,DCI,Decimomannu Air Base,Decimomannu,IT-88,39.3542,8.9725,9793
LIEE,CAG,Cagliari Elmas Airport,Cagliari,IT-88,39.2515,9.0543,9196
LIEO,OLB,Olbia Costa Smeralda Airport,Olbia (SS),IT-88,40.899,9.5185,9006
LIER,FNU,Oristano-Fenosu Airport,Oristano,IT-88,39.8953,8.6427,3934
LIET,,Tortolì Airport,Arbatax,IT-88,39.9188,9.683,3898
LILE,,Biella-Cerrione Airfield,Cerrione (BI),IT-21,45.4953,8.1028,4331
LILN,,Varese-Venegono Airport,Venegono Superiore (VA),IT-25,45.7422,8.8882,4659
LIMA,,Torino-Aeritalia Airport,Torino (TO),IT-21,45.0844,7.6031,3524
LIMB,,Milano-Bresso Airfield,Bresso (MI),IT-25,45.5414,9.2022,3543
LIMC,MXP,Milan Malpensa International Airport,Ferno (VA),IT-25,45.6306,8.7281,12861
LIME,BGY,Il Caravaggio International Airport,Orio al Serio (BG),IT-25,45.6694,9.7089,9429
LIMF,TRN,Turin Airport,Caselle Torinese (TO),IT-21,45.2008,7.6496,10827
LIMG,,Riviera Villanova d'Albenga International Airport,Villanova d'Albenga (SV),IT-42,44.0506,8.1274,4698
LIMJ,GOA,Genoa Cristoforo Colombo Airport,Genova (GE),IT-42,44.412,8.8407,9564
LIML,LIN,Milano Linate Airport,Segrate (MI),IT-25,45.4451,9.2767,8012
LIMN,,Cameri Air Base,Cameri (NO),IT-21,45.5296,8.6692,9818
LIMP,PMF,Parma Airport,Parma (PR),IT-45,44.8264,10.2971,6962
LIMS,,Piacenza San Damiano Air Base,San Damiano (PC),IT-45,44.9144,9.7223,9828
LIMW,AOT,Aosta Corrado Gex Airport,Saint-Christophe (AO),IT-23,45.7386,7.3683,4088
LIMZ,CUF,Cuneo International Airport,Levaldigi (CN),IT-21,44.5475,7.623,6903
LIPA,AVB,Aviano Air Base,Aviano (PN),IT-36,46.0319,12.5965,8551
LIPB,BZO,Bolzano Airport,Bolzano (BZ),IT-32,46.4592,11.3261,5708
LIPC,,Cervia Air Base,Cervia (RA),IT-45,44.2242,12.3072,10007
LIPE,BLQ,Bologna Guglielmo Marconi Airport,Bologna,IT-45,44.5354,11.2887,9196
LIPH,TSF,Treviso Airport,Treviso (TV),IT-34,45.6484,12.1944,7941
LIPI,,Udine-Rivolto Air Base,Codroipo (UD),IT-36,45.9787,13.0493,8365
LIPK,FRL,Forlì-Luigi Ridolfi International Airport,Forlì (FC),IT-45,44.1948,12.0701,7907
LIPL,,Ghedi Air Base,Ghedi (BS),IT-25,45.4326,10.2686,9813
LIPO,VBS,Brescia Gabriele d'Annunzio Airport,Montichiari (BS),IT-25,45.4289,10.3306,9810
LIPQ,TRS,Trieste Airport,Ronchi dei Legionari/Trieste,IT-36,45.8279,13.4667,9843
LIPR,RMI,Federico Fellini International Airport,Rimini (RN),IT-45,44.02,12.6122,9828
LIPS,,Istrana Air Base,Istrana (TV),IT-34,45.6844,12.0866,9816
LIPU,,Padova Gino Allegri Airfield,Padova (PD),IT-34,45.3953,11.8471,3681
LIPX,VRN,Verona Villafranca Valerio Catullo Airport,Caselle (VR),IT-34,45.395,10.8873,10064
LIPY,AOI,Marche Airport,Falconara Marittima (AN),IT-57,43.6163,13.3623,9718
LIPZ,VCE,Venice Marco Polo Airport,Venezia (VE),IT-34,45.5053,12.3519,10827
LIQS,,Siena-Ampugnano Airport,Ampugnano (SI),IT-52,43.2549,11.2551,4570
LIRA,CIA,Ciampino–G. B. Pastine International Airport,Rome,IT-62,41.7988,12.5953,7226
LIRE,,Pratica di Mare Air Base,Pomezia (RM),IT-62,41.6545,12.4452,8138
LIRF,FCO,Rome–Fiumicino Leonardo da Vinci International Airport,Rome,IT-62,41.8045,12.252,12801
LIRG,,Guidonia Air Base,Guidonia (RM),IT-62,41.9903,12.7408,4797
LIRI,QSR,Salerno Costa d'Amalfi Airport,Salerno,IT-72,40.6204,14.9113,6437
LIRL,,Latina Air Base,Latina,IT-62,41.5424,12.909,5577
LIRM,,Grazzanise Air Base,Caserta,IT-72,41.0608,14.0819,9813
LIRN,NAP,Naples International Airport,Napoli,IT-72,40.886,14.2908,8622
LIRP,PSA,Pisa International Airport,Pisa (PI),IT-52,43.6839,10.3927,9820
LIRQ,FLR,"Florence Airport, Peretola",Firenze (FI),IT-52,43.8086,11.2028,5118
LIRS,GRS,Grosseto Corrado Baccarini Air Base / Grosseto Airport,Grosseto (GR),IT-52,42.7597,11.0719,9823
LIRU,,Rome Urbe Airport,Rome,IT-62,41.9521,12.5022,3556
LIRV,,Viterbo Airport,Viterbo,IT-62,42.4353,12.0614,4265
LIRZ,PEG,Perugia San Francesco d'Assisi – Umbria International Airport,Perugia (PG),IT-55,43.0959,12.5132,7215
LJBL,,Lesce Airfield,Lesce,SI-102,46.3572,14.1739,3707
LJCE,,Cerklje ob Krki Air Base,Cerklje ob Krki,SI-009,45.9,15.5302,9843
LJLJ,LJU,Ljubljana Jože Pučnik Airport,Zgornji Brnik,SI-012,46.2237,14.4576,10827
LJMB,MBX,Maribor Edvard Rusjan Airport,Maribor,SI-160,46.4799,15.6861,8202
LJPZ,POW,Portorož Airport,Sečovlje,SI-090,45.472,13.616,3939
LJSG,,Slovenj Gradec Airfield,Šmartno pri Slovenj Gradcu,SI-112,46.472,15.117,3950
LKCS,JCL,České Budějovice South Bohemian Airport,České Budějovice,CZ-JC,48.9482,14.4283,8202
LKCV,,Čáslav Air Base,Chotusice,CZ-ST,49.9397,15.3818,7875
LKHK,,Hradec Králové Airport,Hradec Králové,CZ-KR,50.2532,15.8452,7874
LKHV,,Hořovice Airfield,Hořovice,CZ-ST,49.8481,13.8935,3838
LKKB,,Prague–Kbely Air Base,Prague,CZ-PR,50.1214,14.5436,6562
LKKU,UHE,Kunovice Airport,Uherské Hradiště,CZ-ZL,49.0294,17.4397,6562
LKKV,KLV,Karlovy Vary Airport,Karlovy Vary,CZ-KA,50.203,12.915,7054
LKLN,,Plzeň-Líně Airport,Plzen,CZ-PL,49.6752,13.2746,4757
LKMH,HRA,Mnichovo Hradiště Airport,Mnichovo Hradiště,CZ-ST,50.5402,15.0066,5094
LKMT,OSR,Leoš Janáček Airport Ostrava,Mošnov,CZ-MO,49.6963,18.1111,11484
LKNA,,Náměšť Air Base,Sedlec,CZ-VY,49.1663,16.124,7874
LKPC,,Panensky Tynec Airfield,Panensky Tynec,CZ-US,50.3061,13.9342,8218
LKPD,PED,Pardubice Airport,Pardubice,CZ-PA,50.015,15.7398,8203
LKPM,,Příbram Airfield,Drásov,CZ-ST,49.7201,14.1006,4527
LKPO,PRV,Přerov Air Base,Přerov,CZ-OL,49.4258,17.4047,8123
LKPR,PRG,Václav Havel Airport Prague,Prague,CZ-PR,50.1009,14.2599,12189
LKTB,BRQ,Brno-Tuřany Airport,Brno,CZ-JM,49.1513,16.694,8694
LKVO,VOD,Vodochody Airport,Vodochody,CZ-ST,50.2166,14.3958,8203
LL1A,,Hatzerim Northwest Airport,Beersheba,IL-D,31.2607,34.6404,6204
LL1B,,Arad Airport,Arad,IL-D,31.2292,35.189,4593
LL59,,Palmahim Air Base,Palmahim,IL-M,31.8979,34.6908,7884
LLKZ,,Kzeiot Airport,Nitzana,IL-D,30.8594,34.4431,4905
LLBG,TLV,Ben Gurion International Airport,Tel Aviv,IL-M,32.0114,34.8867,13327
LLEK,,Tel Nof Air Base,Rehovot,IL-M,31.8395,34.8218,7880
LLES,,Ein Shemer Airfield,Ein Shemer,IL-Z,32.4408,35.0077,3990
LLEY,EIY,Ein Yahav Airfield,Sapir,IL-D,30.6217,35.2033,3943
LLFK,,Fiq Airfield,Katzrin,IL-Z,32.7864,35.7175,4265
LLHA,HFA,Uri Michaeli Haifa International Airport,Haifa,IL-HA,32.8102,35.0437,4324
LLHB,,Hatzerim Air Base,Beersheba,IL-D,31.2334,34.6626,9657
LLHS,,Hatzor Air Base,Hatzor,IL-M,31.7625,34.7272,8040
LLIB,RPN,Rosh Pina Airport,Rosh Pina,IL-Z,32.981,35.5719,3625
LLKS,KSW,Kiryat Shmona Airport,Kiryat Shmona,IL-Z,33.2163,35.5962,4423
LLMG,,Megiddo Airport,Afula,IL-Z,32.5973,35.2288,6982
LLMZ,MTZ,Bar Yehuda Airfield,Masada,IL-D,31.3282,35.3886,3937
LLNV,VTM,Nevatim Air Base,Beersheba,IL-D,31.2083,35.0123,10991
LLOV,VDA,Ovda Airport,Eilat,IL-D,29.9403,34.9358,9843
LLRD,,Ramat David Air Base,Haifa,IL-Z,32.6651,35.1795,8550
LLRM,,Ramon Air Base,Beersheba,IL-D,30.7761,34.6667,9876
LMML,MLA,Malta International Airport,Valletta,MT-25,35.8459,14.4915,10991
LOAN,,Wiener Neustadt East Airport,Wiener Neustadt,AT-3,47.8433,16.2601,3500
LOLW,,Wels Airfield,Wels,AT-4,48.1825,14.0393,4560
MMOO,LOM,Francisco Primo de Verdad y Ramos Airport,Lagos de Moreno,MX-JAL,21.259,-101.9438,6958
LOWG,GRZ,Graz Airport,Feldkirchen bei Graz,AT-6,46.9911,15.4396,9842
LOWI,INN,Innsbruck Airport,Innsbruck,AT-7,47.2602,11.344,6562
LOWK,KLU,Klagenfurt Airport,Klagenfurt am Wörthersee,AT-2,46.6425,14.3377,8924
LOWL,LNZ,Linz-Hörsching Airport,Linz,AT-4,48.2354,14.1881,9843
LOWS,SZG,Salzburg Airport,Salzburg,AT-5,47.7933,13.0043,9022
LOWW,VIE,Vienna International Airport,Vienna,AT-9,48.1103,16.5697,11811
LOXT,,Brumowski  Air Base,Tulln an der Donau,AT-3,48.3192,16.114,4593
LOXZ,,Hinterstoisser Air Base,Zeltweg,AT-6,47.2028,14.7442,9022
LP77,,Military Airfield of Santa Margarida,Constância,PT-14,39.4024,-8.2891,4085
LPAR,,Alverca Air Base,Vila Franca de Xira,PT-11,38.8833,-9.0301,9810
LPAV,,São Jacinto Airfield,Aveiro,PT-01,40.6567,-8.7415,4593
LPAZ,SMA,Santa Maria Airport,Vila do Porto,PT-20,36.9714,-25.1706,10000
LPBG,BGC,Bragança Airport,Bragança,PT-04,41.8578,-6.7071,5600
LPBJ,BYJ,Beja Airport / Airbase,Beja,PT-02,38.0789,-7.9324,11319
LPCB,,Aerodromo de Castelo Branco,Castelo Branco,PT-05,39.8445,-7.4399,4790
LPCS,CAT,Cascais Airport,Cascais,PT-11,38.725,-9.3552,4593
LPEV,,Évora Airfield,Évora,PT-07,38.5335,-7.8896,4265
LPFL,FLW,Flores Airport,Santa Cruz das Flores,PT-20,39.4553,-31.1314,4593
LPFR,FAO,Faro - Gago Coutinho International Airport,Faro,PT-08,37.0159,-7.9709,8169
LPGR,GRW,Graciosa Airport,Santa Cruz da Graciosa,PT-20,39.0922,-28.0298,4529
LPHR,HOR,Horta Airport,Horta,PT-20,38.5199,-28.7159,5233
LPLA,TER,Lajes Airport,Praia da Vitória,PT-20,38.7618,-27.0908,10870
LPMA,FNC,Cristiano Ronaldo International Airport,Funchal,PT-30,32.6978,-16.7746,9110
LPMO,,Morargil Airfield,Mora,PT-07,38.9935,-8.142,3600
LPMR,,Monte Real Air Base,,PT-10,39.8283,-8.8875,9816
LPMT,,Montijo Air Base,Montijo,PT-15,38.7093,-9.0337,8005
LPOV,,Ovar Air Base,Ovar,PT-01,40.9159,-8.6459,8005
LPPD,PDL,João Paulo II Airport,Ponta Delgada,PT-20,37.7412,-25.6979,8192
LPPI,PIX,Pico Airport,Pico Island,PT-20,38.5543,-28.4413,5725
LPPR,OPO,Francisco de Sá Carneiro Airport,Porto,PT-13,41.2481,-8.6814,11417
LPPS,PXO,Porto Santo Airport,Vila Baleira,PT-30,33.0734,-16.35,9861
LPPT,LIS,Lisbon Humberto Delgado Airport,Lisbon,PT-11,38.7813,-9.1359,12500
LPSJ,SJZ,São Jorge Airport,Velas,PT-20,38.6655,-28.1758,4633
LPSO,,Aeródromo Municipal de Ponte de Sor,Ponte de Sor,PT-12,39.2115,-8.0578,5906
LPST,,Sintra Air Base,Sintra,PT-11,38.8311,-9.3395,5906
LPTN,,Tancos Airbase,Tancos,PT-14,39.4751,-8.3646,7530
LPVL,,Vilar de Luz Airfield,Maia,PT-13,41.2773,-8.5162,5606
LPVZ,VSE,Aerodromo Goncalves Lobato (Viseu Airport),Viseu,PT-18,40.7255,-7.889,4035
LQBK,BNX,Banja Luka International Airport,Mahovljani,BA-SRP,44.9414,17.2975,8202
LQMO,OMO,Mostar International Airport,Mostar,BA-BIH,43.2825,17.8461,7874
LQSA,SJJ,Sarajevo International Airport,Sarajevo,BA-BIH,43.8246,18.3315,8666
LQTZ,TZL,Tuzla International Airport,Dubrave Gornje,BA-BIH,44.4599,18.7236,8152
LRFT,,Feteşti Borcea Air Base,Borcea,RO-CL,44.3923,27.7267,8202
LRBO,,Boboc Air Base,Boboc,RO-BZ,45.2164,26.9786,8202
LRAR,ARW,Arad International Airport,Arad,RO-AR,46.1761,21.2643,6562
LRBC,BCM,Bacău George Enescu International  Airport,Bacău,RO-BC,46.5219,26.9103,8203
LRBM,BAY,Maramureș International Airport,Tăuții-Măgherăuș,RO-MM,47.6584,23.4644,7054
LRBS,BBU,Bucharest Băneasa Aurel Vlaicu International Airport,Bucharest,RO-B,44.5031,26.1029,10499
LRBV,GHV,Brașov-Ghimbav International Airport,Brașov (Ghimbav),RO-BV,45.7056,25.5229,9252
LRCK,CND,Mihail Kogălniceanu International Airport,Constanța,RO-CT,44.3622,28.4883,11483
LRCL,CLJ,Avram Iancu Cluj International Airport,Cluj-Napoca,RO-CJ,46.786,23.6857,6693
LRCS,CSB,Caransebeş Airport,Caransebeş,RO-CS,45.4201,22.2525,6562
LRCT,,Câmpia Turzii Air Base,Câmpia Turzii,RO-CJ,46.5023,23.8859,8202
LRCV,CRA,Craiova International Airport,Craiova,RO-DJ,44.3181,23.8886,8203
LRIA,IAS,Iaşi International Airport,Iaşi,RO-IS,47.1796,27.6214,7874
LROD,OMR,Oradea International Airport,Oradea,RO-BH,47.0253,21.9025,8267
LROP,OTP,Bucharest Henri Coandă International Airport,Otopeni,RO-IF,44.5718,26.1033,11484
LRSB,SBZ,Sibiu International Airport,Sibiu,RO-SB,45.7858,24.0867,8629
LRSM,SUJ,Satu Mare International Airport,Satu Mare,RO-SM,47.7033,22.8857,8160
LRSV,SCV,Suceava Ștefan cel Mare International Airport,Suceava,RO-SV,47.6875,26.3541,8070
LRTC,TCE,Tulcea Danube Delta Airport,Mihail Kogălniceanu,RO-TL,45.0625,28.7143,6517
LRTM,TGM,Târgu Mureş Transilvania International Airport,Recea,RO-MS,46.4677,24.4125,6562
LRTR,TSR,Timișoara Traian Vuia International Airport,Timişoara,RO-TM,45.8099,21.3379,11483
LS70,,Lake Air Service-Pine Island Airport,Jennings,US-LA,30.3406,-92.737,3875
LSGC,,Les Eplatures Airport,La Chaux-de-Fonds,CH-NE,47.0839,6.7928,3707
LSGG,GVA,Geneva International Airport,Geneva,CH-GE,46.2381,6.109,12795
LSGK,,Saanen Airfield,Saanen,CH-BE,46.4865,7.2484,4810
LSGS,SIR,Sion Airport,Sion,CH-VS,46.2192,7.3269,6562
LSMA,,Alpnach Air Base,Alpnach,CH-OW,46.9439,8.2842,4914
LSMD,,Dübendorf Air Base,Zurich,CH-ZH,47.3986,8.6482,7726
LSME,EML,Emmen Air Base,Emmen,CH-LU,47.0924,8.3052,8208
LSMM,,Meiringen Air Base,Meiringen,CH-BE,46.7423,8.1089,6571
LSMP,VIP,Payerne Air Base,Payerne,CH-FR,46.8432,6.9151,9376
LSPM,,Ambri Airport,Quinto,CH-TI,46.5125,8.6898,4060
LSTS,,Sankt Stephan Airfield,Sankt Stephan,CH-BE,46.4974,7.4126,5708
LSZA,LUG,Lugano Airport,Agno,CH-TI,46.0043,8.9106,4642
LSZB,BRN,Bern Airport,Bern,CH-BE,46.9127,7.4988,5676
LSZC,BXO,Buochs Airport,Buochs,CH-NW,46.9744,8.3969,6561
LSZH,ZRH,Zürich Airport,Zurich,CH-ZH,47.4581,8.5481,12139
LSZM,,Mollis Airfield,Mollis,CH-GL,47.0784,9.0647,5905
LSZR,ACH,Sankt Gallen Altenrhein Airport,St. Gallen,CH-SG,47.485,9.5608,4774
LSZS,SMV,Engadin Airport,Samedan,CH-GR,46.5341,9.8841,5905
LTAB,,Güvercinlik Airport,Ankara,TR-06,39.935,32.7408,6608
LTAC,ESB,Esenboğa International Airport,Ankara,TR-06,40.1281,32.9951,12303
LTAD,ANK,Etimesgut Air Base,Ankara,TR-06,39.9498,32.6886,9045
LTAE,,Akıncı Air Base,Ankara,TR-06,40.0789,32.5656,10991
LTAF,ADA,Adana Şakirpaşa Airport,Seyhan,TR-01,36.9822,35.2804,9022
LTAG,UAB,İncirlik Air Base,Sarıçam,TR-01,37.0021,35.4259,10000
LTAH,AFY,Afyon Air Base,Afyonkarahisar,TR-03,38.7264,30.6011,12008
LTAI,AYT,Antalya International Airport,Antalya,TR-07,36.8987,30.8005,11155
LTAJ,GZT,Gaziantep Oğuzeli International Airport,Gaziantep,TR-27,36.9472,37.4787,9842
LTAL,KFS,Kastamonu Airport,Kastamonu,TR-37,41.3142,33.7958,7382
LTAN,KYA,Konya Airport,Konya,TR-42,37.979,32.5619,10990
LTAO,,Malatya Tulga Airport,Malatya,TR-44,38.3537,38.2539,7874
LTAP,MZH,Amasya Merzifon Airport,Amasya,TR-05,40.8294,35.522,9600
LTAR,VAS,Sivas Nuri Demirağ Airport,Sivas,TR-58,39.8138,36.9035,12503
LTAS,ONQ,Zonguldak Çaycuma Airport,Zonguldak,TR-67,41.5064,32.0886,6991
LTAT,MLX,Malatya Erhaç Airport,Malatya,TR-44,38.4353,38.091,10990
LTAU,ASR,Kayseri Erkilet International Airport,Kayseri,TR-38,38.7704,35.4954,9841
LTAV,,Sivrihisar Airport,Sivrihisar,TR-26,39.4515,31.3653,11156
LTAW,TJK,Tokat Airport,Tokat,TR-60,40.3247,36.3906,8858
LTAY,DNZ,Çardak Airport,Denizli,TR-20,37.7856,29.7013,9842
LTAZ,NAV,Nevşehir Kapadokya Airport,Nevşehir,TR-50,38.7719,34.5345,9842
LTBA,ISL,İstanbul Atatürk Airport,Istanbul(Bakırköy),TR-34,40.9719,28.8237,8530
LTBD,CII,Aydın Çıldır Airport,Aydın,TR-09,37.8154,27.8876,4708
LTBF,BZI,Balıkesir Airport,Balıkesir,TR-10,39.6193,27.926,9810
LTBG,BDM,Bandırma Airport,Bandırma,TR-10,40.318,27.9777,9875
LTBH,CKZ,Çanakkale Airport,Çanakkale,TR-17,40.1377,26.4268,7710
LTBI,ESK,Eskişehir Air Base,Eskişehir,TR-26,39.7841,30.5821,10006
LTBJ,ADB,Adnan Menderes International Airport,Gaziemir,TR-35,38.2924,27.157,10630
LTBK,,Gaziemir Air Base,Gaziemir,TR-35,38.3191,27.1594,4453
LTBL,IGL,Çiğli Airbase,Çiğli,TR-35,38.513,27.0101,9821
LTBN,,Kütahya Airport,Kütahya,TR-43,39.4267,30.0169,4950
LTBO,USQ,Uşak Airport,Uşak,TR-64,38.6815,29.4717,8390
LTBP,,Yalova Air Base,Çiftlikköy,TR-77,40.6863,29.3771,4603
LTBQ,KCO,Cengiz Topel Airport,Kartepe,TR-41,40.735,30.0833,9842
LTBR,YEI,Bursa Yenişehir Airport,Yenişehir,TR-16,40.2552,29.5626,9818
LTBS,DLM,Dalaman International Airport,Dalaman,TR-48,36.7131,28.7925,9842
LTBT,,Akhisar Airport / Akhisar Air Base,Akhisar,TR-45,38.8089,27.8339,9815
LTBU,TEQ,Tekirdağ Çorlu Airport,Çorlu,TR-59,41.1382,27.9191,9844
LTBV,BXN,Bodrum-Imsık Airport,Bodrum,TR-48,37.1401,27.6697,5151
LTBX,,İstanbul Samandıra Army Air Base,"Ümraniye, Istanbul",TR-34,40.993,29.2165,4528
LTBY,AOE,Hasan Polatkan Airport,Eskişehir,TR-26,39.8116,30.5193,8261
LTBZ,KZR,Zafer Airport,Altıntaş,TR-43,39.1111,30.1304,9843
LTCA,EZS,Elazığ Airport,Elazığ,TR-23,38.598,39.2835,9843
LTCB,OGU,Ordu–Giresun Airport,Ordu,TR-52,40.9669,38.086,9848
LTCC,DIY,Diyarbakır Airport,Diyarbakır,TR-21,37.8939,40.201,11644
LTCD,ERC,Erzincan Airport,Erzincan,TR-24,39.7102,39.527,9843
LTCE,ERZ,Erzurum International Airport,Erzurum,TR-25,39.9565,41.1702,12500
LTCF,KSY,Kars Airport,Kars,TR-36,40.5622,43.115,11483
LTCG,TZX,Trabzon International Airport,Trabzon,TR-61,40.9951,39.7897,8661
LTCI,VAN,Van Ferit Melen Airport,Van,TR-65,38.4682,43.3323,9022
LTCJ,BAL,Batman Airport,Batman,TR-72,37.929,41.1166,10000
LTCK,MSR,Muş Airport,Muş,TR-49,38.7478,41.6612,11649
LTCL,SXZ,Siirt Airport,Siirt,TR-56,37.9789,41.8404,5905
LTCM,NOP,Sinop Airport,Sinop,TR-57,42.0183,35.0718,6482
LTCN,KCM,Kahramanmaraş Airport,Kahramanmaraş,TR-46,37.5388,36.9535,7546
LTCO,AJI,Ağrı Airport,Ağrı,TR-04,39.6556,43.0257,9843
LTCP,ADF,Adıyaman Airport,Adıyaman,TR-02,37.7314,38.4689,8153
LTCR,MQM,Mardin Airport,Mardin,TR-47,37.2233,40.6317,8204
LTCS,GNY,Şanlıurfa GAP Airport,Şanlıurfa,TR-63,37.4457,38.8956,13123
LTCT,IGD,Iğdır Airport,Iğdır,TR-76,39.9766,43.8766,9843
LTCU,BGG,Bingöl Airport,Bingöl,TR-12,38.8601,40.5945,7546
LTCV,NKT,Şırnak Şerafettin Elçi Airport,Şırnak,TR-73,37.3647,42.0582,9843
LTCW,YKO,Hakkari Yüksekova Airport,Hakkari,TR-30,37.5497,44.2381,10499
LTDA,HTY,Hatay Airport,Antakya,TR-31,36.3608,36.2856,6830
LTDB,COV,Çukurova International Airport,Tarsus,TR-33,36.8915,35.0712,11482
LTFA,,Kaklıç Airport,Çiğli,TR-35,38.5176,26.9774,9844
LTFB,IZM,Selçuk Efes Airport,Selçuk,TR-35,37.9507,27.329,5151
LTFC,ISE,Süleyman Demirel International Airport,Isparta,TR-32,37.8554,30.3684,9843
LTFD,EDO,Balıkesir Koca Seyit Airport,Edremit,TR-10,39.5525,27.0102,9842
LTFE,BJV,Milas Bodrum International Airport,Bodrum,TR-48,37.2493,27.664,9843
LTFG,GZP,Gazipaşa-Alanya Airport,Gazipaşa,TR-07,36.2988,32.297,7710
LTFH,SZF,Samsun-Çarşamba Airport,Samsun,TR-55,41.254,36.5675,9843
LTFJ,SAW,Istanbul Sabiha Gökçen International Airport,"Pendik, Istanbul",TR-34,40.8986,29.3092,11614
LTFK,GKD,Gökçeada Airport,Gökçeada,TR-17,40.2045,25.8833,3915
LTFM,IST,İstanbul Airport,Istanbul,TR-34,41.2749,28.7321,13451
LTFO,RZV,Rize–Artvin Airport,Rize,TR-53,41.1798,40.8488,9843
LUBL,BZY,Bălți-Leadoveni International Airport,Bălți,MD-RS,47.8377,27.7811,7251
LUBM,,Mărculești Air Base,Mărculeşti,MD-FR,47.8627,28.2128,8235
LUKK,RMO,Chişinău International Airport,Chişinău,MD-CU,46.9277,28.9317,11778
LWOH,OHD,Ohrid St. Paul the Apostle Airport,Ohrid,MK-003,41.18,20.7423,8366
LWSK,SKP,Skopje International Airport,Ilinden,MK-008,41.9581,21.6226,9678
LXGB,GIB,Gibraltar Airport,Gibraltar,GI-U-A,36.1517,-5.3498,6000
HLBK,,Kambut Airport,Kambut,LY-BU,31.8345,24.6061,5906
LY87,,Kovin Airstrip,Kovin,RS-04,44.7743,20.9613,7165
LYBO,,Bor Airport,Bor,RS-14,44.0182,22.1371,3562
LYBE,BEG,Belgrade Nikola Tesla Airport,Belgrade,RS-00,44.8184,20.3091,11483
LYBT,BJY,Batajnica Air Base,Zemun,RS-00,44.9353,20.2575,8181
LYKV,KVO,Morava Airport,Kraljevo,RS-18,43.8175,20.5867,7431
LYNI,INI,Niš Constantine the Great Airport,Niš,RS-20,43.3365,21.8562,8202
LYPG,TGD,Podgorica Airport / Podgorica Golubovci Airbase,Podgorica,ME-16,42.3594,19.2519,8202
LYTV,TIV,Tivat Airport,Tivat,ME-19,42.4047,18.7233,8208
LYUZ,UZC,Ponikve Airport,Stapari,RS-16,43.8989,19.6977,10130
ZULA,LZG,Langzhong Gucheng Airport,Nanchong (Langzhong),CN-51,31.5019,106.0344,11811
LZIB,BTS,M. R. Štefánik Airport,Bratislava,SK-BL,48.1702,17.2127,10466
LZKZ,KSC,Košice International Airport,Košice,SK-KI,48.6631,21.2411,10171
LZMC,,Malacky/Kuchyňa Air Base,Kuchyňa,SK-BL,48.402,17.1184,8202
LZPP,PZY,Piešťany Airport,Piešťany,SK-TA,48.6252,17.8284,6562
LZSL,SLD,Sliač Airport,Sliač,SK-BC,48.6378,19.1341,7874
LZTN,,Trenčín Airfield,Trenčín,SK-TC,48.8652,18.0001,6562
LZTT,TAT,Poprad-Tatry Airport,Poprad,SK-PV,49.071,20.2414,8530
LZZI,ILZ,Žilina-Dolný Hričov Airport,Dolný Hričov,SK-ZI,49.2333,18.6134,3773
KSYM,,Morehead-Rowan County Clyde A. Thomas Regional Airport,Morehead,US-KY,38.215,-83.5876,5500
MBGT,GDT,JAGS McCartney International Airport,Cockburn Town,TC-GT,21.4445,-71.1423,6362
MBNC,NCA,North Caicos Airport,North Caicos,TC-NC,21.9161,-71.943,4245
MBPV,PLS,Providenciales International Airport,Providenciales,TC-PR,21.7737,-72.2683,9199
MBSC,XSC,South Caicos Airport,South Caicos,TC-SC,21.5157,-71.5285,6335
MD99,,Moran Field,Westernport,US-MD,39.5006,-79.0723,4000
MDAB,,Arroyo Barril Airport,Arroyo Barril,DO-20,19.1985,-69.4298,3830
MDBH,BRX,Maria Montez International Airport,Barahona,DO-04,18.2515,-71.1204,9843
MDCR,CBJ,Cabo Rojo Airport,Cabo Rojo,DO-16,17.929,-71.6448,4950
MDCY,AZS,Samaná El Catey International Airport,Samana,DO-20,19.2693,-69.7374,9843
MDJB,JBQ,La Isabela International Airport,La Isabela,DO-01,18.5725,-69.9856,5412
MDLR,LRM,Casa De Campo International Airport,La Romana,DO-12,18.4522,-68.9111,9678
MDPC,PUJ,Punta Cana International Airport,Punta Cana,DO-11,18.5671,-68.3646,10171
MDPP,POP,Gregorio Luperon International Airport,Puerto Plata,DO-18,19.7579,-70.57,10108
MDSD,SDQ,Las Américas International Airport,Santo Domingo,DO-01,18.4297,-69.6689,11000
MDSI,,San Isidro Air Base,San Isidro,DO-01,18.5037,-69.7617,7000
MDST,STI,Cibao International Airport,Santiago,DO-25,19.4041,-70.6044,8595
ME64,,Skydive Lebanon Airport,West Lebanon,US-ME,43.375,-70.9292,4000
MGFB,,Fray Bartolome Airport,El Achiotal,GT-AV,15.8041,-89.8507,3919
MGGT,GUA,La Aurora International Airport,Guatemala City,GT-GU,14.5829,-90.5275,9800
MGPB,PBR,Puerto Barrios Airport,Puerto Barrios,GT-IZ,15.7309,-88.5838,8880
MGQC,AQB,Quiché Airport,Santa Cruz del Quiché,GT-QC,15.0122,-91.1506,4090
MGQZ,AAZ,Quezaltenango Airport,Quezaltenango,GT-QZ,14.8656,-91.502,6900
MGRB,RUV,Rubelsanto Airport,Rubelsanto,GT-AV,15.992,-90.4453,4690
MGRT,RER,Retalhuleu Airport,Retalhuleu,GT-RE,14.5214,-91.697,5065
MGSJ,GSJ,San José Airport,Puerto San José,GT-ES,13.9362,-90.8358,6595
MGMM,FRS,Mundo Maya International Airport,San Benito,GT-PE,16.9137,-89.8661,9842
MHCA,,Catacamas Airport,Catacamas,HN-OL,14.917,-85.9,5075
MHGE,CAA,El Aguacate Airport,El Aguacate,HN-OL,14.875,-85.7761,5052
MHLC,LCE,Golosón International Airport,La Ceiba,HN-AT,15.7425,-86.853,9875
MHLM,SAP,Ramón Villeda Morales International Airport,San Pedro Sula,HN-CR,15.4526,-87.9236,9203
MHNJ,GJA,La Laguna Airport,Guanaja,HN-IB,16.4454,-85.9066,3990
MHRO,RTB,Juan Manuel Gálvez International Airport,Coxen Hole,HN-IB,16.3168,-86.523,7349
MHPR,XPL,Palmerola International Airport,Palmerola,HN-CM,14.3824,-87.6212,8064
MHTE,TEA,Tela Airport,Tela,HN-AT,15.7759,-87.4758,4415
MHTG,TGU,Toncontín Airport,Tegucigalpa,HN-FM,14.0609,-87.2172,6112
MHTJ,TJI,Trujillo Airport,Trujillo,HN-CL,15.9266,-85.9386,3515
MKBS,OCJ,Ian Fleming International Airport,Boscobel,JM-05,18.4041,-76.9698,4769
MKJP,KIN,Norman Manley International Airport,Kingston,JM-01,17.9357,-76.7875,8900
MKJS,MBJ,Sangster International Airport,Montego Bay,JM-08,18.5034,-77.9132,10039
MKTP,KTP,Tinson Pen Airport,Tinson Pen,JM-02,17.9886,-76.8238,4300
MMCD,,Isla Cedros Airport,Cedros Island,MX-BCN,28.039,-115.1894,4660
MM11,,El Durangueño Airport,Canatlan,MX-DUR,24.4183,-104.886,5104
MM12,,Bacubirito Airport,Sinaloa de Leyva,MX-SIN,25.8157,-107.908,4565
MM13,,Camargo Airport,Santa Rosalia de Camargo,MX-CHH,27.5989,-105.104,6035
MM16,,General Jesús Agustín Castro Airport,Ciudad Lerdo,MX-DUR,25.5265,-103.518,6900
MM20,,Ingeniero Juan Antonio Perdomo Díaz Airport,Córdoba,MX-VER,18.8732,-96.9573,4090
MM22,,La Pesca Airport,Soto La Marina,MX-TAM,23.8022,-97.7737,6775
MM23,,Rancho Santa Ynés Airport,San Quintín,MX-BCN,29.7266,-114.7,3834
MM25,,Capitán Piloto Aviador José Covarrubias Pérez Airport,Ciudad Guzman,MX-JAL,19.7085,-103.49,5000
MM30,,El Tapacal Airport,Licenciado Benito Juárez,MX-SIN,24.6585,-107.552,4340
MM31,,Fausto Vega Santander Airport,Túxpam de Rodríguez Cano,MX-VER,20.9468,-97.3751,4640
MM32,,Puerto Libertad North Airport,Pitiquito,MX-SON,29.9296,-112.656,6598
MM35,,Santa Barbara Municipal Airport,Pungarabato,MX-GRO,18.3262,-100.6316,5251
MM36,,Rancho San Salvador Northeast Airport,,MX-NLE,26.6785,-100.171,5265
MM37,,San Lorenzo Airport,Parras de La Fuente,MX-COA,25.506,-102.202,6710
MMPD,,Base Nº7 de la Fuerza Aérea Mexicana (Gustavo G. León González),Ciudad de Acapulco,MX-GRO,16.9107,-99.9883,7612
MM42,,Múzquiz Airport,Múzquiz,MX-COA,27.8563,-101.526,3997
MM47,,Jaujilla - Zacapu Municipal Airport,Zacapu,MX-MIC,19.8515,-101.752,5510
MM48,,Ciudad Pemex Airport,,MX-TAB,17.8801,-92.4757,5000
MM50,,Cosalá Airport,Cosalá,MX-SIN,24.4201,-106.6989,3894
MM51,,Rancho Guadalupe South Airport,,MX-COA,26.6356,-100.89,4193
MM52,,Camaguey-Campo Cuatro Milpas Airport,Guasave,MX-SIN,25.6522,-108.538,6460
MM53,,Nuevo Dolores Airport,Abasolo,MX-TAM,24.0611,-98.416,5142
MM54,,Rancho Marina Vieja Airport,Soto La Marina,MX-TAM,23.7381,-98.0612,4100
MM56,,Xicoténcatl Airport,Xicoténcatl,MX-TAM,22.9538,-98.9599,4169
MM63,,Autlán Airport,Autlán de Navarro,MX-JAL,19.7453,-104.337,5590
MM64,,Constitutionalist Airport,Cuatro Cienegas de Carranza,MX-COA,26.9904,-102.033,4100
MM65,,La Calera Airport,Agua Prieta,MX-SON,31.2523,-109.608,4950
MM66,,Coahuayana Airport,,MX-MIC,18.6846,-103.676,4930
MM67,,Engineer Manuel Moreno Torres National Airport,Matehuala,MX-SLP,23.6766,-100.623,6570
MM68,,Mina Hercules Airport,Sierra Mojada,MX-COA,28.0366,-103.771,6455
MM69,,Tasícuri-Magdalena de Kino / Rodolfo Soto Bartell Airport,Magdalena de Kino,MX-SON,30.6743,-110.9322,4741
MM72,TZM,Aeródromo de Cupul,Tizimin,MX-YUC,21.1557,-88.1729,5780
MM73,,Huetamo Airport,Huetamo,MX-MIC,18.5274,-100.851,5365
MM79,,El Fuerte Airport,El Fuerte,MX-SIN,26.3982,-108.612,4290
MM80,,Rancho La Milpita Airport,Nacozari de García,MX-SON,30.4809,-109.644,8170
MM81,,Estación Aeronaval de Isla Socorro,Archipiélago de Revillagigedo,MX-COL,18.7759,-110.931,4085
MM82,,Laguna Del Rey Airport,,MX-COA,27.0238,-103.375,4935
MM84,,Parral Airport,Hidalgo Del Parral,MX-CHH,26.9221,-105.782,4375
MMAA,ACA,General Juan N. Álvarez International Airport,Acapulco,MX-GRO,16.7571,-99.7531,10832
MMAL,,Agualeguas National Airport,Agualeguas,MX-NLE,26.334,-99.5424,9350
MMAN,NTR,Del Norte International Airport,Monterrey,MX-NLE,25.8656,-100.237,6598
MMAS,AGU,Aguascalientes International Airport,Aguascalientes,MX-AGU,21.6996,-102.3184,9843
MMBT,HUX,Bahías de Huatulco International Airport,Huatulco,MX-OAX,15.7754,-96.2605,8858
MMCA,CNA,Cananea National Airport,Cananea,MX-SON,31.0662,-110.0979,5520
MMCB,CVJ,General Mariano Matamoros International Airport,Temixco,MX-MOR,18.8339,-99.2618,9180
MMCC,ACN,Ciudad Acuña International Airport,Ciudad Acuña,MX-COA,29.3337,-101.1006,5910
MMCE,CME,Ciudad del Carmen International Airport,Ciudad del Carmen,MX-CAM,18.6515,-91.7994,7218
MMCG,NCG,Aeropuerto Municipal de Nuevo Casas Grandes,Nuevo Casas Grandes,MX-CHH,30.3974,-107.875,6075
MMCH,,Chilpancingo National Airport,Chilpancingo,MX-GRO,17.5741,-99.5154,4615
MMCL,CUL,Bachigualato Federal International Airport,Culiacán,MX-SIN,24.765,-107.4752,7365
MMCM,CTM,Chetumal International Airport,Chetumal,MX-ROO,18.505,-88.328,7244
MMCN,CEN,Ciudad Obregón International Airport,Ciudad Obregón,MX-SON,27.3926,-109.833,7546
MMCP,CPE,Ingeniero Alberto Acuña Ongay International Airport,Campeche,MX-CAM,19.816,-90.5001,8202
MMCS,CJS,Abraham González International Airport,Ciudad Juárez,MX-CHH,31.6367,-106.4285,8858
MMCT,CZA,Chichén Itzá International Airport,Tinúm,MX-YUC,20.6413,-88.4462,9186
MMCU,CUU,General Roberto Fierro Villalobos International Airport,Chihuahua,MX-CHH,28.7026,-105.9638,8530
MMCV,CVM,General Pedro Jose Mendez International Airport,Ciudad Victoria,MX-TAM,23.7033,-98.9565,7218
MMCY,CYW,Captain Rogelio Castillo National Airport,Celaya,MX-GUA,20.546,-100.8865,6284
MMCZ,CZM,Cozumel International Airport,Cozumel,MX-ROO,20.5149,-86.9285,8858
MMDO,DGO,General Guadalupe Victoria International Airport,Durango,MX-DUR,24.1255,-104.5279,9514
MMEP,TPQ,Amado Nervo National Airport,Tepic,MX-NAY,21.4198,-104.8425,10171
MMES,ESE,Ensenada International Airport / El Ciprés Air Base,Ensenada,MX-BCN,31.7945,-116.6024,4892
MMGD,,Aeródromo Isla Guadalupe,Ensenada (Isla Guadalupe),MX-BCN,29.0241,-118.272,3900
MMGL,GDL,Guadalajara International Airport,Guadalajara,MX-JAL,20.5233,-103.3101,13123
MMGM,GYM,General José María Yáñez International Airport,Guaymas,MX-SON,27.969,-110.925,7710
MMGR,GUB,Guerrero Negro Airport,San Quintín,MX-BCN,28.0261,-114.024,7216
MMHC,TCN,Tehuacán National Airport,Tehuacán,MX-PUE,18.4972,-97.4201,6530
MMHO,HMO,General Ignacio L. Pesqueira International Airport,Hermosillo,MX-SON,29.0928,-111.053,7546
MMIA,CLQ,Licenciado Miguel de la Madrid International Airport,Colima,MX-COL,19.277,-103.577,7546
MMIO,SLW,Plan de Guadalupe International Airport,Saltillo,MX-COA,25.5379,-100.9283,9506
MMIT,IZT,General Antonio Cárdenas Rodríguez National Airport / Ixtepec Air Base,Ixtepec,MX-OAX,16.446,-95.0937,7640
MMJA,JAL,El Lencero Airport,Emiliano Zapata,MX-VER,19.4751,-96.797,5577
MMJC,AZP,Jorge Jiménez Cantú National Airport,Atizapán de Zaragoza,MX-MEX,19.5742,-99.2912,4265
MMLC,LZC,Lázaro Cárdenas Airport,Lázaro Cárdenas,MX-MIC,18.0017,-102.2203,4900
MMLM,LMM,Valle del Fuerte International Airport,Los Mochis,MX-SIN,25.6855,-109.0812,6562
MMLO,BJX,Guanajuato International Airport,Silao,MX-GUA,20.9927,-101.4803,11483
MMLP,LAP,Manuel Márquez de León International Airport,La Paz,MX-BCS,24.0723,-110.3627,8202
MMLT,LTO,Loreto International Airport,Loreto,MX-BCS,25.9895,-111.3484,7218
MMMA,MAM,General Servando Canales International Airport,Matamoros,MX-TAM,25.7699,-97.5253,7546
MMMD,MID,Manuel Crescencio Rejón International Airport,Mérida,MX-YUC,20.9305,-89.6455,10499
MMML,MXL,General Rodolfo Sánchez Taboada International Airport,Mexicali,MX-BCN,32.6306,-115.2428,8530
MMMM,MLM,General Francisco J. Mujica International Airport,Morelia,MX-MIC,19.8499,-101.025,11155
MMMT,MTT,Minatitlán/Coatzacoalcos International Airport,Cosoleacaque,MX-VER,18.1034,-94.5807,6890
MMMV,LOV,Monclova International Airport,Monclova,MX-COA,26.9557,-101.47,6890
MMMX,MEX,Mexico City Benito Juárez International Airport,Mexico City,MX-DIF,19.4358,-99.0703,12966
MMMY,MTY,Monterrey International Airport,Monterrey,MX-NLE,25.7785,-100.107,9843
MMMZ,MZT,General Rafael Buelna International Airport,Mazatlàn,MX-SIN,23.1628,-106.2645,8868
MMNG,NOG,Nogales International Airport,Nogales,MX-SON,31.2258,-110.9769,5905
MMNL,NLD,Quetzalcóatl International Airport,Nuevo Laredo,MX-TAM,27.4439,-99.5705,6562
MMOX,OAX,Xoxocotlán International Airport,Oaxaca,MX-OAX,16.9988,-96.7261,8038
MMPA,PAZ,El Tajín National Airport,Poza Rica,MX-VER,20.6027,-97.4608,5906
MMPB,PBC,Hermanos Serdán International Airport,Puebla,MX-PUE,19.1585,-98.3716,11811
MMPC,,Engineer Juan Guillermo Villasana National Airport,Pachuca,MX-HID,20.0774,-98.7825,6825
MMPE,PPE,Mar de Cortés International Airport,Puerto Peñasco,MX-SON,31.352,-113.3052,8202
MMPG,PDS,Piedras Negras International Airport,Piedras Negras,MX-COA,28.6279,-100.5352,6655
MMPN,UPN,Uruapan - Licenciado y General Ignacio Lopez Rayon International Airport,Uruapan,MX-MIC,19.3967,-102.039,7874
MMPQ,PQM,Palenque International Airport,Palenque,MX-CHP,17.5332,-92.0155,8202
MMPR,PVR,Puerto Vallarta International Airport,Puerto Vallarta,MX-JAL,20.6799,-105.2544,10171
MMPS,PXM,Puerto Escondido International Airport,Puerto Escondido,MX-OAX,15.8768,-97.0891,7546
MMQT,QRO,Querétaro Intercontinental Airport,Querétaro,MX-QUE,20.6188,-100.1864,11483
MMRX,REX,General Lucio Blanco International Airport,Reynosa,MX-TAM,26.0089,-98.2285,6243
MMSD,SJD,Los Cabos International Airport,San José del Cabo,MX-BCS,23.1519,-109.7207,9843
MMSF,SFH,San Felipe International Airport,Mexicali,MX-BCN,30.9301,-114.8085,4921
MMSL,CSW,Cabo San Lucas International Airport,Cabo San Lucas,MX-BCS,22.9491,-109.9395,6998
MMSM,NLU,Felipe Ángeles International Airport,Mexico City,MX-MEX,19.7438,-99.0151,14764
MMSP,SLP,Ponciano Arriaga International Airport,San Luis Potosí,MX-SLP,22.262,-100.9357,9867
MMSZ,SCX,Estación Aeronaval de Salina Cruz,Salina Cruz,MX-OAX,16.2126,-95.2016,5630
MMTA,,Estación No. 9 de la Fuerza Aérea Mexicana,Atlangatepec,MX-TLA,19.538,-98.1735,8175
MMTB,,Terán Air Base,Tuxtla Gutiérrez,MX-CHP,16.7399,-93.1733,7065
MMTC,TRC,Francisco Sarabia Tinoco International Airport,Torreón,MX-COA,25.5623,-103.4046,9039
MMTG,TGZ,Angel Albino Corzo International Airport,Tuxtla Gutiérrez,MX-CHP,16.5616,-93.0257,8202
MMTJ,TIJ,General Abelardo L. Rodriguez International Airport,Tijuana,MX-BCN,32.541,-116.97,9711
MMTL,TQO,Felipe Carrillo Puerto International Airport Tulum,Tulum,MX-ROO,20.1721,-87.6603,12139
MMTM,TAM,General Francisco Javier Mina International Airport,Ciudad Madero,MX-TAM,22.2926,-97.8671,8366
MMTN,TSL,Tamuín National Airport,Tamuín,MX-SLP,22.0383,-98.8065,4735
MMTO,TLC,Adolfo López Mateos International Airport,Toluca,MX-MEX,19.3369,-99.5658,13780
MMTP,TAP,Tapachula International Airport,Tapachula,MX-CHP,14.7945,-92.3699,6562
MMUN,CUN,Cancún International Airport,Cancún,MX-ROO,21.0408,-86.8735,11483
MMVA,VSA,Carlos Rovirosa Pérez International Airport,Villahermosa,MX-TAB,17.9943,-92.8182,7218
MMVR,VER,General Heriberto Jara International Airport,Veracruz,MX-VER,19.1396,-96.1886,7874
MMZC,ZCL,General Leobardo C. Ruiz International Airport,Zacatecas,MX-ZAC,22.8949,-102.6872,9843
MMZH,ZIH,Ixtapa-Zihuatanejo International Airport,Ixtapa,MX-GRO,17.6018,-101.4606,8222
MMZM,ZMM,Zamora Airport,Zamora,MX-MIC,20.045,-102.276,4921
MMZO,ZLO,Playa de Oro International Airport,Manzanillo,MX-COL,19.1448,-104.559,7218
MMZP,,Zapopan Air Force Base,Zapopan,MX-JAL,20.7479,-103.4626,8860
MNBL,BEF,Bluefields Airport,Bluefields,NI-AS,11.991,-83.7741,6625
MNCE,ECI,Costa Esmeralda Airport,Tola,NI-RI,11.4275,-86.0334,5003
MNCI,RNI,Corn Island Airport,Corn Island,NI-AS,12.1748,-83.0594,6234
MNFC,,Punta Huete (Panchito) Airport,Punta Huete,NI-MN,12.3534,-86.1829,9862
MNMG,MGA,Augusto C. Sandino (Managua) International Airport,Managua,NI-MN,12.1415,-86.1682,8012
MNMR,,Montelimar Airport,Montelimar,NI-MN,11.8052,-86.5113,6680
MNPC,PUZ,Puerto Cabezas Airport,Puerto Cabezas,NI-AN,14.0472,-83.3867,8130
MO09,,Sharpe Farms Airport,Lewistown,US-MO,40.0228,-91.871,4360
WAFO,MOH,Maleo Airport,Morowali,ID-ST,-2.2011,121.6629,6070
MP02,,Finca 45 Airport,Dos Caños,PA-1,9.5433,-82.7338,3773
MP21,,Alvaro Berroa Airport,Nueva California,PA-4,8.7704,-82.6644,6562
MPCL,,Capt. Alex H. Bosquez Airport,Calzada Larga,PA-8,9.1663,-79.5452,3907
MPCM,,Captain Krish E. Persaud Airport,Chame,PA-10,8.5885,-79.8897,3937
MPPU,,Punta Cocos Airport,Punta Cocos,PA-8,8.2248,-78.9044,3999
MPBO,BOC,"Bocas del Toro ""Isla Colón"" International Airport",Isla Colón,PA-1,9.3408,-82.2508,4921
MPCE,CTD,Alonso Valderrama Airport,Chitré,PA-6,7.9878,-80.4098,4921
MPCH,CHX,Changuinola Captain Manuel Niño International Airport,Changuinola,PA-1,9.459,-82.5151,3609
MPDA,DAV,Enrique Malek International Airport,David,PA-4,8.389,-82.4364,8530
MPEJ,ONX,Enrique Adolfo Jimenez Airport,Colón,PA-3,9.3566,-79.8674,8858
MPPA,BLB,Panamá Pacífico International Airport,Panamá City,PA-10,8.9148,-79.5996,8500
MPMG,PAC,Marcos A. Gelabert International Airport,Albrook,PA-8,8.9733,-79.5556,5906
MPSA,SYP,Ruben Cantu Airport,Santiago,PA-9,8.0856,-80.9453,3937
MPSM,RIH,Scarlett Martinez International Airport,Río Hato,PA-2,8.3759,-80.1279,8038
MPTO,PTY,Tocumen International Airport,Tocumen,PA-8,9.0714,-79.3835,10006
MRCH,JAP,Chacarita Airport,Puntarenas,CR-P,9.9814,-84.7727,4921
MRFI,,Finca 10 / Nuevo Palmar Sur Airport,Puntarenas,CR-P,8.9163,-83.5073,4700
MRGF,GLF,Golfito Airport,Golfito,CR-P,8.654,-83.1822,4593
MRGP,GPL,Guapiles Airport,Pococi,CR-L,10.2172,-83.797,3609
MRLB,LIR,Daniel Oduber Quirós International Airport,Liberia,CR-G,10.5933,-85.5444,9022
MRLC,LSL,Los Chiles Airport,Los Chiles,CR-A,11.0353,-84.7061,4265
MRLM,LIO,Limón International Airport,Limón,CR-L,9.958,-83.022,5906
MROC,SJO,Juan Santamaría International Airport,San José (Alajuela),CR-A,9.9939,-84.2088,9882
MRPM,PMZ,Palmar Sur Airport,Palmar Sur,CR-P,8.951,-83.4686,4570
MRPV,SYQ,Tobías Bolaños International Airport,San Jose,CR-SJ,9.9571,-84.1398,5138
MRQP,XQP,Quepos Managua Airport,Quepos,CR-P,9.4432,-84.1298,3609
MRUP,UPL,Upala Airport,Upala,CR-A,10.8922,-85.0162,3536
MS03,,Christmas Flying Service Airport,Shelby,US-MS,33.9246,-90.7889,3900
MSET,,El Tamarindo Airport,Canoguero,SV-UN,13.1626,-87.9048,4400
MSLP,SAL,El Salvador International Airport Saint Óscar Arnulfo Romero y Galdámez,San Salvador (San Luis Talpa),SV-PA,13.4445,-89.0558,10500
MSSS,ILS,Ilopango International Airport,San Salvador,SV-SS,13.6995,-89.1199,7349
MT08,,Zortman Airport,Zortman,US-MT,47.9167,-108.483,3800
MT86,,Bar E Airport,Helena,US-MT,47.1644,-112.1132,4975
MTCH,CAP,Cap Haitien International Airport,Cap Haitien,HT-ND,19.7255,-72.2007,8701
MTF,MTX,Metro Field,Fairbanks,US-AK,64.8068,-147.762,4600
MTPP,PAP,Toussaint Louverture International Airport,Port-au-Prince,HT-OU,18.58,-72.2926,9974
FIMA,AHG,Agalega Island Airstrip,Vingt Cinq,MU-AG,-10.3731,56.6098,4275
MU-0004,,IAF Agalega,Vingt Cinq,MU-AG,-10.3725,56.6035,9842
MUBA,BCA,Gustavo Rizo Airport,Baracoa,CU-14,20.3653,-74.5062,6070
MUBR,BWW,Las Brujas Airport,Cayo Santa Maria,CU-07,22.6213,-79.1472,5905
MUBY,BYM,Carlos Manuel de Cespedes Airport,Bayamo,CU-12,20.3964,-76.6214,6887
MUCA,AVI,Máximo Gómez Airport,Ciro Redondo,CU-08,22.0271,-78.7896,11588
MUCC,CCC,Jardines Del Rey Airport,Cayo Coco,CU-08,22.461,-78.3284,9842
MUCF,CFG,Jaime Gonzalez Airport,Cienfuegos,CU-06,22.15,-80.4142,7874
MUCL,CYO,Vilo Acuña International Airport,Cayo Largo del Sur,CU-99,21.6165,-81.546,9869
MUCM,CMW,Ignacio Agramonte International Airport,Camaguey,CU-09,21.4199,-77.848,9842
MUCU,SCU,Antonio Maceo International Airport,Santiago,CU-13,19.9747,-75.8355,13130
MUGM,NBW,Leeward Point Field,Guantanamo Bay Naval Station,CU-14,19.9065,-75.2071,8000
MUGT,GAO,Mariana Grajales Airport,Guantánamo,CU-14,20.0853,-75.1583,8025
MUHA,HAV,José Martí International Airport,Havana,CU-03,22.9892,-82.4091,13123
MUHG,HOG,Frank Pais International Airport,Holguin,CU-11,20.7851,-76.3155,10624
MUKW,VRO,Kawama Airport,Santa Marta,CU-04,23.124,-81.3016,4850
MULB,,Ciudad Libertad Airport,Havana,CU-03,23.0939,-82.4381,6775
MUMG,,Managua Airport,Managua,CU-03,22.9699,-82.2748,9334
MUMO,MOA,Orestes Acosta Airport,Moa,CU-11,20.6539,-74.9222,6102
MUMZ,MZO,Sierra Maestra International Airport,Manzanillo,CU-12,20.2886,-77.0875,7875
MUNG,GER,Rafael Cabrera Airport,Nueva Gerona,CU-99,21.8347,-82.7838,8202
MUPB,UPB,Playa Baracoa Airport,Havana,CU-15,23.0328,-82.5794,7563
MUSA,,San Antonio de los Baños Airfield,San Antonio de los Baños,CU-15,22.8715,-82.5093,11799
MUSC,SNU,Abel Santamaria International Airport,Santa Clara,CU-05,22.4922,-79.9431,9898
MUSL,,Joaquín de Agüero Airport,Nuevitas,CU-09,21.5095,-77.0206,5905
MUSN,SZJ,Siguanea Airport,Isla de la Juventud,CU-99,21.6425,-82.9551,5905
MUSS,USS,Sancti Spiritus Airport,Sancti Spiritus,CU-07,21.9704,-79.4427,5905
MUTD,TND,Alberto Delgado Airport,Trinidad,CU-07,21.7883,-79.9972,5909
MUVR,VRA,Juan Gualberto Gomez International Airport,Matanzas,CU-04,23.0344,-81.4353,11490
MUVT,VTU,Hermanos Ameijeiras Airport,Las Tunas,CU-10,20.9876,-76.9358,5971
MV-0013,MUM,Muli Airport,Muli,MV-12,2.9114,73.5836,3937
MWCB,CYB,Charles Kirkconnell International Airport,West End,KY-CB,19.687,-79.8828,6000
MWCR,GCM,Owen Roberts International Airport,George Town,KY-GC,19.2928,-81.3577,7867
MX-0013,,Sahuaripa Airport,Sahuaripa,MX-SON,29.0312,-109.2527,6300
MX-0070,,Loma Roja Airport,Rafael Lara Grajales,MX-PUE,19.2526,-97.6775,3921
MX-0130,,Terminal Airfield,Mazapil,MX-ZAC,24.6862,-101.4249,3609
MX-0203,,Cedros Airport,Mazapil,MX-ZAC,24.6353,-101.7965,6561
MM14,,Campo Ríoverde National Airport,Rioverde,MX-SLP,21.9173,-99.9391,5325
MXNT,,Teacapán Naval Air Station / Escuinapa National Airport,Teacapán,MX-SIN,22.5367,-105.7169,6562
MX-0664,,Chihuahua South Airport,Chihuahua,MX-CHH,28.3961,-106.2079,7595
MX-2437,,Los Pozos Airport,Saucillo,MX-CHH,27.9125,-105.4078,4000
MX-2520,,Pinotepa Nacional Airport,Santiago Pinotepa Nacional,MX-OAX,16.3792,-98.1171,3920
MX-SGM,SGM,San Ignacio Airport,Mulegé,MX-BCS,27.2965,-112.9388,4964
MM45,XAL,Álamos Airport,Álamos,MX-SON,27.039,-108.949,5000
MYAB,MAY,Clarence A. Bain Airport,Mangrove Cay,BS-SA,24.2877,-77.6846,5000
MYAF,ASD,Andros Town Airport,Andros Town,BS-NS,24.6979,-77.7956,4058
MYAK,TZN,Congo Town Airport,Andros,BS-SA,24.1587,-77.5898,5300
MYAM,MHH,Leonard M. Thompson International Airport,Marsh Harbour,BS-CO,26.5107,-77.0843,6100
MYAN,SAQ,San Andros Airport,Andros Island,BS-NS,25.0538,-78.049,5025
MYAP,AXP,Spring Point Airport,Spring Point,BS-AK,22.4418,-73.9709,5000
MYAS,,Sandy Point Airport,Sandy Point,BS-SO,26.0047,-77.3956,4500
MYAT,TCB,Treasure Cay Airport,Treasure Cay,BS-CO,26.7453,-77.3913,7001
MYAX,,Spanish Cay Airport,,BS-NO,26.9503,-77.5438,4402
MYBC,CCZ,Chub Cay Airport,Chub Cay,BS-NS,25.4171,-77.8809,5000
MYBG,GHC,Great Harbour Cay Airport,Bullocks Harbour,BS-BY,25.7383,-77.8401,4536
MYBS,BIM,South Bimini Airport,South Bimini,BS-BI,25.6999,-79.2647,5409
MYCA,ATC,Arthur's Town Airport,Arthur's Town,BS-CI,24.6294,-75.6738,7015
MYCB,TBI,New Bight Airport,Cat Island,BS-CI,24.3153,-75.4523,5050
MYCI,CRI,Colonel Hill Airport,Colonel Hill,BS-CK,22.7456,-74.1824,4061
MYEF,GGT,Exuma International Airport,Moss Town,BS-EX,23.5626,-75.878,7051
MYEH,ELH,North Eleuthera Airport,North Eleuthera,BS-HI,25.4758,-76.6808,6020
MYEM,GHB,Governor's Harbour Airport,Governor's Harbour,BS-CE,25.2847,-76.331,8024
MYEN,NMC,Normans Cay Airport,Normans Cay,BS-EX,24.5943,-76.8202,4703
MYER,RSD,Rock Sound International Airport,Rock Sound,BS-SE,24.8916,-76.1776,7213
MYTC,,Torch Cay Airport,Hog Cay,BS-EX,23.3972,-75.4969,5300
MYGF,FPO,Grand Bahama International Airport,Freeport,BS-FP,26.558,-78.6956,11019
MYIG,IGA,Inagua Airport,Matthew Town,BS-IN,20.975,-73.6669,7020
MYLD,LGI,Deadman's Cay Airport,Deadman's Cay,BS-LI,23.179,-75.0936,4000
MYLS,SML,Stella Maris Airport,Stella Maris,BS-LI,23.5823,-75.2686,4000
MYMM,MYG,Mayaguana Airport,Abraham Bay Settlement,BS-MG,22.3795,-73.0135,7297
MYNN,NAS,Lynden Pindling International Airport,Nassau,BS-NP,25.039,-77.4662,11353
MYRD,DCT,Duncan Town Airport,Duncan Town,BS-RI,22.1818,-75.7295,3800
MYRP,RCY,Rum Cay International Airport,Port Nelson,BS-RC,23.6834,-74.8363,4500
MYSM,ZSA,San Salvador International Airport,San Salvador,BS-SS,24.063,-74.5232,8000
MZBZ,BZE,Philip S. W. Goldson International Airport,Belize City,BZ-BZ,17.54,-88.3036,9678
N17,,Vaughn Municipal Airport,Vaughn,US-NM,34.6046,-105.1918,5150
NC01,,Harvey Point Defense Testing Activity Airport,Hertford,US-NC,36.0962,-76.3271,5291
NC06,,Elk River Airport,Banner Elk,US-NC,36.1605,-81.8948,4600
NC12,,Lee Creek Airport,Aurora,US-NC,35.3896,-76.7847,5070
NCAI,AIT,Aitutaki Airport,Aitutaki,CK-U-A,-18.8309,-159.764,5920
NCRG,RAR,Rarotonga International Airport,Avarua,CK-U-A,-21.2027,-159.806,7638
NE-0002,,Kourou Arkenné Airfield,Toummo,NE-1,22.782,14.0248,9560
NE-0003,,Madama Military Base,Fort Madama,NE-1,21.9511,13.6507,5925
NE38,,Aknux Airport,Prosser,US-NE,40.7095,-98.5595,3545
NFFN,NAN,Nadi International Airport,Nadi,FJ-W,-17.7618,177.4378,10739
NFNA,SUV,Nausori International Airport,Nausori,FJ-C,-18.0442,178.5615,7047
NFNL,LBS,Labasa Airport,Labasa,FJ-N,-16.4667,179.34,3507
NFTF,TBU,Fua'amotu International Airport,Nuku'alofa,TO-04,-21.2414,-175.1492,8795
NFTL,HPA,Lifuka Island Airport,Lifuka,TO-02,-19.777,-174.341,3937
NFTV,VAV,Vava'u International Airport,Vava'u Island,TO-05,-18.5853,-173.962,5593
DNPM,PHG,Port Harcourt City Airport / Port Harcourt Air Force Base,Port Harcourt,NG-RI,4.8461,7.0214,6923
DNBK,,Sir Ahmadu Bello International Airport,Birinin Kebbi,NG-KE,12.479,4.3691,10171
NGFU,FUN,Funafuti International Airport,Funafuti,TV-FUN,-8.5239,179.197,5040
NGTA,TRW,Bonriki International Airport,South Tarawa,KI-G,1.3816,173.147,6598
NIUE,IUE,Niue International Airport,Alofi,NU-U-A,-19.0801,-169.9235,7660
ZPNL,NLH,Ninglang Luguhu Airport,Ninglang,CN-53,27.5403,100.7593,11155
NLWW,WLS,Hihifo Airport,Wallis Island,WF-U-A,-13.2394,-176.1986,6890
NM53,,San Miguel Ranch Airport,Las Vegas,US-NM,35.51,-104.584,5600
NM78,,Hacienda Sur Luna Airport,Columbus,US-NM,31.8779,-107.646,4800
NM83,HBB,Industrial Airpark,Hobbs,US-NM,32.7668,-103.209,8810
NM86,,Playas Air Strip,Playas,US-NM,31.9368,-108.537,4865
ENRE,,Rena Airfield Landsørkje,Åmot,NO-34,61.1862,11.3744,3937
VNPR,PHH,Pokhara International Airport,Pokhara,NP-P4,28.1838,84.0147,8202
NSFA,APW,Faleolo International Airport,Apia,WS-AA,-13.83,-172.008,9843
NSTU,PPG,Pago Pago International Airport,Pago Pago,AS-WT,-14.331,-170.71,10000
NTAA,PPT,Fa'a'ā International Airport,Papeete,PF-U-A,-17.5535,-149.6069,11360
NTAR,RUR,Rurutu Airport,,PF-U-A,-22.4341,-151.361,4757
NTAT,TUB,Tubuai Airport,,PF-U-A,-23.3654,-149.524,4921
NTAV,RVV,Raivavae Airport,,PF-U-A,-23.8852,-147.662,4592
NTGA,AAA,Anaa Airport,Anaa,PF-U-A,-17.3526,-145.51,4921
NTGB,FGU,Fangatau Airport,Fangatau,PF-U-A,-15.82,-140.8881,3936
NTGC,TIH,Tikehau Airport,Tuherahera,PF-U-A,-15.1196,-148.231,3937
NTGF,FAV,Fakarava Airport,,PF-U-A,-16.0541,-145.657,4596
NTGJ,GMR,Totegegie Airport,,PF-U-A,-23.0799,-134.89,6562
NTGK,KKR,Kaukura Airport,Raitahiti,PF-U-A,-15.6633,-146.885,3543
NTGM,MKP,Makemo Airport,Makemo,PF-U-A,-16.5839,-143.658,4920
NTGU,AXR,Arutua Airport,,PF-U-A,-15.2483,-146.617,4268
NTGV,MVT,Mataiva Airport,,PF-U-A,-14.8681,-148.717,3937
NTGY,ZTA,Tureia Airport,Tureia,PF-U-A,-20.7843,-138.568,4921
NTHE,AHE,Ahe Airport,Ahe Atoll,PF-U-A,-14.4281,-146.257,4068
NTKF,FAC,Faaite Airport,Faaite,PF-U-A,-16.6866,-145.3294,3890
NTKK,RKA,Aratika Nord Airport,,PF-U-A,-15.4857,-145.4648,4150
NTMD,NHV,Nuku Hiva Airport,Nuku Hiva,PF-U-A,-8.7956,-140.229,5578
NTMN,AUQ,Hiva Oa-Atuona Airport,Hiva Oa Island,PF-U-A,-9.7688,-139.011,3986
NTTB,BOB,Bora Bora Airport,Motu Mute,PF-U-A,-16.4444,-151.751,4921
NTTG,RGI,Rangiroa Airport,,PF-U-A,-14.9543,-147.661,6890
NTTH,HUH,Huahine-Fare Airport,Fare,PF-U-A,-16.6871,-151.0216,4921
NTTM,MOZ,Moorea Temae Airport,Moorea-Maiao,PF-U-A,-17.4898,-149.7618,4035
NTTO,HOI,Hao Airport,Otepa,PF-U-A,-18.0748,-140.946,11089
NTTR,RFP,Raiatea Airport,Uturoa,PF-U-A,-16.7229,-151.466,4593
NV11,UCC,Yucca Airstrip,Mercury,US-NV,36.9347,-116.006,5300
NV27,,Circle L Ranch Airport,Dyer,US-NV,37.7166,-118.084,4400
NV74,,Calvada Meadows Airport,Pahrump,US-NV,36.2711,-115.995,5200
NV83,,Hadley Airport,Round Mountain,US-NV,38.6948,-117.1468,6776
NVSS,SON,Santo Pekoa International Airport,Luganville,VU-SAM,-15.505,167.22,6523
NVVV,VLI,Bauerfield International Airport,Port Vila,VU-SEE,-17.6993,168.32,8530
NVVW,TAH,Whitegrass Airport,Tanna Island,VU-TAE,-19.4551,169.224,4035
NWWE,ILP,Île des Pins Airport,Île des Pins,NC-03,-22.5889,167.456,3608
NWWK,KOC,Koumac Airport,Koumac,NC-02,-20.5463,164.2556,3616
NWWL,LIF,Lifou Airport,Lifou,NC-01,-20.7746,167.2393,3609
NWWM,GEA,Nouméa Magenta Airport,Nouméa,NC-03,-22.2577,166.4728,4101
NWWU,TOU,Touho Airport,Touho,NC-02,-20.7901,165.2595,3609
NWWV,UVE,Ouvéa Airport,Ouvéa,NC-01,-20.6409,166.573,3609
NWWW,NOU,La Tontouta International Airport,Nouméa (La Tontouta),NC-03,-22.0146,166.213,10663
NZAA,AKL,Auckland International Airport,Auckland,NZ-AUK,-37.012,174.7863,11926
NZAP,TUO,Taupo Airport,Taupo,NZ-WKO,-38.7397,176.084,4547
NZAR,AMZ,Ardmore Airport,Manurewa,NZ-AUK,-37.0297,174.973,4630
NZCH,CHC,Christchurch International Airport,Christchurch,NZ-CAN,-43.489,172.5321,10787
NZCI,CHT,Inia William Tuuta Memorial Airport,Te One,NZ-WGN,-43.8119,-176.4651,4462
NZDN,DUD,Dunedin International Airport,Dunedin,NZ-OTA,-45.929,170.1978,6234
NZGM,GMN,Greymouth Airport,,NZ-WTC,-42.4617,171.19,3579
NZGS,GIS,Gisborne Airport,Gisborne,NZ-GIS,-38.6633,177.978,4298
NZHK,HKK,Hokitika Airfield,,NZ-WTC,-42.7136,170.985,4311
NZHN,HLZ,Hamilton International Airport,Hamilton,NZ-WKO,-37.867,175.332,6755
NZKK,KKE,Kerikeri Airport,Kerikeri,NZ-NTL,-35.2591,173.9133,3904
NZKT,KAT,Kaitaia Airport,Awanui,NZ-NTL,-35.0698,173.2871,4600
NZLX,ALR,Alexandra Aerodrome,Alexandra,NZ-OTA,-45.2105,169.3711,3937
NZMC,MON,Mount Cook Airport,,NZ-CAN,-43.765,170.133,5157
NZMO,TEU,Manapouri Airport,,NZ-STL,-45.5331,167.65,3547
NZMS,MRO,Hood Airport,Masterton,NZ-WGN,-40.9746,175.6345,4101
NZNP,NPL,New Plymouth Airport,New Plymouth,NZ-TKI,-39.0086,174.179,4298
NZNR,NPE,Hawke's Bay Airport,Napier,NZ-HKB,-39.4658,176.87,5741
NZNS,NSN,Nelson Airport,Nelson,NZ-NSN,-41.2967,173.2243,4420
NZNV,IVC,Invercargill Airport,Invercargill,NZ-STL,-46.4124,168.313,7251
NZOH,OHA,RNZAF Base Ohakea,,NZ-MWT,-40.206,175.388,8028
NZOU,OAM,Oamaru Airport,,NZ-OTA,-44.97,171.082,4210
NZPM,PMR,Palmerston North Airport,Palmerston North,NZ-MWT,-40.3206,175.617,6240
NZPP,PPQ,Paraparaumu Airport,,NZ-WGN,-40.9047,174.989,4429
NZQN,ZQN,Queenstown Airport,Queenstown,NZ-OTA,-45.0192,168.7464,6204
NZRO,ROT,Rotorua Regional Airport,Rotorua,NZ-BOP,-38.1092,176.317,5321
NZRU,,Waiouru Airport,,NZ-MWT,-39.4464,175.658,3917
NZTG,TRG,Tauranga Airport,Tauranga,NZ-BOP,-37.6719,176.196,5988
NZTU,TIU,Timaru Airport,,NZ-CAN,-44.3028,171.225,4200
NZUK,TWZ,Pukaki Airport,Twitzel,NZ-CAN,-44.235,170.118,3550
NZWB,BHE,Woodbourne Airport,Blenheim,NZ-MBH,-41.5183,173.87,4675
NZWF,WKA,Wanaka Airport,Wanaka,NZ-OTA,-44.7221,169.2463,3937
NZWK,WHK,Whakatāne Airport,Whakatāne,NZ-BOP,-37.9222,176.917,4200
NZWN,WLG,Wellington International Airport,Wellington,NZ-WGN,-41.3268,174.8069,6352
NZWP,,RNZAF Base Auckland-Whenuapai,,NZ-AUK,-36.7878,174.63,6665
NZWR,WRE,Whangarei Airport,Whangarei,NZ-NTL,-35.7693,174.3637,3599
NZWS,WSZ,Westport Airport,Westport,NZ-WTC,-41.7371,171.579,4200
NZWU,WAG,Wanganui Airport,Wanganui,NZ-MWT,-39.9635,175.0244,4521
OABT,BST,Bost Airport,Lashkar Gah,AF-HEL,31.5597,64.365,7549
OAHR,HEA,Herat - Khwaja Abdullah Ansari International Airport,Guzara,AF-HER,34.21,62.2283,9888
OAIX,OAI,Bagram Airfield,Bagram,AF-PAR,34.9461,69.265,11820
OAJL,JAA,Jalalabad Airport,Jalalabad,AF-NAN,34.3998,70.4986,7262
OAKB,KBL,Kabul International Airport,Kabul,AF-KAB,34.5659,69.2123,11483
OAKN,KDH,Ahmad Shah Baba International Airport,Kandahar,AF-KAN,31.5058,65.848,10532
OAKS,KHT,Khost International Airport,Khost,AF-KHO,33.2846,69.8073,8740
OAMS,MZR,Mazar-i-Sharif International Airport,Mazar-i-Sharif,AF-BAL,36.7041,67.2105,9843
OASD,OAH,Shindand Air Base,Shindand,AF-FRA,33.3913,62.261,9140
OASG,,Sheberghan Airport,Sheberghan,AF-JOW,36.7511,65.913,4582
OATN,TII,Tarinkot Airport,Tarinkot,AF-URU,32.6042,65.8658,7300
OAUZ,UND,Kunduz Airport,Kunduz,AF-KDZ,36.6651,68.9108,6558
OBBI,BAH,Bahrain International Airport,Manama,BH-15,26.2673,50.6376,12979
OBBS,,Sheik Isa Air Base,Sitrah,BH-14,25.9184,50.5906,12467
OBKH,,Sakhir Air Base,Zallaq,BH-14,26.0345,50.5245,10499
FGCO,OCS,Corisco International Airport,Corisco Island,GQ-LI,0.9109,9.3303,10220
OE43,,Arfa Airport,Ta'if,SA-02,21.3236,41.1983,6726
OE45,,Aramco Ras Khafji Airport,Khafji,SA-04,28.3899,48.5165,5715
OE46,,Al Lidem Airport,,SA-01,20.4759,44.7575,5365
OE48,,Quz South Airport,Quz,SA-02,18.8932,41.355,7235
OE49,,Mecca East Airport,Mecca,SA-02,21.4375,39.9942,7865
OEJL,,King Abdulaziz Naval Base,Jubail,SA-04,26.9416,49.7041,7972
OE51,,Al Kharj East Airport,,SA-01,24.0515,47.6542,4245
OE52,,Al Artawiyah South Airport,,SA-01,26.6116,45.322,6900
OE53,,King Abdul Aziz Military Academy Airport,,SA-01,24.9421,46.3912,7531
OE54,,Hafar Al Atk Airport,,SA-01,25.9934,46.5367,7315
OEAD,,Aradah Airport,Ardah,SA-04,21.227,55.2673,6915
OEST,,Shubaytah Airport,Shubaytah,SA-04,22.71,53.2811,6888
OEAA,,Abu Ali Airport,Jubail,SA-04,27.3187,49.5867,4956
OEAB,AHB,Abha International Airport,Abha,SA-14,18.2404,42.6566,10991
OEAH,HOF,Al-Ahsa International Airport,Hofuf,SA-04,25.2853,49.4852,10039
OEAO,ULH,Al-Ula International Airport,Al-Ula,SA-03,26.4836,38.117,10007
OEBA,ABT,King Saud Bin Abdulaziz (Al Baha) Airport,Al-Baha,SA-11,20.2985,41.6362,10991
OEBH,BHH,Bisha Airport,Bisha,SA-14,19.9844,42.6209,10007
OEBQ,,Abqaiq Airport,Buqayq,SA-04,25.9113,49.5912,6075
OEDF,DMM,King Fahd International Airport,Ad Dammam,SA-04,26.4691,49.7982,13124
OEDM,DWD,Dawadmi Domestic Airport,Dawadmi,SA-01,24.4499,44.1212,10006
OEDR,DHA,King Abdulaziz Air Base,Dhahran,SA-04,26.2654,50.152,12008
OEGN,GIZ,Jizan Regional Airport / King Abdullah bin Abdulaziz Airport,Jizan,SA-09,16.9011,42.5858,10006
OEGS,ELQ,Prince Naif bin Abdulaziz International Airport,Qassim,SA-05,26.3028,43.7744,9843
OEGT,URY,Gurayat Domestic Airport,Gurayat,SA-12,31.4124,37.2789,10007
OEHL,HAS,Hail International Airport,Hail,SA-06,27.4379,41.6863,12204
OEHW,,Hawtah Airport,Hawtah,SA-01,22.9678,46.8995,8497
OEJB,,Jubail Airport,Jubail,SA-04,27.039,49.4051,13124
OEJF,,King Faisal Naval Base,Jeddah,SA-02,21.3481,39.173,8964
OEJN,JED,King Abdulaziz International Airport,Jeddah,SA-02,21.6802,39.1574,13123
OEKF,,King Faisal Air Academy Airport,,SA-01,26.0853,45.1967,12139
OEKK,KMC,King Khaled Military City Airport,King Khaled Military City,SA-04,27.9009,45.5282,12005
OEKM,KMX,King Khalid Air Base,Khamis Mushait,SA-14,18.2973,42.8035,12467
OEKR,,Old Khurais Airport,Khurais oil field,SA-04,25.0696,48.1949,6250
OEMA,MED,Prince Mohammad Bin Abdulaziz Airport,Medina,SA-03,24.5534,39.7051,14222
OENG,EAM,Najran Domestic Airport,Najran,SA-10,17.6114,44.4192,10007
OENN,NUM,Neom Bay Airport,Sharma,SA-07,27.9243,35.2936,12326
OEPA,AQI,Qaisumah–Hafar Al-Batin International Airport,Qaisumah,SA-04,28.3357,46.1271,10007
OEPC,,Pump Station 3 Airport,Wasea,SA-04,25.1745,47.4884,8005
OEPF,,Pump Station 6 Airport,,SA-01,24.7103,44.9645,8005
OEPI,,Pump Station 9 Airport,,SA-01,24.2761,42.1437,8008
OEPJ,,Pump Station 10 Airport,,SA-03,24.1073,41.036,6398
OEPK,,IPSA 3 Airport,Hafar al Batin,SA-04,27.9542,46.7426,6007
OEPS,AKH,Prince Sultan Air Base,Al Kharj,SA-01,24.0627,47.5805,13123
OERB,,Rabigh Airport,Rabigh,SA-02,22.7026,39.0698,7741
OERF,RAH,Rafha Domestic Airport,Rafha,SA-08,29.6264,43.4906,9834
OERK,RUH,King Khalid International Airport,Riyadh,SA-01,24.9576,46.6988,13796
OERM,,Ras Mishab Airport,Al Mishab,SA-04,28.0796,48.611,11058
OERR,RAE,Arar Domestic Airport,Arar,SA-08,30.9066,41.1382,10007
OERT,,Ras Tanura Airport,Ras Tanura,SA-04,26.7231,50.0308,7063
OESB,,Shaibah Airport,Shaybah,SA-04,22.5148,53.9641,10005
OESH,SHW,Sharurah Domestic Airport,Sharurah,SA-10,17.4669,47.1214,11975
OESK,AJF,Al-Jawf International Airport,Al-Jawf,SA-12,29.7833,40.1009,12011
OESL,SLF,As-Sulayyil Airport,As-Sulayyil,SA-01,20.4647,45.6196,9860
OETB,TUU,Prince Sultan bin Abdulaziz International Airport,Tabuk,SA-07,28.3711,36.6249,10991
OETF,TIF,Taif International Airport,Taif,SA-02,21.4847,40.5441,12254
OETH,,Thumamah Airport,,SA-01,25.213,46.6408,13170
OETN,,Ras Tanajib Airport,As Saffaniyah,SA-04,27.8678,48.7691,8005
OETR,TUI,Turaif Domestic Airport,Turaif,SA-08,31.6922,38.7315,9843
OEUD,,Udhailiyah Airport,Udhailiyah,SA-04,25.1511,49.3288,7171
OEWD,WAE,Wadi Al Dawasir Domestic Airport,Wadi Al Dawasir,SA-01,20.5043,45.1996,10007
OEWJ,EJH,Al Wajh Domestic Airport,Al Wajh,SA-07,26.1986,36.4764,10007
OEYN,YNB,Prince Abdulmohsen Bin Abdulaziz International Airport,Yanbu,SA-03,24.1442,38.0634,10532
OG14,,Silvies Valley Ranch Airport,Seneca,US-OR,44.0224,-118.9312,5000
OG39,,Longview Ranch Airport,Kimberly,US-OR,44.6611,-119.6526,5335
OI20,IAQ,Bahregan Airport,Imam Hassan,IR-18,29.8401,50.2727,7200
OIAA,ABD,Abadan Ayatollah Jami International Airport,Abadan,IR-06,30.3679,48.2301,10169
OIAD,DEF,Dezful Airport,Dezful,IR-06,32.4344,48.3976,12641
OIAG,AKW,Aghajari Airport,Omidiyeh,IR-06,30.7444,49.6772,6933
OIAH,GCH,Gachsaran Airport,Gachsaran,IR-17,30.3339,50.8338,6070
OIAI,QMJ,Shahid Asiyaee Airport,Masjed Soleyman,IR-06,32.0017,49.2686,5907
OIAJ,OMI,Omidiyeh Airport,Omidiyeh,IR-06,30.8352,49.5349,13500
OIAM,MRX,Mahshahr Airport,Mahshahr,IR-06,30.5562,49.1519,8874
OIAW,AWZ,Qasem Soleimani International Airport,Ahvaz,IR-06,31.3364,48.7638,11149
OIBA,AEU,Abu Musa Island Airport,Abu Musa,IR-22,25.8757,55.033,9796
OIBB,BUZ,Bushehr Airport,Bushehr,IR-18,28.9448,50.8346,14664
OIBH,,Bastak Airport,,IR-22,27.2127,54.3186,4500
OIBJ,KNR,Jam Airport,Jam,IR-18,27.8205,52.3522,7711
OIBK,KIH,Kish International Airport,Kish Island,IR-22,26.5254,53.9805,12004
OIBL,BDH,Bandar Lengeh International Airport,Bandar Lengeh,IR-22,26.5323,54.8248,8203
OIBP,PGU,Persian Gulf International Airport,Khiyaroo,IR-18,27.3796,52.7377,13115
OIBQ,KHK,Khark Airport,Khark,IR-18,29.2605,50.3222,5922
OIBS,SXI,Siri Airport,Siri,IR-22,25.9089,54.5394,8345
OIBV,LVP,Lavan Airport,Lavan Airport,IR-22,26.8107,53.3543,6815
OICC,KSH,Shahid Ashrafi Esfahani Airport,Kermanshah,IR-05,34.3459,47.1581,11213
OICI,IIL,Ilam Airport,Ilam,IR-16,33.5866,46.4048,9183
OICK,KHD,Khoram Abad Airport,,IR-15,33.4354,48.2829,10498
OICS,SDG,Sanandaj Airport,,IR-12,35.2459,47.0092,8660
OIFE,IFH,Hesa Airport,Hesa,IR-10,32.9289,51.5611,9830
OIFK,KKS,Kashan Airport,Kashan,IR-10,33.8953,51.577,8845
OIFM,IFN,Isfahan Shahid Beheshti International Airport,Isfahan,IR-10,32.7551,51.8839,14425
OIFP,,Badr Air Base,Esfahan,IR-10,32.6211,51.697,10920
OIFS,CQD,Shahrekord Airport,Shahrekord,IR-14,32.2972,50.8422,10819
OIGG,RAS,Sardar-e-Jangal Airport,Rasht,IR-01,37.3233,49.6178,9571
OIHH,HDM,Hamadan Airport,Hamadan,IR-13,34.8664,48.5607,10611
OIHR,AJK,Arak Airport,Araak,IR-00,34.1381,49.8473,9811
OIHS,NUJ,Nojeh Air Base,Amirabad,IR-13,35.2116,48.6534,14300
OIIA,,Qazvin Azadi Airport,Gharpuz Abad,IR-26,35.9521,50.4508,4579
OIIC,,Manzariyeh Air Base,Qāshqābolāq,IR-25,34.984,50.8062,10607
OIID,,Doshan Tappeh Air Base,Tehran,IR-23,35.703,51.4751,7550
OIIE,IKA,Imam Khomeini International Airport,Tehran,IR-23,35.4161,51.1522,13772
OIII,THR,Mehrabad International Airport,Tehran,IR-23,35.6892,51.3144,13258
OIIK,GZW,Qazvin Airport,Qazvin,IR-26,36.2401,50.0471,3670
OIIM,,Naja Airport,Karaj,IR-32,35.7763,50.881,3630
OIIP,PYK,Payam International Airport,Karaj,IR-32,35.7761,50.8267,12005
OIIS,SNX,Semnan Municipal Airport,Semnan,IR-20,35.5911,53.4951,11739
OIKB,BND,Bandar Abbas International Airport,Bandar Abbas,IR-22,27.2183,56.3778,12008
OIKJ,JYR,Jiroft Airport,Jiroft,IR-08,28.7235,57.675,7236
OIKK,KER,Ayatollah Hashemi Rafsanjani International Airport,Kerman,IR-08,30.2713,56.9497,12635
OIKM,BXR,Bam Airport,Bam,IR-08,29.0842,58.45,11107
OIKP,HDR,Havadarya Airport,Bandar Abbas,IR-22,27.1583,56.1725,8525
OIKQ,GSM,Qeshm International Airport,Qeshm(Dayrestan),IR-22,26.7546,55.9024,13864
OIKR,RJN,Rafsanjan Airport,Rafsanjan,IR-08,30.2983,56.049,9814
OIKY,SYJ,Sirjan Airport,Sirjan,IR-08,29.5509,55.6727,12356
OIMB,XBJ,Birjand International Airport,Birjand,IR-29,32.8965,59.2813,9521
OIMC,CKT,Sarakhs Airport,Sarakhs,IR-09,36.5012,61.0649,13076
OIMJ,RUD,Shahrud International Airport,Shahrud,IR-20,36.4249,55.1043,9157
OIMM,MHD,Mashhad International Airport,Mashhad,IR-09,36.2348,59.6429,12877
OIMN,BJB,Bojnord Airport,Bojnord,IR-28,37.493,57.3082,10582
OIMS,AFZ,Sabzevar National Airport,Sabzevar,IR-09,36.1681,57.5952,10428
OIMT,TCX,Tabas Airport,Tabas,IR-21,33.6678,56.8927,9977
OINE,KLM,Kalaleh Airport,Kalaleh,IR-27,37.3833,55.452,7277
OING,GBT,Gorgan Airport,Gorgan,IR-27,36.9094,54.4013,10827
OINN,NSH,Nowshahr Airport,Nowshahr,IR-02,36.6643,51.4627,6677
OINR,RZR,Ramsar Airport,Ramsar,IR-02,36.907,50.6873,7448
OINZ,SRY,Sari Dasht-e Naz International Airport,Sari,IR-02,36.6444,53.1888,8688
OISF,FAZ,Fasa Airport,Fasa,IR-07,28.8918,53.7233,6502
OISJ,JAR,Jahrom Airport,Jahrom,IR-07,28.5867,53.5791,7899
OISL,LRR,Lar Airport,Lar,IR-07,27.6747,54.3833,10397
OISR,LFM,Lamerd Airport,Lamerd,IR-07,27.3727,53.1888,10020
OISS,SYZ,Shiraz Shahid Dastghaib International Airport,Shiraz,IR-07,29.5392,52.5898,14345
OISY,YES,Yasuj Airport,Yasuj,IR-17,30.7022,51.543,8522
OITK,KHY,Khoy Airport,Khoy,IR-04,38.4275,44.9736,9190
OITL,ADU,Ardabil Airport,Ardabil,IR-24,38.3257,48.4244,10823
OITM,ACP,Sahand Airport,Maragheh,IR-03,37.348,46.1279,9614
OITP,PFQ,Parsabad-Moghan Airport,Parsabad,IR-24,39.6036,47.8815,8515
OITR,OMH,Urmia Airport,Urmia,IR-04,37.6681,45.0687,10658
OITT,TBZ,Tabriz International Airport,Tabriz,IR-03,38.1339,46.235,11825
OITU,IMQ,Maku National Airport,Showt,IR-04,39.1913,44.9285,10827
OITZ,JWN,Zanjan Airport,Zanjan,IR-19,36.7737,48.3594,9840
OIYY,AZD,Shahid Sadooghi Airport,Yazd,IR-21,31.9049,54.2765,13446
OIZB,ACZ,Zabol Airport,Zabol,IR-11,31.0983,61.5439,9848
OIZC,ZBR,Chabahar Konarak International Airport,Konarak,IR-11,25.4432,60.3822,12514
OIZH,ZAH,Zahedan International Airport,Zahedan,IR-11,29.4757,60.9062,14042
OIZI,IHR,Iranshahr Airport,Iranshahr,IR-11,27.2361,60.72,7711
OIZS,,Saravan Airport,Saravan,IR-11,27.4193,62.3158,7103
OJ38,,Zarqa Airport,Zarqa,JO-AZ,32.0253,36.1448,4146
OJAI,AMM,Queen Alia International Airport,Amman,JO-AM,31.7226,35.9932,12008
OJAM,ADJ,Marka International (Amman Civil) Airport,Amman,JO-AM,31.9727,35.9916,10745
OJAQ,AQJ,King Hussein International Airport,Aqaba,JO-AQ,29.6116,35.0181,9855
OJPH,,Prince Hassan Air Base,,JO-MA,32.1607,37.1494,9802
OJHR,,H4 Air Base,,JO-MA,32.5392,38.195,8215
OJMF,OMF,King Hussein Air College,Mafraq,JO-MA,32.3564,36.2592,9819
OJMS,,Muwaffaq Salti Air Base,Al Azraq,JO-AZ,31.8256,36.782,9777
OKAS,,Ali Al Salem Air Base,Al Damaikhi,KW-JA,29.3469,47.5201,9805
OKDI,,Udairi Army Air Field,Camp Buehring,KW-JA,29.6976,47.436,5215
OKKK,KWI,Kuwait International Airport,Kuwait City,KW-FA,29.2245,47.9698,15026
OLBA,BEY,Beirut Rafic Hariri International Airport,Beirut,LB-JL,33.8198,35.4874,12467
OLKA,KYE,Rene Mouawad Air Base,Tripoli,LB-AS,34.5893,36.0113,9843
OLRA,,Rayak Air Base,Rayak,LB-BI,33.8508,35.9877,9740
OODQ,DQM,Duqm International Airport,Duqm,OM-WU,19.5019,57.6342,13123
OMAW,,Abu Dhabi Northeast Airport - Suweihan Air Base,Abu Dhabi,AE-AZ,24.5268,54.9748,7080
OMAA,AUH,Zayed International Airport,Abu Dhabi,AE-AZ,24.441,54.6492,13471
OMAD,AZI,Al Bateen Executive Airport,Abu Dhabi,AE-AZ,24.4271,54.4599,10499
OMAH,,Al Hamra Auxiliary Airport,Al Shuweihat,AE-AZ,24.074,52.4636,8205
OMAJ,,Jebel Dhanna Airport,Jebel Dhanna,AE-AZ,24.1878,52.6139,7218
OMAL,AAN,Al Ain International Airport,Al Ain,AE-AZ,24.2617,55.6092,13123
OMAM,DHF,Al Dhafra Air Base,,AE-AZ,24.2482,54.5477,12012
OMAS,,Das Island Airport,Das Island,AE-AZ,25.1382,52.8744,7081
OMAZ,,Zirku Airport,Zirku Island,AE-AZ,24.8625,53.0771,3937
OMBY,XSB,Sir Bani Yas Airport,Sir Bani Yas,AE-AZ,24.2836,52.5803,9272
OMDB,DXB,Dubai International Airport,Dubai,AE-DU,25.2498,55.371,14590
OMDL,ZDY,Delma Airport,Delma Island,AE-AZ,24.51,52.3352,8202
OMDM,NHD,Al Minhad Air Base,Dubai,AE-DU,25.0268,55.3662,12970
OMDW,DWC,Al Maktoum International Airport,Dubai(Jebel Ali),AE-DU,24.8962,55.1624,14764
OMFJ,FJR,Fujairah International Airport,Fujairah,AE-FU,25.1084,56.3281,10007
OMRK,RKT,Ras Al Khaimah International Airport,Ras Al Khaimah,AE-RK,25.6135,55.9388,12336
OMSJ,SHJ,Sharjah International Airport,Sharjah,AE-SH,25.3286,55.5172,13320
OO42,,Manston Air Base,Manston,OM-ZU,16.9904,53.3588,4928
OOFD,FAU,Fahud Airport,Fahud,OM-ZA,22.3548,56.4841,8399
OOKB,KHS,Khasab Airport,Khasab,OM-MU,26.171,56.2406,8202
OOMA,MSH,RAFO Masirah,Masirah,OM-SH,20.6754,58.8905,10005
OOMS,MCT,Muscat International Airport,Muscat/Seeb,OM-MA,23.6002,58.2853,13386
OOSA,SLL,Salalah International Airport,Salalah,OM-ZU,17.0387,54.0913,13123
OOSH,OHS,Suhar International Airport,Suhar,OM-BA,24.386,56.6254,13173
OOTH,TTH,Thumrait Air Base,Thumrait,OM-ZU,17.666,54.0246,13123
OPKW,KCF,Thar Airport,Kandanwari,PK-SD,27.2032,69.1488,4833
OP12,,Shamsi Airfield,Washuk,PK-BA,27.8465,65.16,9120
OP14,,Belab Airport,Belab,PK-PB,30.34,70.5567,4910
OP16,,UEPL Khaskheli Airstrip,Badin,PK-SD,24.7872,68.5572,3935
OP17,DDU,Dadu West Airport,Dadu,PK-SD,26.7408,67.6666,5243
OP19,,Chashma Airport,Kundian,PK-PB,32.4245,71.4585,3500
OPBT,,Jam Nida Northwest Airport,Jam Nida,PK-SD,26.1981,67.5037,5470
OP1Y,,Chandhar Airport,Hafizabad,PK-PB,32.0778,73.7902,9000
OP21,,Vehari Airport,Vehari,PK-PB,30.0914,72.1538,10283
OP22,,Rajanpur Airport,Rajanpur,PK-PB,29.264,70.1864,10000
OP23,,Thal Airport,Thal,PK-KP,33.3876,70.5888,4525
OP26,,Khewra Airport,Khewra,PK-PB,32.6291,73.0226,3552
OP27,,Rahwali Airport,Rahwali,PK-PB,32.239,74.131,6256
OP28,,Dhingar Airport,Dhingar,PK-BA,29.9233,66.7461,8100
OP31,,Kashmor Airport,Kashmor,PK-SD,28.4706,69.5991,3876
OP33,,Kandhkot Airport,Kandhkot,PK-SD,28.274,69.276,3862
OP34,,Nok Kundi Airport,Nok Kundi,PK-BA,28.8194,62.7307,3722
OP35,,Juzzak Airport,Juzzak,PK-BA,29.0405,61.6474,5015
OP37,,Pano Aqil Southeast Airport,Pano Aqil,PK-SD,27.8131,69.1671,6015
OPBG,BHW,Bhagatanwala Airport,Bhagatanwala,PK-PB,32.0561,72.9484,8970
OPBW,BHV,Bahawalpur Airport,Bahawalpur,PK-PB,29.3481,71.718,9345
OPCH,CJL,Chitral Airport,Chitral,PK-KP,35.8862,71.7999,5741
OPDG,DEA,Dera Ghazi Khan Airport,Dera Ghazi Khan,PK-PB,29.961,70.4859,6499
OPDI,DSK,Dera Ismael Khan Airport [IN-ACTIVE],Dera Ismael Khan,PK-KP,31.9094,70.8966,5000
OPFA,LYP,Faisalabad International Airport,Faisalabad,PK-PB,31.3649,72.9953,9324
OPGW,GWD,New Gwadar International Airport,Gurandani,PK-BA,25.2967,62.4988,12000
OPGT,GIL,Gilgit Airport,Gilgit,PK-GB,35.9188,74.3336,5400
OPIS,ISB,Islamabad International Airport,Attock,PK-PB,33.549,72.8257,12001
OPJA,JAG,Shahbaz Air Base,Jacobabad,PK-SD,28.2842,68.4497,10081
OPKC,KHI,Jinnah International Airport,Karachi,PK-SD,24.9065,67.1608,11155
OPKD,HDD,Hyderabad Airport,Hyderabad,PK-SD,25.3181,68.3661,6998
OPLA,LHE,Allama Iqbal International Airport,Lahore,PK-PB,31.5216,74.4036,11024
OPMA,XJM,Mangla Airport,Mangla,PK-PB,33.0501,73.6384,5000
OPMI,MWD,Mianwali Air Base,Mianwali,PK-PB,32.5631,71.5707,10348
OPMJ,MJD,Moenjodaro Airport,Moenjodaro,PK-SD,27.3352,68.1431,6512
OPMR,,Masroor Air Base,Karachi,PK-SD,24.8936,66.9388,9022
OPMS,ATG,Minhas Air Base,Kamra,PK-PB,33.8691,72.4009,9950
OPMT,MUX,Multan International Airport,Multan,PK-PB,30.2032,71.4191,12353
OPNH,WNS,Shaheed Benazirabad Airport,Nawabashah,PK-SD,26.2194,68.3901,8999
OPOK,,Okara Cantonment Airstrip,Okara,PK-PB,30.741,73.3577,10995
OPPG,PJG,Panjgur Airport,Panjgur,PK-BA,26.9545,64.1325,5000
OPPI,PSI,Pasni Airport,Pasni,PK-BA,25.2905,63.3451,8999
OPPS,PEW,Bacha Khan International Airport,Peshawar,PK-KP,33.9939,71.5146,9000
OPQS,,Dhamial Army Airbase,Rawalpindi,PK-PB,33.5602,73.0332,6693
OPQT,UET,Quetta International Airport,Quetta,PK-BA,30.2514,66.9378,12001
OPRK,RYK,Shaikh Zaid Airport,Rahim Yar Khan,PK-PB,28.3839,70.2796,9842
OPRN,,PAF Base Nur Khan (Benazir Bhutto International Airport),Rawalpindi,PK-PB,33.6167,73.0992,10785
OPRQ,,Rafiqui Air Base,Shorkot,PK-PB,30.7581,72.2825,10000
OPRS,,Risalpur Air Base,Risalpur,PK-KP,34.0811,71.9726,9085
OPSD,KDU,Skardu International Airport,Skardu,PK-GB,35.3387,75.5386,11995
OPSF,,Faisal Air Base,Karachi,PK-SD,24.8742,67.1185,8060
OPSK,SKZ,Begum Nusrat Bhutto International Airport Sukkur,Sukkur,PK-SD,27.722,68.7917,9000
OPSN,SYW,Sehwan Sharif Airport,Sehwan Sharif,PK-SD,26.4731,67.7172,6562
OPSS,SDT,Saidu Sharif Airport,Saidu Sharif,PK-KP,34.8136,72.3528,5745
OPST,SKT,Sialkot International Airport,Sialkot,PK-PB,32.5359,74.3646,11811
OPSU,SUL,Sui Airport,Sui,PK-BA,28.6451,69.1769,6000
OPSW,RZS,Sawan Airport,Sawan Gas Field,PK-SD,26.9662,68.8781,5462
OPTH,BDN,Talhar Airport,Badin,PK-SD,24.8415,68.8384,8968
OPTU,TUK,Turbat International Airport,Turbat,PK-BA,25.9848,63.0289,9022
OPZB,PZH,Zhob Airport,Fort Sandeman,PK-BA,31.3584,69.4636,6001
OR07,,Weddle Field,Long Creek,US-OR,44.7624,-119.1019,4400
OR10,,Roaring Springs Ranch Airport,Frenchglen,US-OR,42.6463,-118.9927,6000
ORAA,IQA,Al Asad Air Base,Hīt,IQ-AN,33.7856,42.4412,13124
ORAT,TQD,Al Taqaddum Air Base,Al Habbaniyah,IQ-AN,33.3381,43.5971,13186
ORBD,,Balad Southeast Airport / Joint Base Balad,Al Bakr,IQ-SD,33.9402,44.3616,11495
ORBI,BGW,Baghdad International Airport / New Al Muthana Air Base,Baghdad,IQ-BG,33.2625,44.2346,13124
ORBM,OSM,Mosul International Airport,Mosul,IQ-NI,36.3058,43.1474,8695
ORBR,,Bashur Airfield,Bashur,IQ-AR,36.5337,44.3399,7333
ORER,EBL,Erbil International Airport,Arbil,IQ-AR,36.236,43.9466,15748
ORKK,KIK,Kirkuk International Airport,Kirkuk,IQ-TS,35.4695,44.3489,9809
ORMM,BSR,Basra International Airport,Basra,IQ-BA,30.5491,47.6621,13124
ORNI,NJF,Al Najaf International Airport,Najaf,IQ-NA,31.9911,44.405,9842
ORQW,RQW,Qayyarah West Airport,Qayyarah,IQ-NI,35.7672,43.1251,11486
ORSH,,Al Sahra Army Air Field,Tikrit,IQ-SD,34.6732,43.543,10225
ORSJ,ISU,Jalal Talabani International Airport,Sulaymaniyah,IQ-SW,35.5605,45.3151,11481
ORTF,,Tall Afar Army Air Field,Tall Afar,IQ-NI,36.2831,42.403,9842
ORTI,,Al Taji Army Air Field,Taji,IQ-BG,33.5239,44.2567,5770
ORTL,XNH,Ali Air Base,Nasiriyah,IQ-DQ,30.9358,46.0901,10935
ORUB,,Ubaydah Bin Al Jarrah Airport,Al Kut,IQ-WA,32.482,45.7571,11666
OS57,,Abu ad Duhur Air Base,Abu ad Duhur,SY-HL,35.7322,37.1042,9810
OS58,,Hamah Air Base,,SY-HM,35.1182,36.7112,9130
OS60,,As Suwayda West Air Base,As Suwayda,SY-SU,32.7052,36.4129,9868
OS61,,Dumayr Air Base,,SY-DI,33.6096,36.749,10335
OS62,,Jirah Air Base,Al Mahdum,SY-HL,36.0967,37.9365,10180
OS63,,Marj Ruhayyil Air Base,Marj Ruhayyil,SY-DI,33.2865,36.4574,9820
OS64,,An Nasiriyah Air Base,,SY-DI,33.919,36.8666,9842
OS65,,Shayrat Air Base,Shayrat,SY-HI,34.4903,36.909,9850
OS66,,Rasm Al-Abboud Air Base,Kuweires Sharqi,SY-HL,36.1871,37.5832,8305
OS67,,Mezzeh Airport,Mezzeh,SY-RD,33.4775,36.2234,9120
OS68,,Saiqal Air Base,Saiqal,SY-DI,33.6824,37.2139,9820
OS69,,Khalkhalah Air Base,Buraq,SY-SU,33.0773,36.5582,9995
OS70,,Al Qusayr Air Base,Al-Qusayr,SY-HI,34.5691,36.5728,10000
OS71,,Minaq Air Base,Minaq,SY-HL,36.5216,37.0415,4935
OS72,,Tiyas Air Base,Tiyas,SY-HI,34.5226,37.6299,10520
OSAP,ALP,Aleppo International Airport,Aleppo,SY-HL,36.1813,37.2269,9547
OSDI,DAM,Damascus International Airport,Damascus,SY-DI,33.4115,36.5156,11811
OSDZ,DEZ,Deir ez-Zor Airport,Deir ez-Zor,SY-DY,35.2854,40.176,9843
OSKL,KAC,Qamishli International Airport,Qamishli,SY-HA,37.0206,41.1914,11860
OSLK,LTK,Latakia International Airport,Latakia,SY-LA,35.4011,35.9487,9175
OSPR,PMS,Palmyra Airport,Tadmur,SY-HI,34.5574,38.3169,9449
OTBD,DIA,Doha International Airport,Doha,QA-DA,25.2594,51.5655,15000
OTBH,XJD,Al Udeid Air Base,Ar Rayyan,QA-RA,25.1173,51.315,12303
OTHH,DOH,Hamad International Airport,Doha,QA-DA,25.2731,51.6081,15912
OY74,,Al Anad Air Base,Al Anad,YE-LA,13.1747,44.7651,9250
OY75,,Canoxy Airport,Heru,YE-HD,15.6018,49.0807,8460
OYAA,ADE,Aden International Airport,Aden,YE-AD,12.8296,45.03,10171
OYAT,AXK,Ataq Airport,Ataq,YE-SH,14.5513,46.8262,9482
OYBA,,Al Badie Airport,Dhula',YE-HD,18.7207,50.8358,9962
OYBN,BHN,Beihan Airport,Beihan,YE-SH,14.7817,45.7197,5480
OYGD,AAY,Al Ghaydah International Airport,Al Ghaydah,YE-MR,16.1933,52.1742,8858
OYRN,RIY,Riyan International Airport,Mukalla(Riyan),YE-HD,14.6622,49.3753,9843
OYSN,SAH,Sanaa International Airport,Sanaa,YE-SA,15.4763,44.2197,10669
OYSQ,SCT,Socotra Airport,Mori,YE-SU,12.6321,53.9062,10827
OYSY,GXF,Seiyun Hadhramaut International Airport,Seiyun,YE-HD,15.9659,48.7881,9843
OYTZ,TAI,Taiz International Airport,Taiz,YE-TA,13.686,44.1391,10040
PA39,,Beaver Springs Airport,Benfer,US-PA,40.7765,-77.2164,4500
PA88,,Nemacolin Airport,Farmington,US-PA,39.8056,-79.5489,3845
PAAK,AKB,Atka Airport,Atka,US-AK,52.2203,-174.206,4500
PAAQ,PAQ,"Warren ""Bud"" Woods Palmer Municipal Airport",Palmer,US-AK,61.5949,-149.089,6006
PAAT,ATU,Casco Cove Coast Guard Station,Attu,US-AK,52.8298,173.1738,5998
PABE,BET,Bethel Airport,Bethel,US-AK,60.7798,-161.838,6400
PABI,BIG,Allen Army Airfield,Delta Junction Ft Greely,US-AK,63.9945,-145.722,9000
PABR,BRW,Wiley Post Will Rogers Memorial Airport,Utqiaġvik,US-AK,71.2854,-156.766,7100
PABV,,Birchwood Airport,Birchwood,US-AK,61.4165,-149.507,4012
PACD,CDB,Cold Bay Airport,Cold Bay,US-AK,55.2079,-162.725,10179
PACL,,Clear Airport,Clear,US-AK,64.2997,-149.1174,3997
PACV,CDV,Merle K (Mudhole) Smith Airport,Cordova,US-AK,60.4918,-145.478,7500
PADG,RDB,Red Dog Airport,Red Dog,US-AK,68.0321,-162.899,6312
PADK,ADK,Adak Airport,Adak,US-AK,51.8836,-176.6428,7790
PADL,DLG,Dillingham Airport,Dillingham,US-AK,59.0447,-158.505,6400
PADQ,ADQ,Kodiak Airport,Kodiak,US-AK,57.75,-152.494,7534
PADU,DUT,Tom Madsen (Dutch Harbor) Airport,Unalaska,US-AK,53.8988,-166.545,4500
PAED,EDF,Elmendorf Air Force Base,Anchorage,US-AK,61.2517,-149.8071,10000
PAEI,EIL,Eielson Air Force Base,Fairbanks,US-AK,64.6657,-147.102,14530
PAEN,ENA,Kenai Municipal Airport,Kenai,US-AK,60.5709,-151.2452,7855
PAFA,FAI,Fairbanks International Airport,Fairbanks,US-AK,64.8151,-147.856,11800
PAFB,FBK,Ladd Army Airfield,Fairbanks,US-AK,64.8375,-147.614,8575
PAFE,,Kake Airport,Kake,US-AK,56.9613,-133.9102,4000
PAFR,FRN,Bryant Army Airfield,Fort Richardson,US-AK,61.2664,-149.653,4175
PAGA,GAL,Edward G. Pitka Sr Airport,Galena,US-AK,64.7362,-156.937,6000
PAGK,GKN,Gulkana Airport,Gulkana,US-AK,62.1559,-145.4547,5001
PAGM,GAM,Gambell Airport,Gambell,US-AK,63.7677,-171.7333,4500
PAGS,GST,Gustavus Airport,Gustavus,US-AK,58.4253,-135.707,6720
PAGY,SGY,Skagway Airport,Skagway,US-AK,59.4603,-135.3167,3550
PAHN,HNS,Haines Airport,Haines,US-AK,59.2439,-135.5239,4000
PAHO,HOM,Homer Airport,Homer,US-AK,59.6445,-151.4792,6701
PAIL,ILI,Iliamna Airport,Iliamna,US-AK,59.7544,-154.911,5086
PAJN,JNU,Juneau International Airport,Juneau,US-AK,58.3549,-134.5744,8857
PAKN,AKN,King Salmon Airport,King Salmon,US-AK,58.6778,-156.652,8901
PAKT,KTN,Ketchikan International Airport,Ketchikan,US-AK,55.3556,-131.714,7500
PAKW,KLW,Klawock Airport,Klawock,US-AK,55.5792,-133.076,5000
PAMC,MCG,McGrath Airport,McGrath,US-AK,62.9529,-155.606,5936
PAMR,MRI,Merrill Field,Anchorage,US-AK,61.2128,-149.844,4000
PANC,ANC,Ted Stevens Anchorage International Airport,Anchorage,US-AK,61.179,-149.9926,12400
PANI,ANI,Aniak Airport,Aniak,US-AK,61.5816,-159.543,6200
PANN,ENN,Nenana Municipal Airport,Nenana,US-AK,64.5488,-149.0745,4600
PANT,ANN,Annette Island Airport,Metlakatla,US-AK,55.0377,-131.5726,7493
PAOM,OME,Nome Airport,Nome,US-AK,64.5122,-165.445,6176
PAOT,OTZ,Ralph Wien Memorial Airport,Kotzebue,US-AK,66.8847,-162.599,6300
PAPC,KPC,Port Clarence Coast Guard Station,Port Clarence,US-AK,65.2537,-166.859,4497
PAPG,PSG,Petersburg James A Johnson Airport,Petersburg,US-AK,56.8017,-132.945,6400
PAPO,PHO,Point Hope Airport,Point Hope,US-AK,68.3488,-166.799,4000
PASC,SCC,Deadhorse Airport,Deadhorse,US-AK,70.1947,-148.465,6500
PASD,SDP,Sand Point Airport,Sand Point,US-AK,55.3139,-160.5221,4000
PASH,SHH,Shishmaref Airport,Shishmaref,US-AK,66.2496,-166.0891,4997
PASI,SIT,Sitka Rocky Gutierrez Airport,Sitka,US-AK,57.0471,-135.362,7200
PASN,SNP,St Paul Island Airport,St Paul Island,US-AK,57.1663,-170.2226,6500
PASX,SXQ,Soldotna Airport,Soldotna,US-AK,60.4749,-151.0385,5001
PASY,SYA,Eareckson Air Station,Shemya,US-AK,52.7123,174.114,10004
PATK,TKA,Talkeetna Airport,Talkeetna,US-AK,62.3205,-150.094,3500
PAUN,UNK,Unalakleet Airport,Unalakleet,US-AK,63.8884,-160.799,5900
PAUT,KQA,Akutan Airport,Akutan,US-AK,54.1446,-165.6043,4500
PAVD,VDZ,Valdez Pioneer Field,Valdez,US-AK,61.1327,-146.2466,6500
PAWD,SWD,Seward Airport,Seward,US-AK,60.1305,-149.4186,4249
PAWG,WRG,Wrangell Airport,Wrangell,US-AK,56.4843,-132.37,6000
PAWS,WWA,Wasilla Airport,Wasilla,US-AK,61.5717,-149.54,3700
PAYA,YAK,Yakutat Airport,Yakutat,US-AK,59.5087,-139.6604,7732
AYXM,,Komo Airport,Komo,PG-HLA,-6.0625,142.8766,6000
PGRO,ROP,Rota International Airport,Rota Island,MP-U-A,14.1733,145.2411,6000
PGSN,SPN,Saipan International Airport,"I Fadang, Saipan",MP-U-A,15.1194,145.7288,8700
PGUA,UAM,Andersen Air Force Base,Yigo,GU-U-A,13.584,144.93,11185
PGUM,GUM,Antonio B. Won Pat International Airport,Hagåtña,GU-U-A,13.485,144.7973,12015
PGWT,TIQ,Francisco Manglona Borja / Tinian International Airport,Tinian Island,MP-U-A,14.9992,145.6194,8600
PHBK,BKH,Barking Sands Airport,Kekaha,US-HI,22.0228,-159.785,6002
PHDH,HDH,Kawaihapai Airfield,Mokuleia,US-HI,21.5795,-158.197,9007
PHHI,HHI,Wheeler Army Airfield,Wahiawa,US-HI,21.4816,-158.037,5608
PHHN,HNM,Hana Airport,Hana,US-HI,20.7956,-156.014,3606
PHJR,JRF,Kalaeloa Airport,Kapolei,US-HI,21.3074,-158.07,8365
PHKO,KOA,Ellison Onizuka Kona International Airport at Keāhole,Kailua-Kona,US-HI,19.7388,-156.0456,11000
PHLI,LIH,Lihue Airport,"Lihue, Kauai",US-HI,21.9744,-159.3371,6500
PHMK,MKK,Molokai Airport,Kaunakakai,US-HI,21.1529,-157.096,4494
PHMU,MUE,Waimea Kohala Airport,Waimea (Kamuela),US-HI,20.0013,-155.668,5197
PHNG,NGF,Kaneohe Bay MCAS (Marion E. Carl Field) Airport,Kaneohe,US-HI,21.4505,-157.768,7771
PHNL,HNL,Daniel K. Inouye International Airport,"Honolulu, Oahu",US-HI,21.3184,-157.9257,12360
PHNY,LNY,Lanai Airport,Lanai City,US-HI,20.7857,-156.9513,5001
PHOG,OGG,Kahului International Airport,Kahului,US-HI,20.8963,-156.4318,6998
PHSF,BSF,Bradshaw Army Airfield,Waimea (Kamuela),US-HI,19.7601,-155.554,3696
PHTO,ITO,Hilo International Airport,Hilo,US-HI,19.7214,-155.0454,9800
PHUP,UPP,Upolu Airport,Hawi,US-HI,20.2653,-155.86,3800
PK-0092,,Mai Bakhtawar International Airport,Islamkot,PK-SD,24.8469,70.0961,7000
PK-REQ,REQ,Reko Diq Airport,Chagai,PK-BA,29.0469,62.1968,5577
PKMA,ENT,Eniwetok Airport,Eniwetok Atoll,MH-ENI,11.3407,162.328,7700
PKMJ,MAJ,Marshall Islands International Airport,Majuro Atoll,MH-MAJ,7.0651,171.2717,7897
PKRO,,Dyess Army Air Field,Roi-Namur,MH-KWA,9.3969,167.471,4499
PKWA,KWA,Bucholz Army Air Field,Kwajalein,MH-KWA,8.7201,167.732,6668
EPPB,,Poznań-Bednary Airfield,Pobiedziska,PL-WP,52.5344,17.2188,6234
EPPG,,Kakolewo (former military),Kąkolewo,PL-WP,52.235,16.243,3904
EPSO,,Sochaczew Air Base,,PL-MZ,52.1986,20.2928,8200
PLCH,CXI,Cassidy International Airport,Kiritimati,KI-L,1.9863,-157.35,6900
PMDY,MDY,Henderson Field,Sand Island,UM-71,28.2017,-177.381,7904
PO1,,Poplar Muni Airport,Poplar,US-MT,48.1329,-105.165,4400
PR27,,Santa Isabel Airport,Santa Isabel,PR-U-A,17.9632,-66.3912,4000
PR36,,Cocal Airport,Toa Baja,PR-U-A,18.459,-66.2191,4000
PTKK,TKK,Chuuk International Airport,Weno Island,FM-TRK,7.4619,151.843,6006
PTPN,PNI,Pohnpei International Airport,Pohnpei Island,FM-PNI,6.9851,158.2099,6600
PTRO,ROR,Roman Tmetuchl International Airport,Babelthuap Island,PW-004,7.367,134.5441,7200
PTSA,KSA,Kosrae International Airport,Okat,FM-KSA,5.357,162.958,5750
PTYA,YAP,Yap International Airport,Yap Island,FM-YAP,9.4989,138.083,6000
PWAK,AWK,Wake Island Airfield,Wake Island,UM-79,19.2824,166.6366,9843
RKRO,QJP,Pocheon (G-217) Airport,Pocheon,KR-41,37.8646,127.1766,3640
RCAY,,Gangshan Air Force Base,Kaohsiung (Gangshan),TW-KHH,22.7825,120.263,8019
RCBS,KNH,Kinmen Airport,Shang-I,TW-X-KM,24.4279,118.359,9843
RCDC,,Pingtung Air Force Base,Pingtung,TW-PIF,22.6726,120.4617,7828
RCFG,LZN,Matsu Nangan Airport,Matsu (Nangan),TW-LIE,26.1597,119.9584,5180
RCFN,TTT,Taitung Airport,Taitung City,TW-TTT,22.7549,121.1018,7999
RCKH,KHH,Kaohsiung International Airport,Kaohsiung (Xiaogang),TW-KHH,22.5771,120.35,10335
RCKU,CYI,Chiayi Airport,Shuishang,TW-CYQ,23.4626,120.3905,10007
RCKW,HCN,Hengchun Airport,Hengchun,TW-PIF,22.0411,120.73,5577
RCLM,DSX,Dongsha Island (Pratas Island) Airport,Kaohsiung (Cijin - Pratas Island),TW-KHH,20.7066,116.721,5085
RCLY,KYD,Lanyu Airport,Orchid Island,TW-TTT,22.027,121.535,3852
RCMQ,RMQ,Taichung International Airport / Ching Chuang Kang Air Base,Taichung (Qingshui),TW-TXG,24.2647,120.621,12000
RCMT,MFK,Matsu Beigan Airport,Matsu (Beigan),TW-LIE,26.2241,120.0027,3773
RCNN,TNN,Tainan International Airport / Tainan Air Base,Tainan (Rende),TW-TNN,22.9504,120.206,10007
RCPO,HSZ,Hsinchu Air Base,Hsinchu City,TW-HSZ,24.818,120.939,11955
RCQC,MZG,Penghu Magong Airport,Huxi,TW-PEN,23.5687,119.628,9843
RCQS,,Chihhang Air Base,Taitung City,TW-TTT,22.7931,121.182,11055
RCSQ,,Pingtung Air Force Base North,Pingtung,TW-PIF,22.7002,120.482,8012
RCSS,TSA,Taipei Songshan International Airport,Taipei (Songshan),TW-TPE,25.0672,121.5528,8547
RCTP,TPE,Taiwan Taoyuan International Airport,Taoyuan,TW-TAO,25.0777,121.233,12008
RCYU,HUN,Hualien Chiashan Airport,Hualien City,TW-HUA,24.0232,121.618,9022
RJAA,NRT,Narita International Airport,Narita,JP-12,35.7686,140.3887,13123
RJAF,MMJ,Shinshu-Matsumoto Airport,Matsumoto,JP-20,36.1668,137.923,6560
RJAH,IBR,Ibaraki Airport,Omitama,JP-08,36.1815,140.4144,8858
RJAM,MUS,JMSDF Minami Torishima Air Base,Ogasawara,JP-13,24.2897,153.979,4500
RJAW,IWO,Ioto (Iwo Jima) Airbase,Ogasawara,JP-13,24.7842,141.3226,8700
RJBB,KIX,Kansai International Airport,Osaka,JP-27,34.4273,135.244,13123
RJBD,SHM,Nanki Shirahama Airport,Shirahama,JP-30,33.6622,135.364,6560
RJBE,UKB,Kobe Airport,Kobe,JP-28,34.6328,135.224,8202
RJBK,,Kohnan Airport,Okayama,JP-33,34.5908,133.933,4327
RJBT,TJH,Konotori Tajima Airport,Toyooka,JP-28,35.5128,134.787,3937
RJCB,OBO,Tokachi-Obihiro Airport,Obihiro,JP-01,42.7333,143.217,8202
RJCC,CTS,New Chitose Airport,Sapporo,JP-01,42.7748,141.6904,9843
RJCH,HKD,Hakodate Airport,Hakodate,JP-01,41.77,140.822,9842
RJCJ,,JASDF Chitose Air Base,Chitose,JP-01,42.7945,141.666,13124
RJCK,KUH,Kushiro Airport,Kushiro,JP-01,43.041,144.193,8202
RJCM,MMB,Memanbetsu Airport,Ōzora,JP-01,43.8806,144.164,8202
RJCN,SHB,Nakashibetsu Airport,Nakashibetsu,JP-01,43.5775,144.96,6560
RJCO,OKD,Sapporo Okadama Airport,Sapporo,JP-01,43.1174,141.3813,4920
RJCT,,Tokachi Airport,Obihiro,JP-01,42.8905,143.158,4920
RJCW,WKJ,Wakkanai Airport,Wakkanai,JP-01,45.4042,141.801,6560
RJDB,IKI,Iki Airport,Iki,JP-42,33.749,129.785,4331
RJDC,UBJ,Yamaguchi Ube Airport,Ube,JP-35,33.93,131.279,8200
RJDT,TSJ,Tsushima Airport,Tsushima,JP-42,34.2849,129.331,6234
RJEB,MBE,Monbetsu Airport,Monbetsu,JP-01,44.3039,143.404,6562
RJEC,AKJ,Asahikawa Airport,Higashikagura,JP-01,43.6708,142.447,8200
RJEO,OIR,Okushiri Airport,Okushiri Island,JP-01,42.0717,139.433,4922
RJER,RIS,Rishiri Airport,Rishiri,JP-01,45.242,141.186,5906
RJFA,,JASDF Ashiya Air Base,Ashiya,JP-40,33.8831,130.653,5380
RJFC,KUM,Yakushima Airport,Yakushima,JP-46,30.3856,130.659,4921
RJFE,FUJ,Fukue Airport,Goto,JP-42,32.6663,128.833,6561
RJFF,FUK,Fukuoka Airport,Fukuoka,JP-40,33.5859,130.451,9186
RJFG,TNE,New Tanegashima Airport,Tanegashima,JP-46,30.6051,130.991,6544
RJFK,KOJ,Kagoshima Airport,Kagoshima,JP-46,31.8034,130.719,9840
RJFM,KMI,Miyazaki Airport,Miyazaki,JP-45,31.8772,131.449,8200
RJFN,,JASDF Nyūtabaru Air Base,Shintomi,JP-45,32.0836,131.451,8860
RJFO,OIT,Oita Airport,Oita,JP-44,33.4794,131.737,9840
RJFR,KKJ,Kitakyushu Airport,Kitakyushu,JP-40,33.8459,131.035,8202
RJFS,HSG,Kyushu Saga International Airport,Saga,JP-41,33.1497,130.302,6562
RJFT,KMJ,Kumamoto Airport,Kumamoto,JP-43,32.8373,130.855,9840
RJFU,NGS,Nagasaki Airport,Nagasaki,JP-42,32.9169,129.914,9840
RJFY,,JMSDF Kanoya Air Base,Kanoya,JP-46,31.3667,130.8388,7382
RJFZ,,JASDF Tsuiki Air Base,Tsuiki,JP-40,33.685,131.04,7870
RJGG,NGO,Chubu Centrair International Airport,Tokoname,JP-23,34.8584,136.805,11483
RJKA,ASJ,Amami Airport,Amami,JP-46,28.4306,129.713,6560
RJKB,OKE,Okinoerabu Airport,Wadomari,JP-46,27.4316,128.7056,4430
RJKI,KKX,Kikai Airport,Kikai,JP-46,28.3213,129.928,4307
RJKN,TKN,Tokunoshima Airport,Amagi,JP-46,27.8364,128.8814,6561
RJNA,NKM,Nagoya Airport / JASDF Komaki Air Base,Nagoya,JP-23,35.2558,136.9241,8990
RJNF,FKJ,Fukui Airport,Fukui,JP-18,36.1428,136.224,4329
RJNG,QGU,Gifu Airport,Gifu,JP-21,35.3941,136.87,8860
RJNH,,JASDF Hamamatsu Air Base,Hamamatsu,JP-22,34.7502,137.703,8366
RJNK,KMQ,Komatsu Airport / JASDF Komatsu Air Base,Kanazawa,JP-17,36.3934,136.4069,8876
RJNO,OKI,Oki Global Geopark Airport,Okinoshima,JP-32,36.1784,133.3236,6531
RJNS,FSZ,Mount Fuji Shizuoka Airport,Makinohara / Shimada,JP-22,34.795,138.191,7218
RJNT,TOY,Toyama Kitokito Airport,Toyama,JP-16,36.6484,137.1874,6562
RJNW,NTQ,Noto Satoyama Airport,Wajima,JP-17,37.2931,136.962,6562
RJNY,,JASDF Shizuhama Air Base,Yaizu,JP-22,34.8128,138.298,4920
RJOA,HIJ,Hiroshima Airport,Hiroshima,JP-34,34.4361,132.919,9842
RJOB,OKJ,Okayama Momotaro Airport,Okayama,JP-33,34.7569,133.855,9843
RJOC,IZO,Izumo Enmusubi Airport,Izumo,JP-32,35.4136,132.89,6562
RJOF,,JASDF Hofu Airfield,Hofu,JP-35,34.0347,131.5487,4856
RJOH,YGJ,Yonago Kitaro Airport / JASDF Miho Air Base,Yonago,JP-31,35.4922,133.236,8202
RJOI,IWK,Iwakuni Kintaikyo Airport,Iwakuni,JP-35,34.1463,132.2472,8000
RJOK,KCZ,Kochi Ryoma Airport,Nankoku,JP-39,33.5452,133.6702,8203
RJOM,MYJ,Matsuyama Airport,Matsuyama,JP-38,33.8269,132.7001,8200
RJOO,ITM,Osaka Itami International Airport,Osaka,JP-27,34.7809,135.4408,9840
RJOR,TTJ,Tottori Sand Dunes Conan Airport,Tottori,JP-31,35.5301,134.165,6562
RJOS,TKS,Tokushima Awaodori Airport / JMSDF Tokushima Air Base,Tokushima,JP-36,34.1326,134.6078,6560
RJOT,TAK,Takamatsu Airport,Takamatsu,JP-37,34.215,134.0155,8200
RJOW,IWJ,Iwami Airport,Masuda,JP-32,34.6764,131.79,6562
RJOY,,Yao Airport,Yao,JP-27,34.5963,135.603,4890
RJOZ,,Ozuki Airfield,Shimonoseki,JP-35,34.0453,131.052,3940
RJSA,AOJ,Aomori Airport,Aomori,JP-02,40.7338,140.6895,9846
RJSC,GAJ,Yamagata Airport,Higashine,JP-06,38.4119,140.371,6560
RJSF,FKS,Fukushima Airport,Sukagawa,JP-07,37.2274,140.431,8202
RJSH,HHE,JMSDF Hachinohe Air Base / Hachinohe Airport,Hachinohe,JP-02,40.5512,141.4654,7380
RJSI,HNA,Iwate Hanamaki Airport,Hanamaki,JP-03,39.4286,141.135,8202
RJSK,AXT,Akita Airport,Akita,JP-05,39.6156,140.219,8200
RJSM,MSJ,Misawa Airport / Misawa Air Base,Misawa,JP-02,40.7032,141.368,10000
RJSN,KIJ,Niigata Airport,Niigata,JP-15,37.9542,139.1122,8200
RJSR,ONJ,Odate Noshiro Airport,Kitaakita,JP-05,40.1919,140.371,6562
RJSS,SDJ,Sendai Airport,Natori,JP-04,38.1397,140.917,9842
RJST,,JASDF Matsushima Air Base,Ishinomaki,JP-04,38.4049,141.22,8860
RJSY,SYO,Shonai Airport,Shonai,JP-06,38.8122,139.787,6560
RJTA,NJA,JMSDF Atsugi Air Base / Naval Air Facility Atsugi,Ayase / Yamato,JP-14,35.4546,139.45,8000
RJTH,HAC,Hachijojima Airport,Hachijojima,JP-13,33.1148,139.7856,6563
RJTJ,,Iruma Air Base,Sayama,JP-13,35.8419,139.411,6562
RJTK,,JGSDF Kisarazu Airfield,Kisarazu,JP-12,35.3983,139.91,6004
RJTL,,JMSDF Shimofusa Air Base,Matsudo,JP-12,35.7989,140.011,7380
RJTO,OIM,Oshima Airport,Izu Oshima,JP-13,34.782,139.36,5905
RJTQ,MYE,Miyakejima Airport,Miyakejima,JP-13,34.0736,139.56,4350
RJTT,HND,Tokyo Haneda International Airport,Tokyo,JP-13,35.5497,139.787,11024
RJTU,,Utsunomiya Air Field,Utsunomiya,JP-09,36.5145,139.871,5570
RJTY,OKO,Yokota Air Base,Fussa,JP-13,35.7485,139.348,11000
RK13,,Yanggu (G-404) Airport,Yanggu,KR-42,38.0866,127.9868,3600
RK6O,,Jecheon (G-605) Airport,Jecheon,KR-43,37.1628,128.2192,3705
RKJB,MWX,Muan International Airport,Muan (Piseo-ri),KR-46,34.9914,126.3828,9186
RKJJ,KWJ,Gwangju Airport,Gwangju,KR-29,35.1232,126.8054,9300
RKJK,KUV,Gunsan Airport / Gunsan Air Base,Gunsan,KR-45,35.9038,126.616,9000
RKJM,,Mokpo Air Base,Gonghang-ro (Mokpo),KR-46,34.759,126.3803,5249
RKJU,CHN,Jeonju (G 703) Air Base,Jeonju,KR-45,35.8783,127.1189,4800
RKJY,RSU,Yeosu Airport,Yeosu,KR-46,34.8423,127.617,6890
RKNN,KAG,Gangneung Airport (K-18),Gangneung,KR-42,37.7536,128.9439,9000
RKNW,WJU,Wonju Airport / Hoengseong Air Base (K-38/K-46),Wonju,KR-42,37.4371,127.9601,9000
RKNY,YNY,Yangyang International Airport,Gonghang-ro,KR-42,38.0605,128.6698,8202
RKPC,CJU,Jeju International Airport,Jeju City,KR-49,33.5121,126.4925,10433
RKPD,JDG,Jeongseok Airport,Jeju Island,KR-49,33.3996,126.712,7589
RKPE,CHF,Jinhae Air Base,Jinhae,KR-48,35.1402,128.6962,3766
RKPK,PUS,Gimhae International Airport,Busan,KR-26,35.1795,128.938,10499
RKPS,HIN,Sacheon Airport / Sacheon Air Base,Sacheon,KR-48,35.0886,128.0717,9000
RKPU,USN,Ulsan Airport,Ulsan,KR-31,35.5935,129.352,6561
RKRA,,Ganap-ri (G-222) Airport,Ganap-ri,KR-41,37.8301,126.9901,3915
RKRN,,Icheon (G-510) Airfield,Jinsangmi-ro,KR-41,37.2007,127.4692,5314
RKRS,,Susaek (G 113) Airport,Goyang,KR-41,37.6005,126.8695,3680
RKSG,,Camp Humphreys (A-511) Desiderio Army Airfield,Pyeongtaek,KR-41,36.9624,127.0311,8217
RKSI,ICN,Incheon International Airport,Seoul,KR-28,37.4691,126.451,13123
RKSM,SSN,Seoul Air Base (K-16),Seongnam,KR-41,37.4447,127.1127,9700
RKSO,OSN,Osan Air Base,Pyeongtaek,KR-41,37.0915,127.0294,9004
RKSS,GMP,Seoul Gimpo International Airport,Seoul,KR-11,37.5583,126.791,11811
RKSW,SWU,Suwon Airport,Suwon,KR-41,37.2394,127.007,9000
RKTE,,Seongmu Airport,,KR-43,36.5682,127.5,4000
RKTH,KPO,Pohang Airport (G-815/K-3),Pohang,KR-47,35.988,129.4204,7000
RKTI,JWO,Jungwon Air Base/Chungju Airport,Gimseang-ro,KR-43,37.0302,127.8864,9330
RKTN,TAE,Daegu International Airport,Daegu,KR-27,35.8944,128.657,9039
RKTP,HMY,Seosan Air Base,Seosan,KR-44,36.704,126.486,9000
RKTU,CJJ,Cheongju International Airport/Cheongju Air Base (K-59/G-513),Cheongju,KR-43,36.7156,127.5003,9000
RKTY,YEC,Yecheon Airbase,Yecheon-ri,KR-47,36.6304,128.3497,9000
RKUL,,G 536 Airport,Songdang-ri,KR-44,36.2671,127.1089,3937
ROAH,OKA,Naha International Airport,Naha,JP-47,26.1924,127.6398,9840
RODN,DNA,Kadena Air Base,Okinawa,JP-47,26.3517,127.7694,12100
ROIG,ISG,New Ishigaki Airport,Ishigaki,JP-47,24.3964,124.245,6562
ROKJ,UEO,Kumejima Airport,Kumejima,JP-47,26.3634,126.7138,6562
ROMD,MMD,Minamidaito Airport,Minamidaito,JP-47,25.8465,131.263,4921
ROMY,MMY,Miyako Airport,Miyakojima,JP-47,24.7828,125.295,6560
RORE,IEJ,Iejima Airport,Ie,JP-47,26.7225,127.7868,4920
RORK,KTD,Kitadaito Airport,Kitadaitōjima,JP-47,25.9447,131.327,4921
RORS,SHI,Shimojishima Airport,Miyakojima,JP-47,24.8267,125.145,9842
RORT,TRA,Tarama Airport,Tarama,JP-47,24.6538,124.6755,4921
RORY,RNJ,Yoron Airport,Yoron,JP-46,27.0438,128.4016,4340
ROTM,,Futenma Marine Corps Air Station,,JP-47,26.2743,127.756,9000
ROYN,OGN,Yonaguni Airport,Yonaguni,JP-47,24.4673,122.9798,4920
RP15,,Isabel PASAR Airport,Isabel,PH-LEY,10.9123,124.4379,3937
RP17,,Malita Airport,Malita,PH-DOC,6.4027,125.6193,3937
RPLA,,Pinamalayan Airport,Pinamalayan,PH-MDR,12.9858,121.426,3937
RPLB,SFS,Subic Bay International Airport / Naval Air Station Cubi Point,Olongapo,PH-ZMB,14.7948,120.2719,9003
RPLC,CRK,Clark International Airport / Clark Air Base,Mabalacat,PH-PAM,15.186,120.56,10499
RPLE,BSI,Balesin Island Airport,Balesin,PH-BAS,14.4186,122.0392,5010
RPLH,LLC,Cagayan North International Airport,Lal-lo,PH-CAG,18.1824,121.7462,6890
RPLI,LAO,Laoag International Airport,Laoag City,PH-ILN,18.1751,120.531,9120
RPLK,DRP,Bicol International Airport,Legazpi,PH-ALB,13.1119,123.6768,8202
RPLL,MNL,Ninoy Aquino International Airport,Manila (Pasay),PH-00,14.5086,121.02,12261
RPLS,SGL,Danilo Atienza Air Base,Cavite,PH-CAV,14.4954,120.904,7769
RPLU,LBX,Lubang Airport,Lubang,PH-MDC,13.8554,120.105,4135
RPLV,,Fort Magsaysay Airport,Santa Rosa,PH-NUE,15.4347,121.091,5249
RPMA,AAV,Allah Valley Airport,Surallah,PH-SCO,6.3679,124.7524,4396
RPMB,,Rajah Buayan Air Base,General Santos City,PH-SCO,6.1055,125.2349,5577
RPMC,CBO,Cotabato (Awang) Airport,Datu Odin Sinsuat,PH-MDN,7.1648,124.2099,6234
RPMD,DVO,Francisco Bangoy International Airport,Davao,PH-DVO,7.1255,125.646,9842
RPME,BXU,Bancasi Airport,Butuan,PH-BTC,8.9515,125.4788,6877
RPMF,BPH,Bislig Airport,Bislig,PH-SUR,8.1951,126.321,3937
RPMG,DPL,Dipolog Airport,Dipolog,PH-ZAN,8.602,123.3419,6273
RPMH,CGM,Camiguin Airport,Mambajao,PH-CAM,9.2539,124.7091,3945
RPMI,IGN,Maria Cristina (Iligan) Airport,Balo-i,PH-LAN,8.1305,124.215,4593
RPMJ,JOL,Jolo Airport,Jolo,PH-SLU,6.0537,121.011,4144
RPML,,Lumbia Airfield,Cagayan de Oro,PH-CGY,8.4152,124.6112,8050
RPMN,TWT,Sanga Sanga Airport,Bongao,PH-TAW,5.0482,119.7433,6102
RPMO,OZC,Labo Airport,Ozamiz,PH-MSC,8.1785,123.842,5720
RPMP,PAG,Pagadian Airport,Pagadian,PH-ZAS,7.8256,123.4596,6574
RPMQ,MXI,Mati National Airport,Mati,PH-DAO,6.9491,126.2737,5330
RPMR,GES,General Santos International Airport,General Santos,PH-SCO,6.0572,125.0962,10587
RPMS,SUG,Surigao Airport,Surigao City,PH-SUN,9.7558,125.4809,5603
RPMW,TDG,Tandag Airport,Tandag,PH-SUR,9.072,126.1713,4765
RPMY,CGY,Laguindingan International Airport,Laguindingan,PH-MSR,8.6122,124.4565,6890
RPMZ,ZAM,Zamboanga International Airport,Zamboanga,PH-ZMC,6.9224,122.06,8560
RPNS,IAO,Siargao Airport,Del Carmen,PH-SUN,9.8591,126.014,4167
RPSB,,Bantayan Airport,Santa Fe,PH-CEB,11.1617,123.7849,3529
RPSM,,Maasin Airport,Maasin,PH-SLE,10.1857,124.7832,3642
RPSP,TAG,Bohol-Panglao International Airport,Panglao,PH-BOH,9.573,123.7701,8202
RPSV,SWL,San Vicente Airport,San Vicente,PH-PLW,10.5243,119.2729,5915
RPUB,BAG,Loakan Airport,Baguio,PH-BAG,16.375,120.6199,5912
RPUD,DTE,Daet Airport,Daet,PH-CAN,14.1292,122.98,3773
RPUF,,Basa Air Base,Floridablanca,PH-PAM,14.9872,120.4926,8433
RPUH,SJI,San Jose Airport,San Jose,PH-MDC,12.3615,121.047,6024
RPUL,,Basilio Fernando Air Base,Lipa,PH-BTG,13.955,121.125,4953
RPUM,MBO,Mamburao Airport,Mamburao,PH-MDC,13.208,120.6055,4265
RPUN,WNP,Naga Airport,Naga,PH-CAS,13.5849,123.27,4599
RPUO,BSO,Basco Airport,Basco,PH-BTN,20.4513,121.98,4101
RPUQ,,Vigan Airport,Vigan City,PH-ILS,17.5553,120.356,3890
RPUR,BQA,Dr. Juan C. Angara Airport,Baler,PH-AUR,15.7293,121.5,3937
RPUS,SFE,San Fernando Airport,San Fernando,PH-LUN,16.5956,120.303,3937
RPUT,TUG,Tuguegarao Airport,Tuguegarao City,PH-CAG,17.6434,121.7332,6455
RPUV,VRC,Virac Airport,Virac,PH-CAT,13.5764,124.206,5118
RPUW,MRQ,Marinduque Airport,Gasan,PH-MAD,13.361,121.826,4785
RPUY,CYZ,Cauayan Airport,Cauayan City,PH-ISA,16.9299,121.753,6890
RPVA,TAC,Daniel Z. Romualdez Airport,Tacloban City,PH-LEY,11.2278,125.0278,7014
RPVB,BCD,Bacolod-Silay International Airport,Bacolod City,PH-NEC,10.7762,123.0189,6562
RPVC,CYP,Calbayog Airport,Calbayog City,PH-WSA,12.0726,124.5451,4843
RPVD,DGT,Sibulan Airport,Dumaguete City,PH-NER,9.3342,123.3019,6220
RPVE,MPH,Godofredo P. Ramos Airport,Caticlan,PH-AKL,11.9245,121.954,5905
RPVF,CRM,Catarman National Airport,Catarman,PH-NSA,12.5016,124.6353,4429
RPVG,,Guiuan Airport,Guiuan,PH-EAS,11.0355,125.742,7919
RPVI,ILO,Iloilo International Airport,Cabatuan,PH-ILI,10.833,122.4934,8202
RPVJ,MBT,Moises R. Espinosa Airport,Masbate,PH-MAS,12.3697,123.6301,4199
RPVK,KLO,Kalibo International Airport,Kalibo,PH-AKL,11.6794,122.376,7175
RPVM,CEB,Mactan Cebu International Airport,Cebu City/Lapu-Lapu City,PH-CEB,10.3093,123.9797,10860
RPVO,OMC,Ormoc Airport,Ormoc City,PH-LEY,11.0577,124.5656,6120
RPVP,PPS,Puerto Princesa International Airport / PAF Antonio Bautista Air Base,Puerto Princesa,PH-PLW,9.742,118.7591,8530
RPVR,RXS,Roxas Airport,Roxas City,PH-CAP,11.5977,122.752,6201
RPVS,EUQ,Evelio Javier Airport,San Jose,PH-ANT,10.7666,121.9325,3937
RPVU,TBH,Tugdan Airport,Tablas Island,PH-ROM,12.311,122.085,4560
RPVW,BPA,Borongan Airport,Borongan City,PH-EAS,11.6743,125.4793,3935
OERS,RSI,Red Sea International Airport,Hanak,SA-07,25.628,37.0889,12139
RU-0001,,Levashovo Air Base,St. Petersburg,RU-SPE,60.0867,30.1933,8530
RU-0003,,Protasovo Regional Airport,Listvyanka,RU-RYA,54.4933,39.9317,9843
XIAB,,Bada Air Base,Bada,RU-ZAB,51.4069,109.9001,8202
RU-0010,,Balashov Air Base,Balashov,RU-SAR,51.5317,43.3017,6561
RU-0015,,Khotilovo Air Base,Bologoye,RU-TVE,57.655,34.1,9842
RU-0016,,Lipetsk Air Base,Lipetsk,RU-LIP,52.635,39.445,9842
RU-0018,,Buturlinovka Air Base,Buturlinovka,RU-VOR,50.7922,40.6062,8202
UWOI,,Chebenki Air Base,Orenburg,RU-ORE,51.9749,55.549,8202
RU-0023,,Chindant Air Base,Borzya,RU-ZAB,50.3968,116.3461,8202
RU-0028,,Kaliningrad Chkalovsk Naval Air Base,Kaliningrad,RU-KGD,54.7666,20.3968,9841
UNKN,,Kansk West Airport,Kansk,RU-KYA,56.2055,95.6362,4200
RU-0033,,Plestsy Air Base,Plesetsk,RU-ARK,62.7195,40.4982,11482
RU-0034,,Verkhnyaya Toyma Airport,Verkhnyaya Toyma,RU-ARK,62.2396,45.0198,5248
UIIR,,Irkutsk Northwest Airport,Irkutsk,RU-IRK,52.3676,104.1833,8530
RU-0043,,Mius Airport,Sarov,RU-NIZ,54.9583,43.3117,8202
UWKP,,Menzelinsk Airport,Menzelinsk,RU-TA,55.72,53.06,4100
USMQ,,Yamburg Airport,Yamburg,RU-YAN,67.9873,75.098,7989
RU-0058,,Tasayevo Airport,Tasayevo,RU-KYA,57.175,94.89,4100
RU-0060,,Chernyakhovsk Naval Air Base,Chernyakhovsk,RU-KGD,54.6017,21.7824,8203
RU-0065,,Pribylovo Naval Air Base,Pribilovo,RU-LEN,60.4583,28.7467,6562
RU-0089,NOI,Krymsk Air Base,Krymsk,RU-KDA,44.9629,37.9991,9842
UUBG,,Sasovo Airfield,Sasovo,RU-RYA,54.3561,41.9833,4900
RU-0095,,Troekurovka Air Base,Syzran,RU-SAM,53.2255,48.5497,7217
RU-0101,,Ashuluk Airfield,,RU-AST,47.4226,47.9272,8530
RU-0114,,Panfilovo Airport,Kalmanka,RU-ALT,53.1243,83.3743,6560
XWWO,,Bobrovka Air Base,Kinel,RU-SAM,53.145,50.71,8202
UHII,,Chernigovka Air Base,Chernigovka,RU-PRI,44.3224,132.5453,8202
RU-0137,,Gazimurskiy Zavod Airport,Gazimurskiy Zavod,RU-ZAB,51.547,118.37,3608
UHIU,,Uglovaya Air Base,Artyom,RU-PRI,43.348,132.0588,8202
URKT,,Tikhoretsk Air Base,Tikhoretsk,RU-KDA,45.879,40.105,8203
RU-0195,,Kinel-Cherkassy Air Base,Kinel-Cherkassy,RU-SAM,53.465,51.56,6562
RU-0211,,Taganrog Tsentralny Air Base,Taganrog,RU-ROS,47.2465,38.8403,8219
RU-0240,,Seshcha Air Base,Dubrovka,RU-BRY,53.7153,33.3391,9842
RU-0257,,Vyazma Air Base,Vyazma-Bryanskaya,RU-SMO,55.1483,34.3829,6561
RU-0282,,Millerovo Air Base,Millerovo,RU-ROS,48.9552,40.2964,9842
XHHP,,Pereyaslavka-2 Air Base,Pereyaslavka,RU-KHA,47.997,135.0882,8202
RU-0298,,Marinovka Air Base,Volgograd,RU-VGG,48.637,43.789,8136
RU-0299,,Varfolomeyevka Air Base,Varfolomeyevka,RU-PRI,44.2618,133.4117,8202
RU-0303,,Privolzhskiy Air Base,Astrakhan,RU-AST,46.3957,47.8877,11483
RU-0304,,Kapustin Yar Airfield,Znamensk,RU-AST,48.667,45.732,3855
RU-0307,,Kotelnikovo Air Base,Kotelnikovo,RU-VGG,47.635,43.095,8202
RU-0312,,Belaya Kalitva Airfield,Belaya Kalitva,RU-ROS,48.217,40.82,4430
RU-0313,,Zernograd Air Base,Zernograd,RU-ROS,46.835,40.38,8202
UHWV,,Vozdvizhenka Air Base,Vozdvizhenka,RU-PRI,43.9075,131.925,8202
XHIL,,Khorol Air Base,Khorol,RU-PRI,44.449,132.124,12138
RU-0333,,Novorossiya Airfield,Novorossiya,RU-PRI,43.347,132.557,6562
RU-0345,,Nazarovo Airport,Nazarovo,RU-KYA,55.9725,90.4902,4430
RU-0368,,Seltsy Airfield,Seltsy,RU-RYA,54.9237,39.6392,4101
RU-0372,,Rostov-on-Don Central Air Base,Rostov-on-Don,RU-ROS,47.2774,39.6356,8203
RU-0380,,Akhtubinsk Air Base,Akhtubinsk,RU-AST,48.3085,46.2365,13123
UINO,,Oktyabrskiy Airport,Oktyabrskiy,RU-IRK,56.0881,99.4095,5577
UNIM,MJY,Motygino Airport,Motygino,RU-KYA,58.1809,94.7453,4275
RU-0538,,Nikolayevka Air Base,Nikolayevka,RU-PRI,43.0856,133.1905,9186
RU-0743,,Khabarovsk Tsentralny Airfield,Khabarovsk,RU-KHA,48.4626,135.1516,7875
RU-0845,,Gorelovo Aerodrome,Saint Petersburg,RU-SPE,59.7655,30.0717,8200
XLMK,KVK,Kirovsk-Apatity Airport,Apatity,RU-MUR,67.4629,33.5853,8202
RU-10047,,Rtishchevo Air Base,Rtishchevo,RU-SAR,52.2973,43.7241,6562
UUBL,,Semyazino Airport,Vladimir,RU-VLA,56.1274,40.3152,6233
XLLL,,Soltsy-2 Air Base,Soltsy,RU-NGR,58.1395,30.3304,9842
RU-10050,TYA,Klokovo Air Base,Tula,RU-TUL,54.239,37.6,5904
ULAE,,Mezen Airfield,Mezen,RU-ARK,65.8783,44.215,4758
RU-10052,,Stary Oskol Airfield,Stary Oskol,RU-BEL,51.3292,37.7688,5905
UUWE,,Yermolino Air Base,Balabanovo,RU-KLU,55.2286,36.6086,9800
ULNR,,Staraya Russa Air Base,Staraya Russa,RU-NGR,57.9614,31.3844,6561
RU-10056,,Fedotovo Naval Air Base,Kipelovo,RU-VLG,59.1904,39.1235,11482
RU-10057,,Severomorsk-1 Naval Air Base,Severomorsk,RU-MUR,69.0317,33.4183,11482
RU-10058,,Severomorsk-3 Naval Air Base,Severomorsk,RU-MUR,68.8667,33.7167,8202
UUBD,,Dyagilevo Air Base,Ryazan,RU-RYA,54.6423,39.569,9842
URRW,,Veshenskaya Airfield,Veshenskaya,RU-ROS,49.6568,41.7007,5249
RU-10062,,Khanskaya Air Base,Maykop,RU-AD,44.6796,40.0361,8203
RU-10063,,Velsk Airfield,Velsk,RU-ARK,61.0398,42.1033,5412
ULWR,,Vytegra Airfield,Vytegra,RU-VLG,61.0324,36.435,4429
RU-10076,LNX,Smolensk North Airport,Smolensk,RU-SMO,54.824,32.025,8202
URKE,EIK,Yeysk Airport,Yeysk,RU-KDA,46.68,38.21,11810
URRM,,Morozovsk Air Base,Morozovsk,RU-ROS,48.313,41.791,8203
RU-1071,,Kamensk-Uralskiy Air Base,Kamensk Uralskiy,RU-SVE,56.4367,61.9867,8858
RU-1110,,Monchegorsk Air Base,Monchegorsk,RU-MUR,67.9867,33.0183,7874
RU-1221,,Vozzhayevka Air Base,Vozzhayevka,RU-AMU,50.77,128.777,8202
XHSO,,Dolinsk-Sokol Air Base,Dolinsk,RU-SAK,47.2617,142.768,8202
RU-2244,,Ukrainka Air Base,Belogorsk,RU-AMU,51.17,128.445,11482
RU-2249,,Gromovo Air Base,Gromovo,RU-LEN,60.7133,30.1117,8202
RU-2344,,Samara Kryazh Air Base,Samara,RU-SAM,53.1083,50.0983,6562
UUFO,,Oreshkovo Airfield,Kaluga,RU-KLU,54.4677,36.0737,6562
XWSB,,Bagay-Baranovka Air Base,Sennoy,RU-SAR,52.1397,46.9694,8197
XNKG,,Kansk Air Base,Kansk,RU-KYA,56.1233,95.6633,8202
RU-4111,,Domna Air Base,Chita,RU-ZAB,51.9165,113.1214,8202
RU-4339,,Tambov Air Base,Tambov,RU-TAM,52.7006,41.3742,8202
XWKD,,Danilovo Air Base,Yoshkar Ola,RU-ME,56.66,48.0333,7710
RU-4464,,Olenya Air Base,Olenegorsk,RU-MUR,68.1518,33.4639,11482
ULDA,,Rogachyovo Air Base,Belaya,RU-ARK,71.6167,52.4783,8202
RU-4609,,Shatalovo Air Base,Pochinok,RU-SMO,54.34,32.4733,8202
UIAI,,Cheryomushki Air Base,Chita,RU-ZAB,52.073,113.4333,8858
RU-4936,,Klyuchi Air Base,Klyuchi,RU-KAM,56.3098,160.8045,6562
XHIS,,Chuguyevka Air Base,Chuguyevka,RU-PRI,44.0833,133.868,8202
RU-5672,,Ivanovo North Air Base,Ivanovo,RU-IVA,57.0583,40.9817,9842
XWON,,Orenburg Air Base,Orenburg,RU-ORE,51.7091,55.02,8202
RU-6558,,Lyambir Air Base,Saransk,RU-MO,54.285,45.1683,6562
XIUW,,Ulan-Ude East Airport,Ulan Ude,RU-BU,51.85,107.738,9842
RU-6687,,Michurinsk Air Base,Michurinsk,RU-TAM,52.9175,40.3658,7217
RU-6878,,Savasleyka Air Base,Vykska,RU-NIZ,55.4397,42.309,9842
RU-7218,,Matrosovo Air Base,Leonidovo,RU-SAK,49.4017,142.883,8202
XIAS,,Step Air Base,Chita,RU-ZAB,51.0201,115.431,9841
XSSN,,Salka Airfield,Nizhny Tagil,RU-SVE,57.9883,60.235,8202
USCU,,Uprun Air Base,Uvelsky,RU-CHE,54.375,61.3533,8202
RU-8363,,Voronezh Baltimore Air Base,Voronezh,RU-VOR,51.62,39.14,11483
RU-8499,,Sharomy Air Base,Sharomy,RU-KAM,54.2945,158.1515,11482
RU-8602,,Engels Air Base,Saratov,RU-SAR,51.4805,46.215,11475
RU-8604,,Totskoye Air Base,Totskoye,RU-ORE,52.5017,52.78,8202
RU-9129,,Vorkuta Sovetskiy Air Base,Vorkuta,RU-KO,67.4633,64.3067,11482
ULLK,,Krechevitsy Air Base,Novgorod,RU-NGR,58.625,31.385,8203
RU-9937,,Rzhev Air Base,Rzhev,RU-TVE,56.26,34.4083,8203
RU-9942,,Shaykovka Air Base,Kirov,RU-KLU,54.2267,34.3717,9842
KS09,,Hot Springs Airport,Hot Springs,US-MT,47.6141,-114.6127,3550
OEKN,,Khurais Airport,Khurais,SA-04,25.2653,48.1783,7972
SA01,,Cachi Airport,Cachi,AR-A,-25.105,-66.1572,5085
SA02,,Cafayate Airport,Cafayate,AR-A,-26.0561,-65.9369,7242
SAAK,,Isla Martin Garcia Airport,Isla Martin Garcia,AR-B,-34.1821,-58.2469,4150
SA05,,Bell Ville Airport,Bell Ville,AR-X,-32.6599,-62.702,5453
SA06,,Santa Rita Airport,Saladillo,AR-B,-35.8283,-60.1467,4921
SA07,,El Porton Airport,Buta Ranquil,AR-Q,-37.1943,-69.6126,5873
SA10,,Aeródromo Estancia Don Panos,Presidencia Roca,AR-H,-26.2959,-59.5353,4921
SA11,,Campo Arenal Airport,Campo Arenal,AR-K,-27.0723,-66.5861,6348
SA13,,Estancia La Estrella Airport,Tandil,AR-B,-37.5594,-58.666,4593
SAEM,MJR,Miramar Airport,Miramar,AR-B,-38.2271,-57.8697,5472
SA16,,La Puntilla Airport,La Puntilla,AR-M,-32.9628,-68.8737,3901
SA21,,Veinticinco De Mayo Airport,Colonia Veinticinco de Mayo,AR-L,-37.8098,-67.6593,4101
SA22,,Santa Victoria Airport,Salta,AR-A,-22.2857,-62.7137,3609
SA23,,Apóstoles Airport,Apóstoles,AR-N,-27.9032,-55.7655,6070
SA24,,Calilegua Airport,Calilegua,AR-Y,-23.7819,-64.7495,5873
SA25,,Cañadon Seco Airport,Cañadon Seco,AR-Z,-46.539,-67.5639,3609
SA26,,Bella Vista Airport,Bella Vista,AR-W,-28.5262,-59.0385,3609
SA29,,Choele Choel Airport,Choele Choel,AR-R,-39.2864,-65.6103,6562
SA31,,San Nicolas de los Arroyos Airport,San Nicolas,AR-B,-33.3907,-60.1957,3543
SAFV,,Venado Tuerto Airport,Venado Tuerto,AR-S,-33.6818,-61.9564,4921
SA33,,Comandante Luis Piedrabuena Airport,Comandante Luis Piedrabuena,AR-Z,-49.9951,-68.9531,3937
SA34,,Trelew Aeroclub Airport,Trelew,AR-U,-43.2356,-65.3241,5413
SA35,,Andalgalá Airport,Andalgalá,AR-K,-27.6317,-66.3508,5020
SA36,,Saladillo Airport,Saladillo,AR-B,-35.6049,-59.8165,3934
SA38,,Las Lajas Airport,Las Lajas,AR-Q,-38.5389,-70.3371,5249
SA39,,Jujuy Aeroclub Airport,San Salvador de Jujuy,AR-Y,-24.2365,-65.2691,4050
SA40,,San Juan Aeroclub Airport,San Juan,AR-J,-31.6028,-68.5473,5413
SA42,,Santa Maria Airport,Santa Maria,AR-K,-26.6734,-66.024,5905
SA44,,Londres/Belén Airport,Londres/Belén,AR-K,-27.7079,-67.0951,5413
SA45,,Frias Airport,Frias,AR-G,-28.6344,-65.1092,4921
SA46,,Fiambala Airport,Fiambala,AR-K,-27.6422,-67.6247,6234
SAAC,COC,Comodoro Pierrestegui Airport,Concordia,AR-E,-31.2969,-57.9966,5249
SAAG,GHU,Gualeguaychu Airport,Gualeguaychu,AR-E,-33.0056,-58.6128,4364
SAAN,,Pergamino Airport,Pergamino,AR-B,-33.919,-60.648,3937
SAAP,PRA,General Urquiza Airport,Parana,AR-E,-31.7948,-60.4804,6890
SAAR,ROS,Rosario Islas Malvinas International Airport,Rosario,AR-S,-32.9036,-60.785,9842
SAAV,SFN,Sauce Viejo Airport,Santa Fe,AR-S,-31.7117,-60.8117,7628
SABE,AEP,Aeroparque Jorge Newbery,Buenos Aires,AR-C,-34.5594,-58.4155,7710
SACA,,Captain D Omar Darío Gelardi Airport,Córdoba,AR-X,-31.4419,-64.2582,4232
SACE,,Escuela de Aviación Militar (Military Aviation School) Airport,Córdoba,AR-X,-31.4442,-64.2834,4400
SACO,COR,Ingeniero Aeronáutico Ambrosio L.V. Taravella International Airport,Cordoba,AR-X,-31.3123,-64.2083,10499
SADF,,San Fernando Airport,San Fernando,AR-B,-34.4532,-58.5896,5909
SADL,LPG,La Plata Airport,La Plata,AR-B,-34.9722,-57.8947,4682
SADM,,Morón Airport,Morón,AR-B,-34.6763,-58.6428,9350
SADO,,Campo de Mayo Military Airport,Campo de Mayo,AR-B,-34.5344,-58.6717,5905
SADP,EPA,El Palomar Airport,El Palomar,AR-B,-34.6099,-58.6126,6923
SAET,,Ñanco Lauquen Airport,Trenque Lauquen,AR-B,-35.9715,-62.7724,3934
SAEZ,EZE,Ezeiza International Airport - Ministro Pistarini,Buenos Aires (Ezeiza),AR-B,-34.8222,-58.5358,10827
SAFR,RAF,Rafaela Airport,Rafaela,AR-S,-31.2825,-61.5017,3691
SAFS,NCJ,Sunchales Aeroclub Airport,Sunchales,AR-S,-30.9575,-61.5283,6562
SAHC,HOS,Chos Malal Airport,Chos Malal,AR-Q,-37.4447,-70.2225,4921
SAHR,GNR,Dr. Arturo H. Illia Airport,General Roca,AR-R,-39.0007,-67.6205,7073
SAHS,RDS,Rincon De Los Sauces Airport,Rincon de los Sauces,AR-Q,-37.3906,-68.9042,4921
SAHZ,APZ,Zapala Airport,Zapala,AR-Q,-38.9755,-70.1136,7218
SAME,MDZ,Governor Francisco Gabrielli International Airport,Mendoza,AR-M,-32.8317,-68.7929,9301
SAMM,LGS,Comodoro D.R. Salomón Airport,Malargue,AR-M,-35.4936,-69.5743,8694
SAMR,AFA,Suboficial Ay Santiago Germano Airport,San Rafael,AR-M,-34.5883,-68.4039,6923
SANC,CTC,Coronel Felipe Varela International Airport,Catamarca,AR-K,-28.5931,-65.7512,9186
SANE,SDE,Vicecomodoro Angel D. La Paz Aragonés Airport,Santiago del Estero,AR-G,-27.7656,-64.31,7946
SANL,IRJ,Capitan V A Almonacid Airport,La Rioja,AR-F,-29.3816,-66.7958,9383
SANO,,Chilecito Airport,Chilecito,AR-F,-29.2239,-67.4389,6890
SANR,RHD,Termas de Río Hondo international Airport,Termas de Río Hondo,AR-G,-27.4966,-64.936,8232
SANT,TUC,Teniente Benjamín Matienzo International Airport,San Miguel de Tucumán,AR-T,-26.8374,-65.1042,11483
SANU,UAQ,Domingo Faustino Sarmiento Airport,San Juan,AR-J,-31.5715,-68.4182,8071
SAOC,RCU,Area De Material Airport,Rio Cuarto,AR-X,-33.0851,-64.2613,7431
SAOD,VDR,Villa Dolores Airport,Villa Dolores,AR-X,-31.9452,-65.1463,4593
SASQ,,La Quiaca Airport,La Quiaca,AR-Y,-22.1653,-65.5699,8769
SAOM,,Marcos Juarez Airport,Marcos Juarez,AR-X,-32.6836,-62.1578,3937
SAOR,VME,Villa Reynolds Airport,Villa Mercedes,AR-D,-33.7299,-65.3874,7874
SAOS,RLO,Valle Del Conlara International Airport,Merlo,AR-D,-32.3847,-65.1865,8366
SAOU,LUQ,Brigadier Mayor D Cesar Raul Ojeda Airport,San Luis,AR-D,-33.2732,-66.3564,9678
SARC,CNQ,Corrientes Airport,Corrientes,AR-W,-27.4455,-58.7619,6890
SARE,RES,Resistencia International Airport,Resistencia,AR-H,-27.4499,-59.0561,9088
SARF,FMA,Formosa National Airport,Formosa,AR-P,-26.2127,-58.2281,5905
SARI,IGR,Cataratas Del Iguazú International Airport,Puerto Iguazu,AR-N,-25.7373,-54.4734,10827
SARL,AOL,Paso De Los Libres Airport,Paso de los Libres,AR-W,-29.6894,-57.1521,7415
SARP,PSS,Libertador Gral D Jose De San Martin Airport,Posadas,AR-N,-27.3858,-55.9707,7388
SARS,PRQ,Termal Airport,Presidencia Roque Sáenz Peña,AR-H,-26.7536,-60.4922,5905
SASA,SLA,Martín Miguel de Güemes International Airport,Salta,AR-A,-24.856,-65.4862,9842
SASJ,JUJ,Gobernador Horacio Guzman International Airport,San Salvador de Jujuy,AR-Y,-24.3928,-65.0978,9698
SASO,ORA,Orán Airport,Orán,AR-A,-23.1528,-64.3292,4839
SAOL,,Laboulaye Airport,Laboulaye,AR-X,-34.1354,-63.3623,8858
SAST,TTG,General Enrique Mosconi Airport,Tartagal,AR-A,-22.6169,-63.793,4921
SATD,ELO,El Dorado Airport,El Dorado,AR-N,-26.3975,-54.5747,4695
SATG,OYA,Goya Airport,Goya,AR-W,-29.1058,-59.2189,7415
SATM,MDX,Mercedes Airport,Mercedes,AR-W,-29.2214,-58.0878,5909
SATO,,Oberá Airport,Oberá,AR-N,-27.5182,-55.1242,5905
SATR,RCQ,Reconquista Airport,Reconquista,AR-S,-29.2103,-59.6833,9186
SATU,UZU,Curuzu Cuatia Airport,Curuzu Cuatia,AR-W,-29.7706,-57.9789,7054
SAVB,EHL,El Bolsón Airfield,El Bolsón,AR-R,-41.9432,-71.5323,4265
SAVC,CRD,General Enrique Mosconi International Airport,Comodoro Rivadavia,AR-U,-45.7869,-67.4634,9219
SAVE,EQS,Esquel Brigadier Antonio Parodi International Airport,Esquel,AR-U,-42.908,-71.1395,7874
SAVH,LHS,Las Heras Airport,Las Heras,AR-Z,-46.5385,-68.9653,4593
SAVJ,IGB,Ingeniero Jacobacci - Captain H R Bordón Airport,Ingeniero Jacobacci,AR-R,-41.3209,-69.5749,6890
SAVN,OES,Antoine de Saint Exupéry Airport,San Antonio Oeste,AR-R,-40.7512,-65.0343,5905
SAVT,REL,Almirante Marco Andres Zar Airport,Rawson,AR-U,-43.2105,-65.2703,8399
SAVV,VDM,Gobernador Castello Airport,Viedma / Carmen de Patagones,AR-R,-40.8692,-63.0004,8366
SAVY,PMY,El Tehuelche Airport,Puerto Madryn,AR-U,-42.7592,-65.1027,8202
SAWC,FTE,El Calafate - Commander Armando Tola International Airport,El Calafate,AR-Z,-50.2803,-72.0534,8366
SAWD,PUD,Puerto Deseado Airport,Puerto Deseado,AR-Z,-47.7353,-65.9041,4921
SAWE,RGA,Gobernador Ramón Trejo Noel International Airport,Rio Grande,AR-V,-53.7777,-67.7494,6562
SAWG,RGL,Piloto Civil Norberto Fernández International Airport,Rio Gallegos,AR-Z,-51.6088,-69.3089,9022
SAWH,USH,Ushuaia - Malvinas Argentinas International Airport,Ushuaia,AR-V,-54.8433,-68.2958,9186
SAWJ,ULA,Capitan D Daniel Vazquez Airport,San Julian,AR-Z,-49.3068,-67.8026,6562
SAWP,PMQ,Perito Moreno Jalil Hamer Airport,Perito Moreno,AR-Z,-46.5379,-70.9787,5577
SAWT,RYO,28 de Noviembre Airport,Rio Turbio,AR-Z,-51.605,-72.2203,6340
SAWU,RZA,Santa Cruz Airport,Puerto Santa Cruz,AR-Z,-50.0165,-68.5792,6561
SAZB,BHI,Comandante Espora Airport,Bahía Blanca,AR-B,-38.725,-62.1693,7907
SAZC,CSZ,Brigadier D.H.E. Ruiz Airport,Coronel Suarez,AR-B,-37.4461,-61.8893,4265
SAZF,OVR,Olavarria Airport,Olavarria,AR-B,-36.89,-60.2166,7218
SAZG,GPO,General Pico Airport,General Pico,AR-L,-35.6962,-63.7583,7710
SAZH,OYO,Tres Arroyos Airport,Tres Arroyos,AR-B,-38.3869,-60.3297,3934
SAZI,,Bolívar Airport,Bolívar,AR-B,-36.1866,-61.0764,3937
SAZL,SST,Santa Teresita Airport,Santa Teresita,AR-B,-36.5423,-56.7218,4921
SAZM,MDQ,Ástor Piazzola International Airport,Mar del Plata,AR-B,-37.9342,-57.5733,7218
SAZN,NQN,Presidente Perón International Airport,Neuquén,AR-Q,-38.949,-68.1557,8432
SAZO,NEC,Necochea Airport,Necochea,AR-B,-38.4907,-58.8163,4921
SAZP,PEH,Comodoro Pedro Zanni Airport,Pehuajó,AR-B,-35.8446,-61.8576,4921
SAZR,RSA,Santa Rosa Airport,Santa Rosa,AR-L,-36.5883,-64.2757,7546
SAZS,BRC,Teniente Luis Candelaria International Airport,San Carlos de Bariloche,AR-R,-41.1512,-71.1575,7703
SAZT,TDL,Héroes de Malvinas Airport,Tandil,AR-B,-37.2346,-59.2286,8366
SAZV,VLG,Villa Gesell Airport,Villa Gesell,AR-B,-37.2354,-57.0292,5220
SAZW,CUT,Cutral-Co Airport,Cutral-Co,AR-Q,-38.9397,-69.2646,5558
SAZY,CPC,Aviador C. Campos Airport,Chapelco/San Martin de los Andes,AR-Q,-40.0754,-71.1373,8205
SNMH,,Pirenopolis Centeral Airport,Pirenópolis,BR-GO,-15.8489,-48.9826,4250
SB29,,Vista Alegre Airport,Araguanã,BR-TO,-6.8709,-48.5349,4921
SBAA,CDJ,Conceição do Araguaia Airport,Conceição do Araguaia,BR-PA,-8.3483,-49.3015,5906
SBAC,ARX,Aracati Dragão do Mar Regional Airport,Aracati,BR-CE,-4.5689,-37.8051,5906
SBAE,JTC,Bauru/Arealva–Moussa Nakhal Tobias State Airport,Bauru,BR-SP,-22.1608,-49.0703,6594
SBAF,,Campo Délio Jardim de Mattos Airport,Rio de Janeiro,BR-RJ,-22.8751,-43.3847,6565
SBAM,,Amapá Airport,Amapá,BR-AP,2.0775,-50.8582,5003
SBAN,,Anápolis Airbase,Anápolis,BR-GO,-16.2292,-48.9643,10827
SBAQ,AQA,Araraquara Airport,Araraquara,BR-SP,-21.812,-48.133,5907
SBAR,AJU,Aracaju - Santa Maria Airport,Aracaju,BR-SE,-10.9839,-37.0729,7218
SBAT,AFL,Piloto Osvaldo Marques Dias Airport,Alta Floresta,BR-MT,-9.8664,-56.1063,8202
SBAU,ARU,Araçatuba Airport,Araçatuba,BR-SP,-21.1415,-50.4246,6955
SBAX,AAX,Romeu Zema Airport,Araxá,BR-MG,-19.5632,-46.9604,6234
SBBE,BEL,Val de Cans/Júlio Cezar Ribeiro International Airport,Belém,BR-PA,-1.3793,-48.4762,9186
SBBG,BGX,Comandante Gustavo Kraemer Airport,Bagé,BR-RS,-31.3905,-54.1122,4921
SBBH,PLU,Pampulha - Carlos Drummond de Andrade Airport,Belo Horizonte,BR-MG,-19.8507,-43.9503,8333
SBBI,BFH,Bacacheri Airport,Curitiba,BR-PR,-25.4051,-49.232,4560
SBBP,BJP,Estadual Arthur Siqueira Airport,Bragança Paulista,BR-SP,-22.9788,-46.5371,3936
SBBQ,,Major Brigadeiro Doorgal Borges Airport,Barbacena,BR-MG,-21.2672,-43.761,5774
SBBR,BSB,Presidente Juscelino Kubitschek International Airport,Brasília,BR-DF,-15.8692,-47.9208,10827
SNBA,BAT,Chafei Amsei Airport,Barretos,BR-SP,-20.5846,-48.5941,5906
SBBU,,Bauru Airport,Bauru,BR-SP,-22.345,-49.0538,4921
SBBV,BVB,Atlas Brasil Cantanhede International Airport,Boa Vista,BR-RR,2.8462,-60.6906,8858
SBBW,BPG,Barra do Garças Airport,Barra do Garças,BR-MT,-15.8614,-52.389,5243
SSBZ,BZC,Umberto Modiano Airport,Cabo Frio,BR-RJ,-22.7709,-41.9631,4265
SBCA,CAC,Coronel Adalberto Mendes da Silva Airport,Cascavel,BR-PR,-25.0003,-53.5012,5810
SBCB,CFB,Cabo Frio Airport,Cabo Frio,BR-RJ,-22.9215,-42.0719,8366
SBCC,,Campo de Provas Brigadeiro Veloso,Novo Progresso,BR-PA,-9.3339,-54.9654,8527
SBCD,CFC,Doctor Carlos Alberto da Costa Neves Airport,Caçador,BR-SC,-26.7874,-50.9399,5331
SBCF,CNF,Tancredo Neves International Airport,Belo Horizonte,BR-MG,-19.6357,-43.9669,11811
SBCG,CGR,Campo Grande Airport,Campo Grande,BR-MS,-20.47,-54.674,8530
SBCH,XAP,Serafin Enoss Bertaso Airport,Chapecó,BR-SC,-27.1342,-52.6566,6758
SBCI,CLN,Brig. Lysias Augusto Rodrigues Airport,Carolina,BR-MA,-7.3204,-47.4587,5906
SBCJ,CKS,Carajás Airport,Parauapebas,BR-PA,-6.1178,-50.0034,6562
SSIM,CCM,Forquilhinha - Criciúma  Airport,Criciúma,BR-SC,-28.7257,-49.4245,4882
SBCN,CLV,Nelson Ribeiro Guimarães Airport,Caldas Novas,BR-GO,-17.7251,-48.6063,6890
SBCO,,Canoas Air Force Base,Porto Alegre,BR-RS,-29.9459,-51.1444,9026
SBCP,CAW,Bartolomeu Lisandro Airport,Campos dos Goytacazes,BR-RJ,-21.6983,-41.3017,5066
SBCR,CMG,Corumbá International Airport,Corumbá,BR-MS,-19.0119,-57.6728,4921
SBCT,CWB,Curitiba-Afonso Pena International Airport,Curitiba,BR-PR,-25.5285,-49.1758,7277
SSCV,CRQ,Caravelas Airport,Caravelas,BR-BA,-17.6523,-39.2531,5020
SBCX,CXJ,Hugo Cantergiani Regional Airport,Caxias Do Sul,BR-RS,-29.1972,-51.1876,5479
SBCY,CGB,Várzea Grande–Marechal Rondon International Airport,Cuiabá,BR-MT,-15.6529,-56.1167,7546
SBCZ,CZS,Cruzeiro do Sul Airport,Cruzeiro Do Sul,BR-AC,-7.5999,-72.7695,7874
SBDB,BYO,Bonito Airport,Bonito,BR-MS,-21.2473,-56.4524,6562
SBDN,PPB,Presidente Prudente Airport,Presidente Prudente,BR-SP,-22.1751,-51.4246,6923
SBDO,DOU,Dourados Airport,Dourados,BR-MS,-22.2019,-54.9266,6398
SBEG,MAO,Eduardo Gomes International Airport,Manaus,BR-AM,-3.0386,-60.0497,8858
SBEK,JCR,Jacareacanga Airport,Jacareacanga,BR-PA,-6.2332,-57.7769,5249
SBES,,Tenente Jorge Henrique Möller Airport,São Pedro da Aldeia,BR-RJ,-22.8129,-42.0926,5906
SBFI,IGU,Cataratas International Airport,Foz do Iguaçu,BR-PR,-25.5942,-54.4894,8875
SBFL,FLN,Hercílio Luz International Airport,Florianópolis,BR-SC,-27.6703,-48.5525,7874
SBFN,FEN,Fernando de Noronha Airport,Fernando de Noronha,BR-PE,-3.8545,-32.423,6053
SBFZ,FOR,Pinto Martins International Airport,Fortaleza,BR-CE,-3.7758,-38.5322,9039
SBGL,GIG,Rio de Janeiro Galeão – Tom Jobim International Airport,Rio De Janeiro,BR-RJ,-22.81,-43.2506,13123
SBGM,GJM,Guajará-Mirim Airport,Guajará-Mirim,BR-RO,-10.7864,-65.2849,5889
SBGO,GYN,Santa Genoveva International Airport,Goiânia,BR-GO,-16.632,-49.2207,7500
SBGP,,EMBRAER - Unidade Gavião Peixoto Airport,Gavião Peixoto,BR-SP,-21.7737,-48.4051,9843
SBGR,GRU,São Paulo/Guarulhos–Governor André Franco Montoro International Airport,São Paulo,BR-SP,-23.4313,-46.47,12139
SSGG,GPB,Tancredo Thomas de Faria Airport,Guarapuava,BR-PR,-25.3883,-51.5235,5315
SBGV,GVR,Coronel Altino Machado Airport,Governador Valadares,BR-MG,-18.8959,-41.9829,5581
SBGW,GUJ,Edu Chaves Field,Guaratinguetá,BR-SP,-22.7916,-45.2048,5089
SBHT,ATM,Altamira Interstate Airport,Altamira,BR-PA,-3.2531,-52.2539,6572
SBIC,ITA,Itacoatiara Airport,Itacoatiara,BR-AM,-3.1265,-58.4817,4970
SBIH,ITB,Itaituba Airport,Itaituba,BR-PA,-4.2421,-56.0007,5577
SBIL,IOS,Bahia - Jorge Amado Airport,Ilhéus,BR-BA,-14.8159,-39.0335,5174
SBIP,IPN,Usiminas Airport,Ipatinga,BR-MG,-19.4707,-42.4876,6575
SBIT,ITR,Francisco Vilela do Amaral Airport,Itumbiara,BR-GO,-18.4447,-49.2134,5741
SBIZ,IMP,Prefeito Renato Moreira Airport,Imperatriz,BR-MA,-5.5313,-47.46,5899
SBJA,JJG,Humberto Ghizzo Bortoluzzi Regional Airport,Jaguaruna,BR-SC,-28.6753,-49.0596,8199
SBJD,QDV,Comte. Rolim Adolfo Amaro–Jundiaí State Airport,Jundiaí,BR-SP,-23.1809,-46.9439,4593
SBJE,JJD,Comandante Ariston Pessoa Airport,Cruz,BR-CE,-2.9064,-40.3573,7218
SBJF,JDF,Francisco de Assis Airport,Juiz de Fora,BR-MG,-21.7915,-43.3861,5036
SBJH,JHF,São Paulo Catarina Executive Airport,São Roque,BR-SP,-23.4269,-47.1657,8104
SBJI,JPR,Ji-Paraná Airport,Ji-Paraná,BR-RO,-10.8707,-61.8467,5906
SBJP,JPA,Presidente Castro Pinto International Airport,João Pessoa,BR-PB,-7.1487,-34.9506,8251
SBJU,JDO,Orlando Bezerra de Menezes Airport,Juazeiro do Norte,BR-CE,-7.2193,-39.2691,6365
SBJV,JOI,Lauro Carneiro de Loyola Airport,Joinville,BR-SC,-26.2245,-48.7974,5381
SBKG,CPV,Presidente João Suassuna Airport,Campina Grande,BR-PB,-7.2697,-35.8961,5135
SBKP,VCP,Viracopos International Airport,Campinas,BR-SP,-23.0074,-47.1345,10630
SBLE,LEC,Coronel Horácio de Mattos Airport,Lençóis,BR-BA,-12.4823,-41.277,6831
SBLJ,LAJ,Lages Airport,Lages,BR-SC,-27.7821,-50.2815,5020
SWXQ,LIP,Lins Airport,Lins,BR-SP,-21.6635,-49.73,5577
SBLO,LDB,Governor José Richa Airport,Londrina,BR-PR,-23.3344,-51.1284,6890
SBLP,LAZ,Bom Jesus da Lapa Airport,Bom Jesus da Lapa,BR-BA,-13.2621,-43.4081,3973
SBLS,,Lagoa Santa Air Base,Lagoa Santa,BR-MG,-19.6618,-43.8974,6037
SBMA,MAB,João Correa da Rocha Airport,Marabá,BR-PA,-5.3686,-49.138,6562
SWIQ,MQH,Minaçu Airport,Minaçu,BR-GO,-13.5491,-48.1953,4183
SBMD,MEU,Monte Dourado - Serra do Areão Airport,Almeirim,BR-PA,-0.8898,-52.6022,5906
SBME,MEA,Macaé Benedito Lacerda Airport,Macaé,BR-RJ,-22.343,-41.766,3937
SBMG,MGF,Regional de Maringá - Sílvio Name Júnior Airport,Maringá,BR-PR,-23.4761,-52.0162,7783
SBMK,MOC,Mário Ribeiro Airport,Montes Claros,BR-MG,-16.7069,-43.8189,6890
SBML,MII,Frank Miloye Milenkowichi–Marília State Airport,Marília,BR-SP,-22.1969,-49.9265,4921
SBMN,PLL,Ponta Pelada Airport / Manaus Air Base,Manaus,BR-AM,-3.146,-59.9863,7119
SBMO,MCZ,Zumbi dos Palmares International Airport,Maceió,BR-AL,-9.5126,-35.7918,8537
SBMQ,MCP,Macapá - Alberto Alcolumbre International Airport,Macapá,BR-AP,0.0507,-51.0722,6890
SBMS,MVF,Dix-Sept Rosado Airport,Mossoró,BR-RN,-5.2019,-37.3643,6562
SBMT,RTE,Campo de Marte Airport,São Paulo,BR-SP,-23.5091,-46.6378,5249
SBMY,MNX,Manicoré Airport,Manicoré,BR-AM,-5.8114,-61.2783,4199
SBNF,NVT,Ministro Victor Konder International Airport,Navegantes,BR-SC,-26.8794,-48.651,5906
SBNM,GEL,Santo Ângelo Airport,Santo Ângelo,BR-RS,-28.2825,-54.1696,5331
SBNT,,Natal Air Force Base,Natal,BR-RN,-5.9114,-35.2477,8530
SBOD,,Fazenda Santa Cruz Airport,Araguaína,BR-TO,-7.4558,-49.1956,4921
SBOI,OYK,Oiapoque Airport,Oiapoque,BR-AP,3.8541,-51.7971,3937
SBPA,POA,Porto Alegre-Salgado Filho International Airport,Porto Alegre,BR-RS,-29.994,-51.1675,10499
SBPB,PHB,Parnaíba - Prefeito Doutor João Silva Filho International Airport,Parnaíba,BR-PI,-2.8937,-41.732,6890
SBPC,POO,Poços de Caldas - Embaixador Walther Moreira Salles Airport,Poços De Caldas,BR-MG,-21.8425,-46.5698,4970
SBPF,PFB,Lauro Kurtz Airport,Passo Fundo,BR-RS,-28.244,-52.3278,5512
SBPG,PGZ,Ponta Grossa Airport - Comandante Antonio Amilton Beraldo,Ponta Grossa,BR-PR,-25.1845,-50.1438,4692
SBPJ,PMW,Brigadeiro Lysias Rodrigues Airport,Palmas,BR-TO,-10.2915,-48.357,8202
SBPK,PET,João Simões Lopes Neto International Airport,Pelotas,BR-RS,-31.7172,-52.3278,6496
SBPL,PNZ,Senador Nilo Coelho Airport,Petrolina,BR-PE,-9.3624,-40.5691,9055
SDPE,PNB,Porto Nacional Airport,Porto Nacional,BR-TO,-10.7194,-48.3997,5577
SBPO,PTO,Juvenal Loureiro Cardoso Airport,Pato Branco,BR-PR,-26.2172,-52.6945,5318
SBPP,PMG,Ponta Porã Airport,Ponta Porã,BR-MS,-22.5496,-55.7026,6562
SBPS,BPS,Porto Seguro International Airport,Porto Seguro,BR-BA,-16.4384,-39.0806,6562
SBPV,PVH,Governador Jorge Teixeira de Oliveira International Airport,Porto Velho,BR-RO,-8.7085,-63.9023,7874
SBRB,RBR,Rio Branco-Plácido de Castro International Airport,Rio Branco,BR-AC,-9.869,-67.894,7080
SBRD,ROO,Maestro Marinho Franco Airport,Rondonópolis,BR-MT,-16.5843,-54.7248,6070
SBRF,REC,Recife/Guararapes - Gilberto Freyre International Airport,Recife,BR-PE,-8.1275,-34.923,9865
SBRJ,SDU,Santos Dumont Airport,Rio de Janeiro,BR-RJ,-22.9104,-43.1628,4341
SBRP,RAO,Leite Lopes Airport,Ribeirão Preto,BR-SP,-21.1343,-47.7741,6890
SBSC,SNZ,Santa Cruz Air Force Base,Rio de Janeiro,BR-RJ,-22.9324,-43.7191,8986
SBSG,NAT,Rio Grande do Norte/São Gonçalo do Amarante–Governador Aluízio Alves International Airport,Natal,BR-RN,-5.7698,-35.3666,9843
SBSI,OPS,Presidente João Batista Figueiredo Airport,Sinop,BR-MT,-11.885,-55.5861,5348
SBSJ,SJK,Professor Urbano Ernesto Stumpf Airport,São José Dos Campos,BR-SP,-23.2292,-45.8615,8780
SBSL,SLZ,Marechal Cunha Machado International Airport,São Luís,BR-MA,-2.5864,-44.235,7828
SBSM,RIA,Santa Maria Airport,Santa Maria,BR-RS,-29.7114,-53.6882,8839
SBSN,STM,Santarém - Maestro Wilson Fonseca International Airport,Santarém,BR-PA,-2.4224,-54.7931,7874
SBSO,SMT,Adolino Bedin Regional Airport,Sorriso,BR-MT,-12.4792,-55.6723,5577
SBSP,CGH,Congonhas–Deputado Freitas Nobre Airport,São Paulo,BR-SP,-23.6277,-46.6546,6365
SBSR,SJP,Prof. Eribelto Manoel Reino State Airport,São José do Rio Preto,BR-SP,-20.8171,-49.407,5381
SBST,SSZ,Santos Nero Moura Air Base / Guarujá Airport,Guarujá,BR-SP,-23.9282,-46.3002,4560
SBSV,SSA,Deputado Luiz Eduardo Magalhães International Airport,Salvador,BR-BA,-12.9086,-38.3225,9859
SBTA,,Base de Aviação de Taubaté,Taubaté,BR-SP,-23.0401,-45.5162,6170
SBTB,TMT,Trombetas Airport,Oriximiná,BR-PA,-1.4896,-56.3968,5249
SBTC,UNA,Una-Comandatuba Airport,Una,BR-BA,-15.3544,-38.9987,6234
SBTD,TOW,Toledo - Luiz Dalcanale Filho Municipal Airport,Toledo,BR-PR,-24.6863,-53.6975,5479
SBTE,THE,Senador Petrônio Portela Airport,Teresina,BR-PI,-5.0602,-42.8237,7218
SBTF,TFF,Tefé Airport,Tefé,BR-AM,-3.3829,-64.7241,7218
SBTG,TJL,Plínio Alarcom Airport,Três Lagoas,BR-MS,-20.7526,-51.682,6562
SBTK,TRQ,Tarauacá Airport,Tarauacá,BR-AC,-8.1555,-70.783,3707
SSVL,TEC,Telêmaco Borba Airport,Telêmaco Borba,BR-PR,-24.3178,-50.6516,5906
SSTE,TSQ,Torres Airport,Torres,BR-RS,-29.4149,-49.81,4944
SBTS,,Tiriós Airport,Aldeia Tiriós,BR-PA,2.2245,-55.9447,6562
SBTT,TBT,Tabatinga International Airport,Tabatinga,BR-AM,-4.2557,-69.9358,7054
SBTU,TUR,Tucuruí Airport,Tucuruí,BR-PA,-3.786,-49.7203,6562
SBTV,,Terravista Airport,Porto Seguro,BR-BA,-16.5414,-39.1081,4921
SBUA,SJL,São Gabriel da Cachoeira Airport,São Gabriel da Cachoeira,BR-AM,-0.1484,-66.9855,8530
SBUF,PAV,Paulo Afonso Airport,Paulo Afonso,BR-BA,-9.4009,-38.2506,5906
SBUG,URG,Rubem Berta Airport,Uruguaiana,BR-RS,-29.7822,-57.0382,4921
SBUL,UDI,Ten. Cel. Aviador César Bombonato Airport,Uberlândia,BR-MG,-18.8836,-48.2259,6398
SBUR,UBA,Mário de Almeida Franco Airport,Uberaba,BR-MG,-19.765,-47.9648,5771
SBUY,RPU,Urucu Airport,Urucu,BR-AM,-4.8843,-65.3554,4331
SBVG,VAG,Major Brigadeiro Trompowsky Airport,Varginha,BR-MG,-21.5914,-45.4741,6890
SBVH,BVH,Brigadeiro Camarão Airport,Vilhena,BR-RO,-12.6944,-60.0983,8530
SBVT,VIX,Eurico de Aguiar Salles International Airport,Vitória,BR-ES,-20.258,-40.285,6752
SBYA,,Iauaretê Airport,São Gabriel da Cachoeira,BR-AM,0.6104,-69.18,5249
SBYS,,Campo Fontenelle,Pirassununga,BR-SP,-21.9847,-47.3412,6923
SBZM,IZA,Presidente Itamar Franco Airport,Juiz de Fora,BR-MG,-21.5131,-43.1731,8284
SC-0009,,Providence Island Airport,,SC-26,-9.23,51.0327,4291
SC1A,,Canchones West Airport,Canchones,CL-TA,-20.4271,-69.6415,10165
SC72,,Chandelle Airport,Greer,US-SC,34.8242,-82.1463,3700
SCAC,ZUD,Pupelde Airport,Ancud,CL-LL,-41.9043,-73.7966,3937
SCAE,,El Buitre Airport,Arica,CL-AP,-18.5089,-70.2907,3937
SCAR,ARI,Chacalluta International Airport,Arica,CL-AP,-18.3485,-70.3387,9186
SCAS,WPA,Cabo Juan Román Airfield,Puerto Aysén,CL-AI,-45.3992,-72.6703,4167
SCAT,CPO,Desierto de Atacama Airport,Copiapo,CL-AT,-27.2612,-70.7792,7218
SCBA,BBA,Balmaceda Airport,Balmaceda,CL-AI,-45.916,-71.6895,8205
SCBE,TOQ,Barriles Airport,Tocopilla,CL-AN,-22.1411,-70.0629,5380
SCBQ,,El Bosque Airport,Santiago,CL-RM,-33.5618,-70.6884,6024
SCCC,CCH,Chile Chico Airport,Chile Chico,CL-AI,-46.5831,-71.6863,3937
SCCF,CJC,El Loa Airport,Calama,CL-AN,-22.4982,-68.9036,9974
SCCH,YAI,Gral. Bernardo O´Higgins Airport,Chillan,CL-NB,-36.5825,-72.0314,5740
SCCI,PUQ,President Carlos Ibáñez International Airport,Punta Arenas,CL-MA,-53.0026,-70.8546,9154
SCCL,,Caldera Airport,Caldera,CL-AT,-27.0781,-70.7953,3936
SCCY,GXQ,Teniente Vidal Airport,Coyhaique,CL-AI,-45.5942,-72.1061,5072
SCDA,IQQ,Diego Aracena International Airport,Iquique,CL-TA,-20.5363,-70.1814,10991
SCDW,,Almirante Schroeders Airport,Isla Dawson,CL-MA,-53.6107,-70.4705,4905
SCEC,,Pelícano Airport,Estacion Chañaral,CL-CO,-29.1449,-70.8878,4199
SCEL,SCL,Comodoro Arturo Merino Benítez International Airport,Santiago,CL-RM,-33.393,-70.7858,12303
SCER,,Quintero Airport,Quintero,CL-VS,-32.7902,-71.5217,8038
SCES,ESR,Ricardo García Posada Airport,El Salvador,CL-AT,-26.3111,-69.7652,7546
SCFA,ANF,Andrés Sabella Gálvez International Airport,Antofagasta,CL-AN,-23.4453,-70.4452,9186
SCFM,WPR,Captain Fuentes Martinez Airport,Porvenir,CL-MA,-53.2537,-70.3192,8202
SCFX,,Isla San Felix Airport,Isla San Felix,CL-AT,-26.2939,-80.0962,6562
SCGE,LSQ,María Dolores Airport,Los Angeles,CL-BI,-37.4017,-72.4254,5577
SCGZ,WPU,Guardia Marina Zañartu Airport,Puerto Williams,CL-MA,-54.9311,-67.6263,4724
SCHA,,Chamonate Airport,Copiapo,CL-AT,-27.2969,-70.4131,5446
SCIE,CCP,Carriel Sur International Airport,Concepcion,CL-BI,-36.7724,-73.0628,8530
SCIL,,Aucó Airport,Illapel,CL-CO,-31.5778,-71.1108,3740
SCIP,IPC,Mataveri International Airport,Isla De Pascua,CL-VS,-27.1654,-109.421,10827
SCJO,ZOS,Cañal Bajo Carlos Hott Siebert Airport,Osorno,CL-LL,-40.6112,-73.061,6398
SCKD,,El Cardal Airport,Rio Bueno,CL-LR,-40.4674,-72.6848,4134
SCKP,CPP,Coposa Airport,Pica,CL-TA,-20.7505,-68.6835,10499
SCLL,VLR,Vallenar Airport,Vallenar,CL-AT,-28.5964,-70.756,4624
SCNT,PNT,Lieutenant Julio Gallardo Airport,Puerto Natales,CL-MA,-51.6707,-72.5291,5786
SCOH,,Villa O'Higgins Airport,Villa O'Higgins,CL-AI,-48.4692,-72.5643,4265
SCON,,Quellón Airport,Quellon,CL-LL,-43.1367,-73.635,3937
SCPC,ZPC,Pucón Airport,Pucon,CL-AR,-39.2928,-71.9159,5576
SCPE,,San Pedro de Atacama Airport,San Pedro De Atacama,CL-AN,-22.9217,-68.1584,6560
SCPQ,MHC,Mocopulli Airport,Dalcahue,CL-LL,-42.3404,-73.7157,6562
SCPS,,Perales Airport,Copiapo,CL-AT,-27.3517,-70.5894,5289
SCQP,ZCO,La Araucanía International Airport,Temuco,CL-AR,-38.9259,-72.6515,8005
SCQT,,Las Tacas Airport,Quebrada Las Tacas,CL-CO,-30.0964,-71.3641,3590
SCRA,CNR,Chañaral Airport,Chañaral,CL-AT,-26.3325,-70.6073,3985
SCRG,,La Independencia Airport,Rancagua,CL-LI,-34.1737,-70.7757,5258
SCSE,LSC,La Florida Airport,La Serena-Coquimbo,CL-CO,-29.9162,-71.1995,6358
SCTC,PZS,Maquehue Airport,Temuco,CL-AR,-38.7668,-72.6371,5577
SCTE,PMC,El Tepual International Airport,Puerto Montt,CL-LL,-41.4431,-73.0941,8694
SCTL,TLX,Panguilemo Airport,Talca,CL-ML,-35.3778,-71.6017,3660
SCTN,WCH,Nuevo Chaitén Airport,Chaitén,CL-LL,-42.7819,-72.835,3937
SCTT,TTC,Las Breas Airport,Taltal,CL-AN,-25.5643,-70.3759,3920
SCVD,ZAL,Pichoy Airport,Valdivia,CL-LR,-39.65,-73.0861,6870
SCVL,,Las Marías Airport,Valdivia,CL-LR,-39.7969,-73.2417,4101
SCVM,KNA,Viña del Mar Airport,Viña del Mar,CL-VS,-32.9496,-71.4786,5760
SD10,,Fazenda Vale do Juruena 2 Airport,Nova Bandeirantes,BR-MT,-9.3914,-58.2212,5579
SD2M,,Fazenda do Taboado Airport,Aparecida do Taboado,BR-MS,-20.1961,-51.075,3510
SD33,,Sky Ranch for Boys Airport,Camp Crook,US-SD,45.4793,-104.0055,4800
SD3Z,,Fazenda Eldorado Airport,São José do Xingu,BR-MT,-10.8231,-52.3714,4593
SD6P,BVM,Belmonte Airport,Belmonte,BR-BA,-15.8717,-38.8719,3937
SD6V,,Aeródromo Privado Fazenda Maringá III,Vila Bela da Santíssima Trindade,BR-MT,-14.4476,-60.1248,3609
SD7Q,,Fazenda Norton Airport,Tasso Fragoso,BR-MA,-8.4236,-45.9236,4921
SDAA,,Araras Airport,Araras,BR-SP,-22.3382,-47.3579,3773
SDAD,,Everaldo Moras Barreto Airport,Adamantina,BR-SP,-21.6963,-51.0975,3773
SDAI,,Americana Airport,Americana,BR-SP,-22.7559,-47.2694,3609
SDAM,,Estadual de Campos dos Amarais - Prefeito Francisco Amaral Airport,Campinas,BR-SP,-22.8599,-47.1076,3937
SDAS,,Fazenda Santo Antônio Airport,Mirandópolis,BR-SP,-21.2762,-51.2831,4199
SDBB,,Bebedouro Airport,Bebedouro,BR-SP,-20.9003,-48.4735,4921
SDBP,,Fazenda Pontal Airport,Santa Fé de Goiás,BR-GO,-15.7369,-51.1161,3937
SDCA,,Capão Bonito Airport,Capão Bonito,BR-SP,-24.0343,-48.3562,3527
SDCG,OLC,Senadora Eunice Micheles Airport,São Paulo De Olivença,BR-AM,-3.4691,-68.9211,3937
SDCO,SOD,Sorocaba Airport,Sorocaba,BR-SP,-23.478,-47.49,5348
SDD6,,Fazenda Nova Aliança Udo Kudiess e Filhos Airport,Uruçuí,BR-PI,-7.5234,-44.4999,4265
SDDN,,Andradina Airport,Andradina,BR-SP,-20.925,-51.3823,4921
SDDR,,Dracena Airport,Dracena,BR-SP,-21.4605,-51.6069,4921
SDDX,,Fazenda Paiquerê Airport,Populina,BR-SP,-19.8844,-50.5046,4432
SDEN,,Costa Esmeralda Airport,Porto Belo,BR-SC,-27.1665,-48.6218,4067
SDEO,,Fazenda Entre Rios Airport,Ibitinga,BR-SP,-21.8786,-48.6594,4921
SDFX,,Casa Nova Airport,Casa Nova,BR-BA,-9.1574,-40.9374,3609
SDG3,,Fazenda Malanda Airport,Brasnorte,BR-MT,-11.7233,-58.1728,4593
SDH2,,Porto Alegre do Norte Airport,Porto Alegre do Norte,BR-MT,-10.9181,-51.6094,5249
SDIG,,Ibitinga Airport,Ibitinga,BR-SP,-21.7472,-48.8556,3937
SDIM,JTN,Itanhaém Airport,Itanhaém,BR-SP,-24.1597,-46.7906,4429
SDIO,,Aeroclube de Itápolis Airport,Itápolis,BR-SP,-21.6003,-48.8331,4265
SDIV,,Ituverava Airport,Ituverava,BR-SP,-20.3748,-47.7691,4429
SDIY,FEC,João Durval Carneiro Airport,Feira de Santana,BR-BA,-12.2007,-38.9062,4921
SDJ3,,Fazenda Santa Rita Airport,Rio Maria,BR-PA,-7.2458,-49.4365,4265
SDJA,,Doutor José Augusto de Arruda Botelho Airport,Itirapina,BR-SP,-22.1946,-47.8618,4593
SDJO,,São Joaquim da Barra Airport,São Joaquim Da Barra,BR-SP,-20.5941,-47.8412,4508
SDJQ,,Fazenda São Joaquim O.B. Airport,Pereira Barreto,BR-SP,-20.8284,-51.008,4593
SDJV,,São João da Boa Vista Municipal Airport,São João da Boa Vista,BR-SP,-22.0177,-46.8408,4101
SDK7,,Nova Andradina Municipal Airport,Nova Andradina,BR-MS,-22.1627,-53.3299,4265
SDKJ,,Formosa do Rio Preto Airport,Formosa do Rio Preto,BR-BA,-11.0216,-45.1867,4593
SDKO,,Fazenda Campo Grande Airport,Colômbia,BR-SP,-20.2577,-48.7886,3937
SDL3,,Agropecuária Império Airport,Cassilândia,BR-MS,-19.1121,-52.078,3937
SDL6,,Reunidas do Pontal Airport,Goiatuba,BR-GO,-17.9892,-50.0203,3609
SDLL,,Yolanda Penteado Airport,Leme,BR-SP,-22.226,-47.3808,4370
SDLP,,José Boso Municipal Airport,Lençóis Paulista,BR-SP,-22.5784,-48.7746,4147
SDLU,,Fazenda Santa Luíza Airport,Barra Bonita,BR-SP,-22.4831,-48.5245,4593
SDM8,,Agrícola Zanella Airport,Campos de Júlio,BR-MT,-14.1211,-59.2167,3937
SDM9,,Fazenda Sete Povos II Airport,São Desidério,BR-BA,-12.9017,-46.1558,4921
SBMI,JMR,Maricá Airport,Maricá,BR-RJ,-22.9195,-42.8309,3917
SDME,,Marchesan S.A. Airport,Matão,BR-SP,-21.6295,-48.3928,3609
SDMV,,Fazenda Morro Vermelho Airport,Jaú,BR-SP,-22.2752,-48.6041,5089
SDMY,,Fazenda Cambuhy Airport,Matão,BR-SP,-21.6329,-48.4791,4921
SDNA,,Fazenda Vale Verde Airport,Comendador Gomes,BR-MG,-19.6719,-48.9947,4265
SDNM,NVM,Brigadeiro Eduardo Gomes Airport,Nova Mutum,BR-MT,-13.821,-56.0386,5052
SDNT,,Fazenda Terra Prometida Airport,Porto Nacional,BR-TO,-10.4144,-48.2567,3970
SDOB,,Fazenda São José O.B. Airport,Tapiratiba,BR-SP,-21.4252,-46.7543,4068
SDOL,,Fazenda Agropesp Airport,Tapurah,BR-MT,-12.4423,-56.9077,3609
SDOU,OUS,Jornalista Benedito Pimentel Airport,Ourinhos,BR-SP,-22.9666,-49.912,4921
SDOV,,Mozarlândia Airport,Mozarlândia,BR-GO,-14.7706,-50.5642,4921
SDOW,OIA,Ourilândia do Norte Airport,Ourilândia do Norte,BR-PA,-6.763,-51.0499,3937
SDP7,,Antenor Duarte Vilela Airport,Barretos,BR-SP,-20.4939,-48.6731,4593
SDPA,,Fazenda Portobello Airport,Mangaratiba,BR-RJ,-22.9271,-44.0802,4167
SDPN,,Penápolis Airport,Penápolis,BR-SP,-21.41,-50.0337,4921
SDPW,,Piracicaba Airport,Piracicaba,BR-SP,-22.7115,-47.6182,3937
SDQL,,Fazenda Cerro Azul Airport,Nioaque,BR-MS,-21.1824,-55.7343,3609
SDQQ,,Companhia Agrícola de Quatá Airport,Quatá,BR-SP,-22.2856,-50.6394,3609
SDQZ,,Fazenda Espinhaço II Airport,Barra do Garças,BR-MT,-15.3977,-52.0749,4593
SDRR,,Avaré-Arandu Airport,Avaré,BR-SP,-23.0922,-48.9874,4856
SDRS,REZ,Resende Airport,Resende,BR-RJ,-22.4785,-44.4803,4265
SDSC,QSC,Mário Pereira Lopes–São Carlos International Airport,São Carlos,BR-SP,-21.875,-47.9039,4790
SDT8,,Fazenda Caraíbas Airport,Jequitaí,BR-MG,-17.1893,-44.6121,3937
SDTE,,Fazenda Tapijara Airport,Arandu,BR-SP,-23.2202,-49.0758,3740
SDTF,,Tatuí Airport,Tatuí,BR-SP,-23.3319,-47.8783,3609
SDTP,,Tupã Airport,Tupã,BR-SP,-21.8891,-50.5051,4921
SDTY,,Usina São Martinho Airport,Pradópolis,BR-SP,-21.3398,-48.1149,5249
SDUN,ITP,Itaperuna Airport,Itaperuna,BR-RJ,-21.2193,-41.8759,3937
SDV9,,Fazenda Baixão Verde Airport,Almas,BR-TO,-11.1998,-47.3241,3937
SDVG,VOT,Domingos Pignatari Airport,Votuporanga,BR-SP,-20.4584,-50.0031,4921
SDWH,,Fazenda Avanhandava Airport,José Bonifácio,BR-SP,-21.1886,-49.9361,4921
SDWU,,Fazenda Anahí Airport,Porto Murtinho,BR-MS,-21.7083,-57.7406,3937
SDXF,,Alto Paraíso Airport,Alto Paraíso,BR-GO,-14.121,-47.5309,3937
SDXJ,,Costa Rica Airport,Costa Rica,BR-MS,-18.4913,-53.1681,4265
SJZL,,Fazenda Vaca Mocha Airport,Caracol,BR-MS,-22.2216,-57.1582,3937
SDYB,,Fazenda São José do Barreiro Airport,Itapetininga,BR-SP,-23.7845,-48.3384,3609
SDYF,,Fazenda Irmãos Munaretto Airport,Lucas Do Rio Verde,BR-MT,-13.1096,-55.993,4265
SDH4,,Aeroclube de Itapeva Airport,Itapeva,BR-SP,-23.9413,-48.8818,4265
SDYX,,Campo Maior Airport,Campo Maior,BR-PI,-4.8542,-42.2606,3937
SDZH,,Fazenda Santa Helena Airport,Pindamonhangaba,BR-SP,-22.8906,-45.4931,4593
SD3K,,Fazenda São Marcos Airport,Itapeva,BR-SP,-23.9224,-48.8183,4593
SE08,,San Carlos Costa Airport,Lorenzo de Garaicoa,EC-G,-2.0547,-79.4331,4265
SESR,,San Rafael Airport,Bucay,EC-G,-2.1746,-79.2349,4265
SEKI,,Km 60 Airport,Luz de América,EC-26,-0.5362,-79.372,3937
SEAM,ATF,Chachoán Regional Airport,Ambato,EC-T,-1.2121,-78.5746,6316
SEBZ,,Cumbaratza Airport,Cumbaratza,EC-Z,-4.0188,-78.8873,4659
SECO,OCC,Francisco De Orellana Airport,Coca,EC-D,-0.4629,-76.9868,6760
SECU,CUE,Mariscal Lamar Airport,Cuenca,EC-A,-2.8895,-78.9844,6234
SEGS,GPS,Seymour Galapagos Ecological Airport,Isla Baltra,EC-W,-0.4538,-90.2659,7877
SEGU,GYE,José Joaquín de Olmedo International Airport,Guayaquil,EC-G,-2.1574,-79.8836,9154
SEGZ,,Gualaquiza Airport,Santiago,EC-S,-3.4232,-78.567,6601
SEII,IBB,General Villamil Airport,Puerto Villamil,EC-W,-0.9426,-90.953,4921
SEJD,TNW,Jumandy Airport,Ahuano,EC-N,-1.0602,-77.5805,8202
SELT,LTX,Cotopaxi International Airport,Latacunga,EC-X,-0.9068,-78.6158,12117
SEMA,MRR,Jose Maria Velasco Ibarra Airport,Macará,EC-L,-4.3782,-79.941,3532
SEMC,XMS,Coronel E Carvajal Airport,Macas,EC-S,-2.2992,-78.1208,8202
SEMO,,El Carmen Airport,Montalvo,EC-Y,-2.067,-76.9757,4725
SEMT,MEC,Eloy Alfaro International Airport,Manta,EC-M,-0.9461,-80.6788,9383
SEPC,,Patuca Airport,Patuca,EC-S,-2.7517,-78.2636,5255
SEPS,,Amable Calle Gutierrez Airport,Pasaje,EC-O,-3.3197,-79.7692,3774
SEPV,PVO,Reales Tamarindos Airport,Portoviejo,EC-M,-1.0416,-80.4722,7451
SEQE,,Quevedo Airport,Quevedo,EC-R,-0.989,-79.4656,4450
SEQM,UIO,Mariscal Sucre International Airport,Quito,EC-P,-0.1254,-78.3543,13445
SERB,,Chimborazo Airport,Riobamba,EC-H,-1.6533,-78.6563,5250
SERO,ETR,Santa Rosa - Artillery Colonel Victor Larrea International Airport,Santa Rosa,EC-O,-3.442,-79.997,8625
SESA,SNC,General Ulpiano Paez International Airport,Salinas/La Libertad,EC-25,-2.2101,-80.9851,8629
SESD,,Santo Domingo de Los Colorados Airport,Santo Domingo de Los Colorades,EC-26,-0.2483,-79.2091,3668
SESL,,San Lorenzo Airport,San Lorenzo,EC-E,1.2648,-78.7971,3937
SESM,PTZ,Rio Amazonas Airport,Shell Mera,EC-Y,-1.5052,-78.0627,5052
SEST,SCY,San Cristóbal Airport,Puerto Baquerizo Moreno,EC-W,-0.9102,-89.6174,6214
SESV,BHA,Los Perales Airport,Bahía de Caraquez,EC-M,-0.6081,-80.4027,7227
SETA,,Taura Air Base,Virgen de Fatima,EC-G,-2.261,-79.6802,10015
SETE,,Mayor Galo Torres Airport,Tena,EC-N,-0.9868,-77.8195,3937
SECA,LOH,Ciudad de Catamayo Airport,La Toma (Catamayo),EC-L,-3.9956,-79.3719,6725
SETN,ESM,Carlos Concha Torres International Airport,Tachina,EC-E,0.9785,-79.6266,7874
SETR,TPC,Tarapoa Airport,Tarapoa,EC-U,-0.123,-76.3378,5151
SETU,TUA,Lieutenant Colonel Luis A. Mantilla International Airport,Tulcán,EC-C,0.8095,-77.7081,8071
SG67,,Estancia Pai Quara Airport,Estancia Pai Quara,PY-13,-23.2233,-55.9463,4757
SGAS,ASU,Silvio Pettirossi International Airport,Asunción,PY-11,-25.2402,-57.5192,10997
SGAY,AYO,Aeropuerto Nacional Juan de Ayolas,Ayolas,PY-8,-27.3784,-56.8568,6070
SGCO,CIO,Lieutenant Colonel Carmelo Peralta National Airport,Concepción,PY-1,-23.4416,-57.427,6070
SGEN,ENO,Teniente Ramon A. Ayub Gonzalez International Airport,Encarnación,PY-7,-27.2275,-55.8376,7218
SGES,AGT,Guaraní International Airport,Ciudad del Este,PY-10,-25.4572,-54.8395,11154
SGIB,,Itaipú Airport,Itaipú,PY-10,-25.4078,-54.6195,4987
SGME,ESG,Dr. Luis María Argaña International Airport,Mariscal Estigarribia,PY-19,-22.0465,-60.6217,11483
SGPI,PIL,Aeródromo Don Carlos Miguel Gimenez,Pilar,PY-12,-26.882,-58.3191,4920
SGPJ,PJC,Aeropuerto Nacional Dr. Augusto Roberto Fuster,Pedro Juan Caballero,PY-13,-22.6414,-55.83,5908
SGST,,Santa Teresa Airport,Santa Teresa,PY-13,-22.6225,-56.6344,5895
SI1Q,,Alvorada do Norte Airport,Alvorada do Norte,BR-GO,-14.5124,-46.5248,3548
SI33,,Fazenda Boa Sorte Airport,São Félix do Araguaia,BR-MT,-11.2664,-52.3239,3937
SI3N,,Fazenda Plataforma Airport,Matões,BR-MA,-5.2533,-43.5811,3609
SI68,,Gelindo Stefanuto Airport,Campo Novo do Parecis,BR-MT,-13.7322,-57.8918,5249
SI8M,,Hospital de Amor Airport,Lagarto,BR-SE,-10.901,-37.6323,4265
SI8W,,Barra Grande Airport,Cajueiro da Praia,BR-PI,-3.0414,-41.3963,4017
SIAQ,,Bom Futuro Airport,Cuiabá,BR-MT,-15.5064,-56.0983,5105
SIBY,,Lourival Nunes de Farias Airport,Monteiro,BR-PB,-7.8782,-37.14,3740
SIBZ,,Itaporanga Airport,Itaporanga,BR-PB,-7.3117,-38.1127,3937
SIC,SIC,San José Island Airport,Las Perlas,PA-8,8.2622,-79.078,4364
SICK,,Dr. Jucelino José Ribeiro Airport,Capelinha,BR-MG,-17.6806,-42.5294,3773
SWSL,,Aviação Estrela Bôscoli Airport,Lucas Do Rio Verde,BR-MT,-13.3258,-56.0499,4265
SID5,,Fazenda Santa Matilde Airport,Cabeceira Grande,BR-MG,-16.0251,-47.1585,3610
SIE2,,Fazenda Marape Airport,Lucas do Rio Verde,BR-MT,-13.165,-56.1768,4595
SIEJ,,Monte Verde Airport,Nova Monte Verde,BR-MT,-9.9429,-57.486,3609
SIFV,,Primo Bitti Airport,Aracruz,BR-ES,-19.8258,-40.1022,5249
SJAA,,Fazenda Araguari Airport,Gaúcha do Norte,BR-MT,-13.3367,-53.9578,4593
SWUV,,Fazenda Progresso Airport,Sebastião Leal,BR-PI,-7.5026,-44.1985,4659
SIH8,,Fundação Rio Verde Show Safra Airport,Lucas do Rio Verde,BR-MT,-13.005,-55.9645,4593
SIIA,,Fazenda Paraná Airport,Brasnorte,BR-MT,-11.7,-58.2181,4593
SIJ2,,Fazenda Capão Grande Airport,Cristalina,BR-GO,-16.5667,-47.6161,4593
SIKZ,,Fazenda Olho D`Água Airport,Parnarama,BR-MA,-5.6638,-43.5361,3937
SILC,LVR,Municipal Bom Futuro Airport,Lucas do Rio Verde,BR-MT,-13.0379,-55.9502,5676
SILU,,BRPEC Agro-Pecuária Airport,Miranda,BR-MS,-19.8653,-56.9879,3937
SIMK,FRC,Tenente Lund Pressoto Airport,Franca,BR-SP,-20.5922,-47.3829,6562
SIMR,,Fazenda Reunidas Airport,Rio Verde,BR-GO,-17.7514,-51.1519,4265
SI4B,,Fazenda Santa Maria Airport,Jardim,BR-MS,-21.506,-56.4204,3937
SIOT,,Fazenda Santa Vergínia Airport,Santa Rita Do Pardo,BR-MS,-21.4881,-52.4073,5085
SIPA,,Aeroclube de São José do Rio Pardo Airport,São José Do Rio Pardo,BR-SP,-21.6472,-46.9283,3937
SIPE,,Itapessoca Airport,Goiana,BR-PE,-7.656,-34.8565,5906
SIPG,,Fazenda Água Preta Airport,Cocalinho,BR-MT,-14.1376,-51.4695,4757
SIPK,,SESC Pantanal Airport,Poconé,BR-MT,-16.4974,-56.4222,3937
SIPO,,Sebastião José Pereira Airport,Condeúba,BR-BA,-14.9242,-41.9567,3609
SIQE,,Botelho Airport,Brasília,BR-DF,-15.9375,-47.7266,5741
SIQJ,,Morro do Chapéu II Airport,Chapada Dos Guimarães,BR-MT,-14.9583,-55.8007,3937
SJDM,,Fazenda Jarinã Airport,Peixoto De Azevedo,BR-MT,-10.3253,-53.5859,3937
SIRN,,Fazenda Jaó Airport,Nova Xavantina,BR-MT,-14.7691,-51.9857,4757
SISD,,Fazenda São Sebastião Airport,Aparecida Do Rio Doce,BR-GO,-18.1452,-51.2738,3937
SJJV,,Fazenda Primavera Airport,Campo Grande,BR-MS,-20.9751,-54.3295,3937
SWCC,,Candote Airport,Três Lagoas,BR-MS,-20.8391,-52.3015,4265
SIVN,,Fazenda Sansara Airport,Montes Claros,BR-MG,-16.6022,-43.771,3773
SJIS,,Fazenda Annalu Airport,Deodápolis,BR-MS,-22.0822,-54.2011,3609
SIWA,,Fazenda Estrela do Aripuanã Airport,Aripuanã,BR-MT,-10.7485,-59.3738,4429
SIWB,,Fazenda Sperafico Airport,Amambaí,BR-MS,-23.1905,-55.2899,3609
SIWE,,Nelson Pizzani Airport,Monte Carlo,BR-SC,-27.2127,-50.9565,3707
SDLZ,,Campo Verde Airport,Campo Verde,BR-MT,-15.5287,-55.1414,4429
SIWN,,Fazenda Vargem das Flores Airport,Joviânia,BR-GO,-17.8499,-49.5823,4593
SD4R,,Fazenda Boa Vista Airport,Itaituba,BR-PA,-7.8569,-56.7164,4265
SD24,,Fazenda Paiaguás Airport,Diamantino,BR-MT,-14.0723,-57.4507,4921
SDQE,,Ilha do Caracará Airport,Poconé,BR-MT,-17.4569,-56.8411,3937
SJVY,,Fazenda Vitória Airport,Itarumã,BR-GO,-18.755,-51.4772,3937
SIZO,,Calcário Vale do Araguaia Airport,Cocalinho,BR-MT,-14.1903,-51.6439,4921
SIZX,JUA,Inácio Luís do Nascimento Airport,Juara,BR-MT,-11.2966,-57.5495,3937
SJO9,,Senhor do Bonfim Airport,Senhor do Bonfim,BR-BA,-10.5186,-40.0846,5085
SJ1V,,Aeroparque Bela Vista,Bela Vista de Goiás,BR-GO,-16.8813,-49.0123,5907
SJ39,,Aero Jerusalém Airport,Água Boa,BR-MT,-14.1144,-52.1917,4921
SJ3D,,Fazenda Sinimbu Airport,Jaborandi,BR-BA,-13.8663,-45.1654,4921
SJ3V,,Fazenda Manga Airport,João Pinheiro,BR-MG,-17.3003,-46.4394,4265
SJ75,,Fazenda Santa Cecília Airport,Carmo do Paranaíba,BR-MG,-19.0016,-46.2444,3938
SJ92,,Agronova Airport,Torixoréu,BR-MT,-16.1203,-52.4854,4429
SDWR,,Fazenda Rio Preto Airport,São Félix Do Araguaia,BR-MT,-11.4715,-51.6889,3937
SSEC,,Fazenda F5 Airport,Tupaciguara,BR-MG,-18.3642,-48.8721,3937
SNEK,,Fazenda Acalanto Airport,São Desidério,BR-BA,-12.9593,-45.9728,4462
SITI,,Fazenda Baluarte Airport,Lagoa Dos Patos,BR-MG,-17.015,-44.7919,3904
SJBY,,João Silva Airport,Santa Inês,BR-MA,-3.6543,-45.3452,4921
SJCA,,Comandante Vittorio Bonomi Airport,Mococa,BR-SP,-21.5322,-47.0473,5249
SJCQ,,Fazenda Serra Azul Airport,Baixa Grande,BR-BA,-11.9355,-40.0507,4921
SJCW,,Jatapu Airport,Urucará,BR-AM,-1.7121,-58.5112,4413
SJCY,,Estância Santa Rita Airport,Cuiabá,BR-MT,-15.6801,-55.956,5249
SJD1,,Fazenda Delfin Airport,Formosa do Rio Preto,BR-BA,-11.1686,-45.8144,4266
SJDS,,M Dias Branco Airport,Eusébio,BR-CE,-3.9172,-38.4892,3543
SJDW,,Fazenda Canadá Airport,Caracol,BR-MS,-22.1224,-57.291,3937
SJEA,,Cadete 56-147 Santana Airport,Palmeirópolis,BR-TO,-12.8509,-48.2268,3609
SJF6,,Salon Airport,Porangatu,BR-GO,-12.8861,-48.8658,3937
SJFF,,Frigo Estrela Airport,Estrela D`Oeste,BR-SP,-20.2947,-50.4106,3510
SJFV,,Fazenda Gaia Airport,Monte Alegre De Minas,BR-MG,-18.7663,-48.7549,4160
SJG6,,Meta Agro Airport,Canarana,BR-MT,-13.5451,-52.1904,4265
SJGN,,Fazenda Agromar Airport,São José Do Rio Claro,BR-MT,-13.6681,-56.4818,3937
SJGU,,Araguatins Airport,Araguatins,BR-TO,-5.686,-48.1143,4921
SJHG,CFO,Confresa Airport,Confresa,BR-MT,-10.6333,-51.5658,3609
SJHQ,,Fazenda São José da Reunidas Airport,São José Do Xingu,BR-MT,-11.0167,-52.3682,3937
SJHW,,Professor Maurício Joppert Airport,Engenheiro Navarro,BR-MG,-17.2955,-43.9588,3937
SJI3,,Uruçuí Airport,Uruçuí,BR-PI,-7.3262,-44.426,4757
SWNM,,Módulo Aguapei Airport,Porto Esperidião,BR-MT,-15.8269,-59.2342,4593
SJJL,,Fazenda Campo Aberto Airport,Barreiras,BR-BA,-11.7874,-45.9654,3543
SJKA,,Aerocampo Airport,Campo Novo Do Parecis,BR-MT,-13.628,-57.901,5528
SJKB,,Fazenda Adelaide Airport,Brasnorte,BR-MT,-13.0875,-58.0258,3937
SJKI,,Hangar Comandante Salomão Alcolumbre Airport,Macapá,BR-AP,0.2088,-51.0124,3609
SJL8,,Tupirama Airport,Tupirama,BR-TO,-8.9778,-48.2258,4921
SJNL,,Fazenda Reata Airport,Campo Novo Do Parecis,BR-MT,-13.6268,-57.5832,4980
SJNM,,Fazenda Santa Luzia Airport,Nova Mutum,BR-MT,-13.9939,-55.941,3937
SNZP,,Fazenda Três Lagoas Airport,Sapezal,BR-MT,-13.2584,-58.728,3773
SJOG,AQM,Ariquemes Airport,Ariquemes,BR-RO,-9.8804,-63.0471,4285
SJOJ,,Simasa Airport,Açailândia,BR-MA,-4.8707,-47.3904,3904
SJOY,,Jorge Luiz Stocco Airport,Palmeira,BR-PR,-25.4007,-49.8003,4921
SJPP,,Aero Rural Airport,Alta Floresta,BR-MT,-9.8569,-56.0044,3609
SWFC,,Fazenda Cedro Airport,Lucas do Rio Verde,BR-MT,-12.9701,-56.1846,3773
SJQN,,Quirinópolis Airport,Quirinópolis,BR-GO,-18.4461,-50.4092,4921
SJRB,,Fazenda VR Airport,Santa Cruz Do Xingu,BR-MT,-10.1131,-52.505,4593
SJRC,,Serra da Borda Airport,Vila Bela Da Santíssima Trindade,BR-MT,-14.8272,-59.6881,3937
SJRG,RIG,Rio Grande Regional Airport,Rio Grande,BR-RS,-32.0831,-52.1672,4921
SJRI,,Condomínio Boa Esperança Airport,Baixa Grande Do Ribeiro,BR-PI,-8.4064,-45.4414,4429
SJRV,,PCH Garganta da Jararaca Airport,Nova Maringá,BR-MT,-13.3861,-57.6156,5249
SJRW,,PCH Buriti Airport,Paraíso das Águas,BR-MS,-19.3416,-52.6902,5249
SIEB,,Fazenda São Bento Airport,Sidrolândia,BR-MS,-21.0712,-55.1232,3937
SJSH,,Fly Ville Airport,Governador Celso Ramos,BR-SC,-27.3721,-48.6145,4380
SJTB,,Fazenda Buriti Airport,Chapada Dos Guimarães,BR-MT,-15.465,-55.6225,4593
SJTF,,Fazenda Mequens Airport,Alta Floresta D`Oeste,BR-RO,-13.0619,-62.2575,3937
SJTP,,Tapurah Airport,Tapurá,BR-MT,-12.7229,-56.5021,3609
SJTU,,Fazenda Tucano Airport,Campo Novo Do Parecis,BR-MT,-13.5828,-57.5594,3937
SJUB,,Fazenda Rio Azul Airport,Vila Bela Da Santíssima Trindade,BR-MT,-15.1833,-60.2217,3609
SJVP,,Vila Pitinga Airport,Presidente Figueiredo,BR-AM,-0.7992,-60.0839,5249
SJWE,,Fazenda Araribá Airport,Canarana,BR-MT,-13.4047,-52.8483,4265
SJ9B,,Botuvera Airport,Gaúcha do Norte,BR-MT,-13.5833,-53.982,3937
SJWP,,Warpol Airport,São Desidério,BR-BA,-12.6215,-45.9286,3611
SJWV,,Fazenda São Judas Airport,São Miguel Do Araguaia,BR-GO,-13.3781,-50.4244,3740
SJWW,,Fazenda Cachoeira Preta Airport,Água Clara,BR-MS,-20.0214,-53.2161,3937
SJWX,,Rio Alegre Airport,Euclides da Cunha Paulista,BR-SP,-22.5728,-52.5156,3609
SJXC,,Usina Santa Cruz Airport,Santa Cruz Cabrália,BR-BA,-16.1831,-39.3581,4593
SJXS,,Veracel Airport,Belmonte,BR-BA,-16.1044,-39.3639,4921
SJY7,,Fazenda Aurora Airport,São Desidério,BR-BA,-13.32,-45.9769,5577
SJYD,,Fazenda Kajussol Airport,Santa Luzia d'Oeste,BR-RO,-11.9589,-61.6857,3938
SJZP,,Mathovi Airport,Novo Mundo,BR-MT,-9.8378,-55.4659,3937
SK-467,,San Marino Airport,Zarzal,CO-VAC,4.3753,-76.074,4080
SK53,,Yaguarito Airport,Surimena,CO-MET,3.88,-73.34,4198
SKAG,HAY,Hacaritama Airport,Aguachica,CO-CES,8.247,-73.5814,3937
SKAP,API,Gomez Nino Apiay Air Base,Apiay,CO-MET,4.0761,-73.5627,8204
SKAR,AXM,El Eden Airport,Armenia,CO-QUI,4.4528,-75.7664,7045
SKAS,PUU,Tres De Mayo Airport,Puerto Asís,CO-PUT,0.5052,-76.5008,5331
SKBC,ELB,Las Flores Airport,El Banco,CO-MAG,9.0455,-73.9749,3985
SKBG,BGA,Palonegro Airport,Bucaramanga,CO-SAN,7.1265,-73.1848,7381
SKBN,,Buenavista Airport,Fonseca,CO-LAG,10.8879,-72.9004,4935
SKBO,BOG,El Dorado International Airport,Bogota,CO-DC,4.7016,-74.1469,12467
SKBQ,BAQ,Ernesto Cortissoz International Airport,Barranquilla,CO-ATL,10.8896,-74.7808,9842
SKBS,BSC,José Celestino Mutis Airport,Bahía Solano,CO-CHO,6.2029,-77.3947,3973
SKBU,BUN,Gerardo Tobar López Airport,Buenaventura,CO-VAC,3.8196,-76.9898,3945
SKCC,CUC,Camilo Daza International Airport,Cúcuta,CO-NSA,7.9276,-72.5115,7700
SKCD,COG,Mandinga Airport,Condoto,CO-CHO,5.072,-76.6764,3980
SKCG,CTG,Rafael Nuñez International Airport,Cartagena,CO-BOL,10.4424,-75.513,8530
SKCL,CLO,Alfonso Bonilla Aragon International Airport,Cali,CO-VAC,3.5427,-76.3819,9842
SKCN,RAV,Cravo Norte Airport,Cravo Norte,CO-ARA,6.3164,-70.2114,3675
SKCO,TCO,La Florida Airport,Tumaco,CO-NAR,1.8144,-78.7492,5249
SKCU,CAQ,Juan H White Airport,Caucasia,CO-ANT,7.9685,-75.1985,3794
SKCV,CVE,Coveñas Airport,Coveñas,CO-SUC,9.4009,-75.6913,4396
SKCZ,CZU,Las Brujas Airport,Corozal,CO-SUC,9.3327,-75.2856,4930
SKEB,EBG,El Bagre Airport,El Bagre,CO-ANT,7.5965,-74.8089,4310
SKEJ,EJA,Yariguíes Airport,Barrancabermeja,CO-SAN,7.0243,-73.8068,5905
SKFL,FLA,Gustavo Artunduaga Paredes Airport,Florencia,CO-CAQ,1.5892,-75.5644,4921
SKGB,,Marco Fidel Suarez Air Base,Cali,CO-VAC,3.459,-76.4966,6233
SKGI,GIR,Santiago Vila Airport,Girardot,CO-CUN,4.2762,-74.7967,5249
SKGO,CRC,Santa Ana Airport,Cartago,CO-VAC,4.7582,-75.9557,6644
SKGP,GPI,Guapi Airport,Guapi,CO-CAU,2.5701,-77.898,4256
SKGY,,Guaymaral Airport,Chía,CO-DC,4.8123,-74.0649,5643
SKIB,IBE,Perales Airport,Ibagué,CO-TOL,4.4216,-75.1333,5905
SKIO,,Cicuco Airport,Limón,CO-BOL,9.2688,-74.6523,4167
SKIP,IPI,San Luis Airport,Ipiales,CO-NAR,0.8619,-77.6718,8202
SKJC,,Juanchaco Airport,Juanchaco,CO-VAC,3.934,-77.3615,4003
SKLC,APO,Antonio Roldán Betancur Airport,Carepa,CO-ANT,7.812,-76.7164,7153
SKLG,LQM,Caucaya Airport,Puerto Leguízamo,CO-PUT,-0.1823,-74.7708,3937
SKLM,MCJ,Jorge Isaac Airport,La Mina-Maicao,CO-LAG,11.2325,-72.4901,4876
SKLT,LET,Alfredo Vásquez Cobo International Airport,Leticia,CO-AMA,-4.1911,-69.942,6168
SKMA,,Major Justino Mariño Cuesto Air Base,Madrid,CO-CUN,4.728,-74.2756,6070
SKMD,EOH,Enrique Olaya Herrera Airport,Medellín,CO-ANT,6.2197,-75.5906,8202
SKME,,Lieutenant Colonel Luis F. Pinto Parra Air Base,Melgar,CO-CUN,4.2164,-74.635,3785
SKMG,MGN,Baracoa Airport,Magangué,CO-BOL,9.2847,-74.8461,4921
SKMJ,,Maicao Airport,Maicao,CO-LAG,11.3899,-72.2392,5300
SKML,MTB,Montelibano Airport,Montelíbano,CO-COR,7.9717,-75.4325,3560
SKMP,MMP,San Bernardo Airport,Santa Cruz de Mompóx,CO-BOL,9.2583,-74.4384,4068
SKMR,MTR,Los Garzones Airport,Montería,CO-COR,8.8237,-75.8258,7539
SKMU,MVP,Fabio Alberto Leon Bentley Airport,Mitú,CO-VAU,1.2537,-70.2339,5889
SKMZ,MZL,La Nubia Airport,Manizales,CO-CAL,5.0296,-75.4647,4835
SKNQ,NQU,Reyes Murillo Airport,Nuquí,CO-CHO,5.7103,-77.2619,3937
SKNV,NVA,Benito Salas Airport,Neiva,CO-HUI,2.9501,-75.294,5880
SKOC,OCV,Aguas Claras Airport,Ocaña,CO-NSA,8.3151,-73.3583,3937
SKPA,RON,Juan Jose Rondon Airport,Paipa,CO-BOY,5.7645,-73.1054,5382
SKPB,,Puerto Bolívar Airport,Portete,CO-LAG,12.2215,-71.9848,5540
SKPC,PCR,German Olano Airport,Puerto Carreño,CO-VID,6.1847,-67.4932,5907
SKPD,PDA,Obando Cesar Gaviria Trujillo Airport,Puerto Inírida,CO-GUA,3.8535,-67.9062,5910
SKPE,PEI,Matecaña International Airport,Pereira,CO-RIS,4.8127,-75.7395,6627
SKPI,PTX,Pitalito Airport,Pitalito,CO-HUI,1.8578,-76.0857,4912
SKPP,PPN,Guillermo León Valencia Airport,Popayán,CO-CAU,2.4544,-76.6093,6266
SKPQ,PAL,German Olano Air Base,La Dorada,CO-CUN,5.4836,-74.6574,9987
SKPR,PBE,Puerto Berrio Airport,Puerto Berrio,CO-ANT,6.4603,-74.4105,4230
SKPS,PSO,Antonio Nariño Airport,Chachagüí,CO-NAR,1.3967,-77.2909,7585
SKPV,PVA,El Embrujo Airport,Providencia,CO-SAP,13.3575,-81.358,3832
SKPZ,PZA,Paz de Ariporo Airport,Paz de Ariporo,CO-CAS,5.8761,-71.8867,4935
SKQU,MQU,Mariquita Airport,Mariquita,CO-TOL,5.2126,-74.8836,5905
SKRA,TCD,Tarapacá Airport,Tarapacá,CO-AMA,-2.8958,-69.7498,3527
SKRG,MDE,Jose Maria Córdova International Airport,Medellín,CO-ANT,6.1645,-75.4231,11286
SKRH,RCH,Almirante Padilla Airport,Riohacha,CO-LAG,11.5262,-72.926,5413
SKSA,RVE,Los Colonizadores Airport,Saravena,CO-ARA,6.9519,-71.8572,3937
SKSI,,Santiago I Airport,Maní,CO-CAS,4.7321,-72.3232,3930
SKSJ,SJE,Jorge E. Gonzalez Torres Airport,San José Del Guaviare,CO-GUV,2.5797,-72.6394,4897
SKSM,SMR,Simón Bolívar International Airport,Santa Marta,CO-MAG,11.1196,-74.2306,5577
SKSO,SOX,Alberto Lleras Camargo Airport,Sogamoso,CO-BOY,5.6773,-72.9703,6171
SKSP,ADZ,Gustavo Rojas Pinilla International Airport,San Andrés,CO-SAP,12.5836,-81.7112,7808
SKSV,SVI,Eduardo Falla Solano Airport,San Vicente Del Caguán,CO-CAQ,2.1522,-74.7663,4921
SKTB,TIB,Tibú Airport,Tibú,CO-NSA,8.6315,-72.7304,4921
SKTI,,Tolemaida Air Base,Tolemaida - Nilo,CO-CUN,4.2448,-74.6499,9280
SKTJ,,Tunja Airport,Tunja,CO-BOY,5.5414,-73.3445,3635
SKTL,TLU,Golfo de Morrosquillo Airport,Santiago de Tolú,CO-SUC,9.5094,-75.5854,4429
SKTM,TME,Gustavo Vargas Airport,Tame,CO-ARA,6.4511,-71.7603,6561
SKTQ,TQS,Captain Ernesto Esguerra Cubides Air Base,Tres Esquinas,CO-CAQ,0.7459,-75.234,6220
SKUA,,Marandúa Air Base,Marandúa,CO-VID,5.5245,-68.6856,6780
SKUC,AUC,Santiago Perez Airport,Arauca,CO-ARA,7.0689,-70.7369,6890
SKUI,UIB,El Caraño Airport,Quibdó,CO-CHO,5.6908,-76.6412,4593
SKVG,VGZ,Villa Garzón Airport,Villa Garzón,CO-PUT,0.9788,-76.6056,4320
SKVL,PYA,Velásquez Airport,Puerto Boyacá,CO-BOY,5.939,-74.457,5520
SKVP,VUP,Alfonso López Pumarejo Airport,Valledupar,CO-CES,10.435,-73.2495,6890
SKVV,VVC,Vanguardia Airport,Villavicencio,CO-MET,4.1679,-73.6138,5616
SKYP,EYP,El Alcaravan - Yopal Airport,Yopal,CO-CAS,5.3191,-72.384,8448
SLAG,MHW,Monteagudo Airport,El Bañado,BO-H,-19.827,-63.961,6562
SLAL,SRE,Alcantarí International Airport,Sucre,BO-H,-19.2468,-65.1496,11811
SLBJ,BJO,Bermejo Airport,Bermejo,BO-T,-22.7733,-64.3129,4921
SLCB,CBB,Jorge Wilsterman International Airport,Cochabamba,BO-C,-17.4211,-66.1771,12460
SLCI,,Caigua Airport,Gran Chaco,BO-T,-21.1364,-63.7528,5108
SLCO,CIJ,Capitán Aníbal Arab Airport,Cobija,BO-N,-11.0391,-68.7828,6562
SLET,SRZ,El Trompillo Airport,Santa Cruz,BO-S,-17.8116,-63.1715,9098
SLGM,GYA,Guayaramerín Airport,Guayaramerín,BO-B,-10.8886,-65.381,5767
SLHI,CCA,Chimore Airport,Chimore,BO-C,-16.9768,-65.1456,4801
SLLP,LPB,El Alto International Airport,La Paz / El Alto,BO-L,-16.5103,-68.1894,13123
SLOR,ORU,Juan Mendoza International Airport,Oruro,BO-O,-17.9562,-67.0758,8075
SLPB,,Palos Blancos Airport,"Entre Ríos, O'Connor",BO-T,-21.3956,-63.7567,3838
SLPO,POI,Capitan Nicolas Rojas Airport,Potosí,BO-P,-19.5433,-65.7237,9130
SLPS,PSZ,Capitán Av. Salvador Ogaya G. airport,Puerto Suárez,BO-S,-18.9753,-57.8206,6562
SLRQ,RBQ,Rurrenabaque Airport,Rurrenabaque,BO-B,-14.4279,-67.4968,4921
SLSA,SBL,Santa Ana Del Yacuma Airport,Santa Ana del Yacuma,BO-B,-13.7622,-65.4352,5013
SLSU,,Juana Azurduy de Padilla Air Force Base,Sucre,BO-H,-19.0071,-65.2887,9300
SLSV,,San Ignacio de Velasco Airport,San Ignacio de Velasco,BO-S,-16.4012,-61.0452,9055
SLTJ,TJA,Capitan Oriel Lea Plaza Airport,Tarija,BO-T,-21.5557,-64.7013,10007
SLTR,TDD,Teniente Av. Jorge Henrich Arauz Airport,Trinidad,BO-B,-14.8187,-64.918,7874
SLUY,UYU,Joya Andina International Airport,Quijarro,BO-P,-20.4413,-66.8576,13123
SLVM,VLM,Teniente Coronel Rafael Pabón Airport,Villamontes,BO-T,-21.2552,-63.4056,4918
SLVR,VVI,Viru Viru International Airport,Santa Cruz,BO-S,-17.6448,-63.1354,11483
SLYA,BYC,Yacuiba Airport,Yacuíba,BO-T,-21.9609,-63.6517,6890
SMJP,PBM,Johan Adolf Pengel International Airport,Paramaribo,SR-PR,5.4528,-55.1878,11417
SN-0001,,Thiès Airport,Thiès,SN-TH,14.8094,-16.9507,6200
SN3O,,De Santana Airport,Santana,BR-BA,-13.016,-44.0459,3945
SN3Y,,Novo Aeroporto de Bom Jesus da Lapa,Bom Jesus da Lapa,BR-BA,-13.2727,-43.3146,5085
SN4H,,Fazenda Recreio Airport,Ribas do Rio Pardo,BR-MS,-20.2369,-53.7939,4921
SN4Q,,São José das Borboletas Airport,Catanduva,BR-SP,-21.1533,-49.0316,4921
SN6L,JSO,Dr. Luciano de Arruda Coelho Regional Airport,Sobral,BR-CE,-3.6148,-40.2322,5906
SN76,,Sunflower Aerodrome Gliderport,Hutchinson,US-KS,37.9264,-97.9067,7000
SN8S,,Alta Vista Airport,São Desidério,BR-BA,-12.7064,-45.4579,3611
SNAB,JAW,Araripina Airport,Araripina,BR-PE,-7.5864,-40.5354,4085
SNAE,,Arcoverde Airport,Arcoverde,BR-PE,-8.4078,-37.0883,4265
SNAG,,Araguari Airport,Araguari,BR-MG,-18.6683,-48.1905,4921
SNAO,,Trimonte Jorge Mussi Airport,Casimiro de Abreu,BR-RJ,-22.5132,-42.0529,4249
SNAP,,Janaúba Airport,Janaúba,BR-MG,-15.7319,-43.3229,4921
SNAR,AMJ,Cirilo Queiróz Airport,Almenara,BR-MG,-16.1656,-40.684,4593
SNAS,,Três Marias Airport,Três Marias,BR-MG,-18.2224,-45.189,4921
SNAX,AIF,Marcelo Pires Halzhausen Airport,Assis,BR-SP,-22.6386,-50.456,5541
SNB4,,Fazenda Cantanhede Airport,Matões do Norte,BR-MA,-3.6767,-44.5242,4593
SJVW,,Fazenda Agronol Airport,Luís Eduardo Magalhães,BR-BA,-11.9548,-45.7235,5906
SNBG,,Baixo Guandu - Aimorés Airport,Baixo Guandu,BR-ES,-19.499,-41.0418,3937
SNBI,,Bacabal Airport,Bacabal,BR-MA,-4.2277,-44.82,5249
SNBM,,Cristiano Ferreira Varella Airport,Muriaé,BR-MG,-21.1261,-42.3944,3740
SNBR,BRA,Dom Ricardo Weberberger Airport,Barreiras,BR-BA,-12.0789,-45.009,5249
SNBS,BSS,Balsas Airport,Balsas,BR-MA,-7.5253,-46.0534,4849
SNBX,BQQ,Barra Airport,Barra,BR-BA,-11.0808,-43.1475,4265
SNBZ,,Paramirim Airport,Paramirim,BR-BA,-13.4906,-42.2292,3937
SNCA,,Campo Belo Airport,Campo Belo,BR-MG,-20.8923,-45.3351,4659
SNCI,,Cibrasa Airport,Capanema,BR-PA,-1.231,-47.2006,4429
SNCP,EEA,Planalto Serrano Regional Airport,Correia Pinto,BR-SC,-27.6341,-50.3583,5912
SNCS,,Campos Sales Airport,Campos Sales,BR-CE,-7.0517,-40.3583,3937
SNCT,,Ubaporanga Airport,Caratinga,BR-MG,-19.7253,-42.1121,3543
SNCX,QCH,Colatina Airport,Colatina,BR-ES,-19.4875,-40.5794,4265
SNDH,,Aba Airport,Barreiras,BR-BA,-12.1629,-45.0337,5020
SNDR,,Domingos Rego Airport,Timon,BR-MA,-5.0798,-42.8737,4984
SNDT,DTI,Diamantina Airport,Diamantina,BR-MG,-18.232,-43.6504,5282
SNDV,DIQ,Brigadeiro Cabral Airport,Divinópolis,BR-MG,-20.1807,-44.8709,5052
SNEB,JPE,Nagib Demachki Airport,Paragominas,BR-PA,-3.0198,-47.3165,4265
SNED,CNV,Sócrates Rezende Airport,Canavieiras,BR-BA,-15.667,-38.9547,4396
SNEU,,Euclides da Cunha Airport,Euclides Da Cunha,BR-BA,-10.5273,-39.0327,3937
SNEW,,Fazenda Congonhas Airport,Carneirinho,BR-MG,-19.6626,-50.9502,4669
SD5H,,Fazenda Vale Verde III Airport,Unaí,BR-MG,-16.716,-46.5211,3609
SNFE,,Comandante Paschoal Patrocínio Filho Airport,Alfenas,BR-MG,-21.4314,-45.9321,5249
SNFI,,Fazenda São José do Parnaíba Airport,Tupaciguara,BR-MG,-18.3875,-48.8617,4921
SNFJ,,Pousada Thaimaçu Airport,Jacareacanga,BR-PA,-9.0628,-56.5933,4265
SNFP,,Fazenda Pirapó Airport,Sorriso,BR-MT,-12.1814,-55.7886,3609
SD9C,,Benjamin de Moura Leal Airport,São João do Piauí,BR-PI,-8.3915,-42.2471,3609
SNFX,SXX,São Félix do Xingu Airport,São Félix do Xingu,BR-PA,-6.6413,-51.9523,5249
SNFZ,,Fazenda Villa Terezinha Airport,Bocaíuva,BR-MG,-17.4058,-43.9399,3707
SNGA,GUZ,Guarapari Airport,Guarapari,BR-ES,-20.6465,-40.4919,3570
SNGD,GDP,Guadalupe Airport,Guadalupe,BR-PI,-6.7822,-43.5822,5249
SNGG,,Bom Jesus do Gurguéia Airport,Bom Jesus Do Gurguéia,BR-PI,-9.0573,-44.3711,3937
SNGI,GNM,Guanambi Airport,Guanambi,BR-BA,-14.2082,-42.7461,5577
SNGN,QGP,Garanhuns Airport,Garanhuns,BR-PE,-8.8343,-36.4716,4114
SNGT,,Gentio de Ouro Airport,Gentio De Ouro,BR-BA,-11.4417,-42.5182,4265
SNGX,,Guaxupé Airport,Guaxupé,BR-MG,-21.3258,-46.7308,4856
SNHS,SET,Santa Magalhães Airport,Serra Talhada,BR-PE,-8.0614,-38.3289,5905
SNI7,,Mara Rosa Airport,Mara Rosa,BR-GO,-4.0371,-49.1647,3609
SNIB,,Itaberaba Airport,Itaberaba,BR-BA,-12.5,-40.2699,3937
SNIC,IRE,Irecê Airport,Irecê,BR-BA,-11.3399,-41.847,4593
SNIE,,Caetité Airport,Caetité,BR-BA,-14.0123,-42.494,3543
SNIG,QIG,Iguatu Airport,Iguatu,BR-CE,-6.3463,-39.2944,4626
SNIO,,Cipó Airport,Cipó,BR-BA,-11.1253,-38.4869,5118
SNIT,,Ibotirama Airport,Ibotirama,BR-BA,-12.1686,-43.2221,3937
SNIU,IPU,Ipiaú Airport,Ipiaú,BR-BA,-14.1735,-39.684,4265
SNJB,JCM,Jacobina Airport,Jacobina,BR-BA,-11.1632,-40.5531,4101
SNJF,,Rural Verde Airport,Sitio do Mato,BR-BA,-12.6474,-43.5188,3937
SNJI,,Fazenda Fortaleza de Santa Terezinha Airport,Jequitaí,BR-MG,-17.1868,-44.6495,3937
SNJK,JEQ,Jequié Airport,Jequié,BR-BA,-13.8777,-40.0716,4199
SNJM,JMA,Aeroporto Elias Breder Airport,Manhuaçu,BR-MG,-20.2597,-42.1839,3839
SNJN,JNA,Januária Airport,Januária,BR-MG,-15.4738,-44.3855,3937
SNJP,,João Pinheiro Airport,João Pinheiro,BR-MG,-17.7875,-46.12,4265
SNJQ,,Jequitinhonha Airport,Jequitinhonha,BR-MG,-16.4419,-41.0369,3707
SNJR,JDR,Prefeito Octávio de Almeida Neves Airport,São João Del Rei,BR-MG,-21.0856,-44.2253,4593
SNJV,,Fazenda Santa Mônica Airport,São João Da Ponte,BR-MG,-15.9983,-43.7383,4790
SNKI,CDI,Cachoeiro do Itapemirim - Raimundo de Andrade Airport,Cachoeiro do Itapemirim,BR-ES,-20.8343,-41.1856,3937
SNKJ,,Fazenda Rio Dourado Airport,Cumaru do Norte,BR-PA,-8.3348,-51.4467,4429
SNKO,,Brotas de Macaúbas Airport,Brotas de Macaúbas,BR-BA,-11.9994,-42.6349,3609
SNLA,,Fazenda Lagoa das Antas Airport,Canaã Dos Carajás,BR-PA,-6.5675,-49.7194,4836
SNLG,,Serra do Cipó Airport,Jaboticatubas,BR-MG,-19.3986,-43.7464,4134
SNLI,,Abaeté Airport,Abaeté,BR-MG,-19.1556,-45.4948,3937
SNLN,LHN,Linhares Municipal Airport,Linhares,BR-ES,-19.3552,-40.0713,6102
SNLO,SSO,São Lourenço Airport,São Lourenço,BR-MG,-22.0909,-45.0445,3510
SNLQ,,Fazenda Conforto Airport,Nova Crixás,BR-GO,-14.0658,-50.4159,4921
SNMA,MTE,Monte Alegre Airport,Monte Alegre,BR-PA,-1.9958,-54.0742,4675
SNMC,,Macaúbas Airport,Macaúbas,BR-BA,-13.025,-42.6723,4324
SNMI,,Mina Caraíba Airport,Jaguarari,BR-BA,-9.83,-39.8867,5741
SNMJ,,Maracás Airport,Maracás,BR-BA,-13.4333,-40.4333,4265
SNMK,,Mocambinho Airport,Jaíba,BR-MG,-15.093,-43.9791,4987
SNMU,MVS,Mucuri Airport,Mucuri,BR-BA,-18.0489,-39.8643,4593
SNMX,SBJ,São Mateus - Ernesto Bonomo Airport,São Mateus,BR-ES,-18.7213,-39.8337,4429
SNMZ,PTQ,Porto de Moz Airport,Porto de Moz,BR-PA,-1.7413,-52.236,4298
SWLJ,,Fazenda Santa Cruz Airport,Iaciara,BR-GO,-14.2185,-46.8391,3937
SNNU,NNU,Nanuque Airport,Nanuque,BR-MG,-17.8232,-40.3297,4003
SNOE,,Oeiras Airport,Oeiras,BR-PI,-7.0183,-42.1672,3937
SNOG,,Ceará Mirim Airport,Ceará-Mirim,BR-RN,-5.6614,-35.4136,3937
SNOM,,Fazenda Guaporeí Airport,Vila Bela da Santíssima Trindade,BR-MT,-15.0067,-60.2207,3609
SNOS,PSW,José Figueiredo Municipal Airport,Passos,BR-MG,-20.7318,-46.662,4921
SNOU,FEJ,Feijó Airport,Feijó,BR-AC,-8.1412,-70.3408,3937
SNOX,ORX,Oriximiná Airport,Oriximiná,BR-PA,-1.7141,-55.8362,5249
SNPA,,Pará de Minas Airport,Pará de Minas,BR-MG,-19.8426,-44.6012,4134
SNPC,PCS,Picos Airport,Picos,BR-PI,-7.0614,-41.5259,5741
SNPD,POJ,Patos de Minas Airport,Patos de Minas,BR-MG,-18.6727,-46.4913,5577
SNPI,,De Piatã Airport,Piatã,BR-BA,-13.1656,-41.7719,4429
SNPJ,,Patrocínio Airport,Patrocínio,BR-MG,-18.9094,-46.9827,3937
SN4G,,Fazenda Córrego da Ponte Airport,Buritis,BR-MG,-15.2601,-46.7624,3937
SNPU,,Paraguaçu Airport,Paraguaçu,BR-MG,-21.5592,-45.7517,3855
SNPX,PIV,Pirapora Airport,Pirapora,BR-MG,-17.3169,-44.8603,4856
SNPY,,São Sebastião do Paraíso Airport,São Sebastião Do Paraíso,BR-MG,-20.9482,-46.9832,5249
SNQD,,Sousa Airport,Sousa,BR-PB,-6.7854,-38.2334,3937
SNQG,FLB,Cangapara Airport,Floriano,BR-PI,-6.8464,-43.0773,5906
SNQI,,Fazenda Camagril Agropecuária Airport,Diamantino,BR-MT,-14.1181,-57.3411,3609
SNQM,,Queimadas Airport,Queimadas,BR-BA,-10.9883,-39.6206,3937
SNQU,CHD,Mucugê Airport,Mucugê,BR-BA,-13.0312,-41.4441,4593
SNQV,,Curvelo Airport,Curvelo,BR-MG,-18.75,-44.4584,3937
SNQX,,Quixadá Airport,Quixadá,BR-CE,-4.979,-38.9876,3937
SNRD,PDF,Prado Airport,Prado,BR-BA,-17.297,-39.2711,3822
SJCR,,Fazenda Rebeca Airport,Serra Dourada,BR-BA,-12.6827,-43.8715,4265
SNRM,,Remanso Airport,Remanso,BR-BA,-9.58,-42.1159,4429
SNRU,CAU,Caruaru Airport,Caruaru,BR-PE,-8.2824,-36.0135,5906
SNRX,,Riachão Airport,Riachão,BR-MA,-7.3503,-46.6339,3937
SNRZ,,Oliveira Airport,Oliveira,BR-MG,-20.7146,-44.8653,3887
SNSE,,Sento Sé Airport,Sento Sé,BR-BA,-9.7576,-41.8547,3609
SNSG,,Salgueiro Airport,Salgueiro,BR-PE,-8.0472,-39.1364,4265
SNSH,,São José Airport,Santarém,BR-PA,-2.5745,-54.7344,4921
SNSM,OPP,Salinópolis Airport,Salinópolis,BR-PA,-0.6961,-47.3361,6102
SNSR,,Fazenda Santos Reis Airport,Guarda-Mor,BR-MG,-17.5479,-46.9787,3609
SNSS,,Salinas Airport,Salinas,BR-MG,-16.2083,-42.322,4856
SN3U,,Souto Soares Airport,Souto Soares,BR-BA,-12.0973,-41.6407,3937
SNI6,SFK,Soure Airport,Soure,BR-PA,-0.6978,-48.5198,3609
SNT4,,Fazenda Bela Vista Airport,São Desidério,BR-BA,-12.4346,-45.2923,3933
SNTD,,Fazenda Mamoneira Airport,Natalândia,BR-MG,-16.5862,-46.5011,4364
SNTF,TXF,9 de Maio - Teixeira de Freitas Airport,Teixeira de Freitas,BR-BA,-17.5244,-39.6685,4790
SNTI,OBI,Óbidos Municipal Airport,Óbidos,BR-PA,-1.868,-55.5146,4987
SNTO,TFL,Juscelino Kubitscheck Airport,Teófilo Otoni,BR-MG,-17.8923,-41.5136,3904
SNTP,,Agropalma Airport,Tailândia,BR-PA,-2.5253,-48.7519,4265
SNTQ,,Buritirama Airport,Buritirama,BR-BA,-10.7242,-43.6547,5249
SNTR,,Piritiba Airport,Piritiba,BR-BA,-11.7381,-40.5695,4068
SNTS,JPO,Aeroporto Brigadeiro Firmino Ayres,Patos,BR-PB,-7.039,-37.2516,5249
SNTY,,Correntina Airport,Correntina,BR-BA,-13.38,-44.6221,3937
SNUB,,Ubá Airport,Ubá,BR-MG,-21.121,-42.8819,3543
SNUC,,Açu Airport,Açu,BR-RN,-5.595,-36.9609,4921
SNUI,AIY,Araçuaí Airport,Araçuaí,BR-MG,-16.8516,-42.0456,3937
SNUN,,Unaí Airport,Unaí,BR-MG,-16.3565,-46.9277,3871
SNUT,,Utinga Airport,Utinga,BR-BA,-12.1055,-41.0745,4659
SNVA,,Fazenda Bela Vista Airport,Cumaru Do Norte,BR-PA,-7.9875,-50.6317,4035
SNVB,VAL,Valença Airport,Valença,BR-BA,-13.2965,-38.9924,5906
SNVD,,Santa Maria da Vitória Airport,Santa Maria da Vitória,BR-BA,-13.4049,-44.2229,3937
SNVI,,Mélio Viana Public Airport,Três Corações,BR-MG,-21.7891,-45.2682,4265
SNVR,,Aeroclube da Bahia Airport,Vera Cruz,BR-BA,-13.0241,-38.6657,4265
SNVS,BVS,Breves Airport,Breves,BR-PA,-1.6365,-50.4436,5249
SNWS,JCS,Crateús Airport,Crateús,BR-CE,-5.2114,-40.7042,4921
SNXB,,Caxambu Airport,Caxambu,BR-MG,-21.9171,-44.9682,4921
SNXG,,Fazenda dos Castanhais Airport,Sapucaia,BR-PA,-6.7748,-49.3611,4593
SNXH,,Itapecuru Airport,Codó,BR-MA,-4.5138,-44.0215,4839
SNXK,,Fazenda Lagoa do Triunfo Airport,São Félix Do Xingu,BR-PA,-6.5369,-52.7692,3937
SNXQ,,Xique-Xique Airport,Xique-Xique,BR-BA,-10.8341,-42.6834,4659
SNXV,,Tranquilo Testolin Airport,Felixlândia,BR-MG,-18.7582,-45.1076,4921
SNXX,,Maxaranguape Airport,Maxaranguape,BR-RN,-5.3841,-35.5284,7218
SNXY,,Cikel Brasil Verde Airport,Portel,BR-PA,-2.6949,-50.526,3937
SNYB,,Ituiutaba Airport,Ituiutaba,BR-MG,-19.0024,-49.4874,5906
SNYE,PHI,Pinheiro Airport,Pinheiro,BR-MA,-2.4774,-45.105,5709
SJ9Y,,Fazenda Parnaíba Airport,Tasso Fragoso,BR-MA,-8.5099,-46.0748,3937
SNYH,,Fazenda Vale Sereno Airport,Cumaru do Norte,BR-PA,-8.7006,-51.1727,4593
SNYT,,Ituaçu Airport,Ituaçu,BR-BA,-13.8283,-41.3023,4921
SNYU,,Iturama Airport,Iturama,BR-MG,-19.718,-50.2202,5299
SNZA,PPY,Pouso Alegre Airport,Pouso Alegre,BR-MG,-22.2892,-45.9191,4199
SNZK,,Fazenda Canadá Airport,Itacarambí,BR-MG,-15.0243,-44.0391,5118
SNZR,PYT,Pedro Rabelo de Souza Airport,Paracatu,BR-MG,-17.2426,-46.8831,4921
SOCA,CAY,Cayenne – Félix Eboué Airport,Matoury,GF-CY,4.82,-52.3613,10486
SOOA,MPY,Maripasoula Airport,Maripasoula,GF-SL,3.6559,-54.0394,3938
SOOG,OYP,Saint-Georges-de-l'Oyapock Airport,Saint-Georges-de-l'Oyapock,GF-CY,3.8976,-51.8041,3937
SPAB,,Huancabamba Airport,Huancabamba,PE-PIU,-5.2568,-79.4429,3600
SPAS,AOP,Alferez FAP Alfredo Vladimir Sara Bauer Airport,Andoas,PE-LOR,-2.7961,-76.4666,6749
SPAY,AYX,Teniente General Gerardo Pérez Pinedo Airport,Atalaya,PE-UCA,-10.7291,-73.7665,4921
SPBC,,Caballococha Airport,Caballococha,PE-LOR,-3.9169,-70.5082,5905
SPBL,,Bolognesi Airport,Bolognesi,PE-UCA,-10.0296,-73.9434,3871
SPBR,IBP,Iberia Airport,Iberia,PE-MDD,-11.4116,-69.4887,4429
SPCL,PCL,Cap FAP David Abenzur Rengifo International Airport,Pucallpa,PE-UCA,-8.3781,-74.5745,9186
SPDR,TDP,Trompeteros Airport,Corrientes,PE-LOR,-3.806,-75.0393,6075
SPEE,,El Estrecho Airport,,PE-LOR,-2.4541,-72.6706,3956
SPEO,CHM,FAP Lieutenant Jaime Andres de Montreuil Morales Airport,Chimbote,PE-ANC,-9.1496,-78.5238,5905
SPEP,,Puerto Esperanza Airport,Esperanza,PE-UCA,-9.7681,-70.7065,5922
SPEQ,,Cesar Torke Podesta Airport,Moquegua,PE-MOQ,-17.179,-70.9308,5905
SPGB,,Galilea Airport,,PE-AMA,-4.0319,-77.7588,4921
SPGP,,Güeppi­ Airport,,PE-LOR,-0.1191,-75.2479,4219
SPHI,CIX,Capitán FAP José A. Quiñones González International Airport,Chiclayo,PE-LAM,-6.7892,-79.8283,8266
SPHO,AYP,Air Force Colonel Alfredo Mendivil Duarte Airport,Ayacucho,PE-AYA,-13.1548,-74.2044,9186
SPHY,ANS,Andahuaylas Airport,Andahuaylas,PE-APU,-13.7064,-73.3504,8202
SPHZ,ATA,Comandante FAP German Arias Graziani Airport,Anta,PE-ANC,-9.3474,-77.5984,10007
SPJC,LIM,Jorge Chávez International Airport,Lima,PE-LIM,-12.0219,-77.1143,11506
SPJA,RIJ,Juan Simons Vela Airport,Rioja,PE-SAM,-6.0679,-77.16,6168
SPJE,JAE,Shumba Airport,Jaén,PE-CAJ,-5.5925,-78.774,7874
SPJI,JJI,Juanjui Airport,Juanjuí,PE-SAM,-7.1691,-76.7286,6562
SPJJ,JAU,Francisco Carle Airport,Jauja,PE-JUN,-11.7831,-75.4734,9220
SPJL,JUL,Inca Manco Capac International Airport,Juliaca,PE-PUN,-15.4677,-70.1565,13780
SPJR,CJA,Mayor General FAP Armando Revoredo Iglesias Airport,Cajamarca,PE-CAJ,-7.1392,-78.4894,8201
SPLC,,Mariano Melgar Airport,La Joya,PE-ARE,-16.7915,-71.8866,13064
SPLN,RIM,San Nicolas Airport,Rodriguez de Mendoza,PE-AMA,-6.3923,-77.5012,5915
SPLO,ILQ,General Jorge Fernandez Maldon Airport,Ilo,PE-MOQ,-17.695,-71.344,8202
SPLP,,Las Palmas Air Base,Chorrillos,PE-LIM,-12.1607,-76.9989,8019
SPME,TBP,Captain Pedro Canga Rodríguez International Airport,Tumbes,PE-TUM,-3.5521,-80.3811,8202
SPMF,MZA,Mayor PNP Nancy Flores Paucar Airport,Mazamari,PE-JUN,-11.3254,-74.5356,5775
SPMS,YMS,Moises Benzaquen Rengifo Airport,Yurimaguas,PE-LOR,-5.8938,-76.1182,5912
SPNC,HUU,Alferez Fap David Figueroa Fernandini Airport,Huánuco,PE-HUC,-9.8788,-76.2048,8202
SPOY,,Atico Airport,Atico,PE-ARE,-16.2328,-73.6057,4900
SPPY,CHH,Chachapoyas Airport,Chachapoyas,PE-AMA,-6.2019,-77.8562,6496
SPQT,IQT,Coronel FAP Francisco Secada Vignetta International Airport,Iquitos,PE-LOR,-3.7847,-73.3088,8202
SPQU,AQP,Rodríguez Ballón International Airport,Arequipa,PE-ARE,-16.3408,-71.5695,9777
SPRU,TRU,Capitán FAP Carlos Martínez de Pinillos International Airport,Trujillo,PE-LAL,-8.0824,-79.1088,9920
SPSO,PIO,Captain Renán Elías Olivera International Airport,Pisco,PE-ICA,-13.7449,-76.2203,9908
SPST,TPP,Cadete FAP Guillermo Del Castillo Paredes Airport,Tarapoto,PE-SAM,-6.5087,-76.3732,8530
SPTN,TCQ,Coronel FAP Carlos Ciriani Santa Rosa International Airport,Tacna,PE-TAC,-18.0533,-70.2758,8202
SPTU,PEM,Padre Aldamiz International Airport,Puerto Maldonado,PE-MDD,-12.6136,-69.2286,11482
SPUR,PIU,PAF Captain Guillermo Concha Iberico International Airport,Piura,PE-PIU,-5.2058,-80.6164,8202
SPYL,TYL,Captain Victor Montes Arias International Airport,Talara,PE-PIU,-4.5766,-81.2541,8038
SPZO,CUZ,Alejandro Velasco Astete International Airport,Cusco,PE-CUS,-13.5357,-71.9388,11146
SMEG,EAX,Eduard Alexander Gummels Airport,Kwatta,SR-PM,5.8638,-55.1895,3934
SS2N,,Fazenda Maná Airport,Tuntum,BR-MA,-5.9687,-44.6331,3939
SS3E,,Brisanet Airport,Pereiro,BR-CE,-6.185,-38.5162,4758
SS4N,,Fazenda Agropecuária São Benedito Airport,Brasnorte,BR-MT,-12.4191,-57.5965,3937
SS6B,,Fazenda Americana Airport,Cariri do Tocantins,BR-TO,-11.7966,-49.107,5905
SS6L,,Fazenda Pajeú Airport,Governador Archer,BR-MA,-4.9541,-44.2505,3741
SS73,,Fazenda Boa Sorte Airport,Palestina do Pará,BR-PA,-5.6906,-48.2173,4922
SS7O,,Fazenda Paulista Airport,Ouro Verde,BR-SP,-21.5828,-51.7091,4265
SS9P,,Grupo Golin Agro Airport,Canto do Buriti,BR-PI,-8.117,-43.1398,3937
SSA7,,Fazenda Sete Airport,Jaborandi,BR-BA,-14.1347,-45.4206,3933
SSA9,,Fazenda Lagoa Airport,Barreiras,BR-BA,-11.8284,-45.8292,3937
SSAB,,Moisés Lupion Airport,Ibaiti,BR-PR,-23.7622,-50.263,3937
SSAD,,Fazenda Ribeirão Airport,Chapadão do Sul,BR-MS,-18.764,-52.9176,5906
SSAP,APU,Captain João Busse Airport,Apucarana,BR-PR,-23.6091,-51.3843,4593
SSBC,,Fazenda Barra do Tietê Airport,Castilho,BR-SP,-20.7261,-51.5886,3937
SSBL,BNU,Blumenau Airport,Blumenau,BR-SC,-26.8317,-49.0936,3543
SSBN,,Belém Novo Airport,Porto Alegre,BR-RS,-30.189,-51.1821,3618
SSBR,,Bandeirantes Airport,Bandeirantes,BR-PR,-23.0728,-50.4231,4265
SSBV,,Bela Vista Airport,Bela Vista,BR-MS,-22.0816,-56.5386,4265
SSBY,,Orlando Chesini Ometto Airport,Miranda,BR-MS,-20.0995,-56.7939,4593
SSCD,,Chapadão do Sul Airport,Chapadão do Sul,BR-MS,-18.8391,-52.4881,6562
SSCI,,Coxim Airport,Coxim,BR-MS,-18.4777,-54.7147,4265
SSCK,CCI,Olavo Cecco Rigon Airport,Concórdia,BR-SC,-27.1805,-52.0518,4856
SSCM,,Fazenda Caçadinha Airport,Rio Brilhante,BR-MS,-21.6141,-54.7956,3937
SSCN,CEL,Canela Airport,Canela,BR-RS,-29.3701,-50.8317,4134
SSCP,CKO,Cornélio Procópio Airport,Cornélio Procópio,BR-PR,-23.1527,-50.6029,4593
SSCQ,,Salcã Airport,Cacequi,BR-RS,-29.9002,-54.9294,4921
SSCR,,Balduino Helmuth Jope Airport,Marechal Cândido Rondon,BR-PR,-24.5127,-54.0547,4593
SSCT,GGH,Engenheiro Gastão de Mesquita Filho Airport,Cianorte,BR-PR,-23.6916,-52.6421,3937
SSDK,,São Pedro,,BR-MG,-20.076,-44.7279,4200
SSDP,,Fazenda Fortaleza do Guaporé Airport,Vila Bela da Santíssima Trindade,BR-MT,-14.464,-60.1749,3937
SSER,ERM,Erechim Airport,Erechim,BR-RS,-27.6636,-52.2715,4199
SSFA,,Foz do Areia Airport,Pinhão,BR-PR,-25.9815,-51.6407,4921
SSFB,FBE,Paulo Abdala Airport,Francisco Beltrão,BR-PR,-26.0594,-53.0638,4331
SSFL,,João Pereira dos Santos Filho Airport,Fronteiras,BR-PI,-7.1001,-40.6284,4921
SBFT,,Fronteira Airport,Fronteira,BR-MG,-20.2787,-49.1876,5643
SSGA,,Garibaldi Airport,Garibaldi,BR-RS,-29.269,-51.5317,3937
SSGY,GGJ,Guaíra Airport,Guaíra,BR-PR,-24.0811,-54.1917,4265
SSHA,,Aeroclube de Aquidauana Airport,Aquidauana,BR-MS,-20.4808,-55.7694,3937
SSHE,,Fazenda Nova Guaporé,Comodoro,BR-MT,-13.9065,-60.3225,5249
SITF,,Fazenda Tereré Airport,Antônio João,BR-MS,-22.3579,-55.7638,3937
SSHX,,Aeródromo de Fazenda Jatobá,Paranhos,BR-MS,-23.923,-55.3,4167
SSIF,,Fazenda Baunilha Airport,Itaquiraí,BR-MS,-23.5621,-54.0304,4265
SSIJ,IJU,João Batista Bos Filho Airport,Ijuí,BR-RS,-28.3687,-53.8466,4200
SSJA,JCB,Santa Terezinha Airport,Joaçaba,BR-SC,-27.1715,-51.5533,4396
SSJM,,Fazenda Júlio Martins Airport,Chapadão Do Sul,BR-MS,-18.8425,-52.4994,4921
SSKG,,Estância Santa Maria Airport,Campo Grande,BR-MS,-20.5053,-54.5255,3609
SSKM,CBW,Campo Mourão Airport,Campo Mourão,BR-PR,-24.0092,-52.3568,4495
SSKT,,Aeroclube de Santa Catarina Airport,São José,BR-SC,-27.6117,-48.6728,3910
SSKW,OAL,Cacoal Airport,Cacoal,BR-RO,-11.496,-61.4508,6890
SSKZ,,Carazinho Airport,Carazinho,BR-RS,-28.3225,-52.8162,5118
SSLN,LOI,Helmuth Baungarten Airport,Lontras,BR-SC,-27.16,-49.5425,3609
SSLO,,Loanda Airport,Loanda,BR-PR,-22.9171,-53.149,3609
SSLT,ALQ,Alegrete Novo Airport,Alegrete,BR-RS,-29.8116,-55.8947,3937
SSMR,,Manoel Ribas Airport,Manoel Ribas,BR-PR,-24.5296,-51.6517,3937
SSNA,,Estância Miranda Airport,Miranda,BR-MS,-19.8965,-56.4273,3609
SSNB,,Naviraí Airport,Naviraí,BR-MS,-23.0348,-54.1802,4586
SI4N,,Aeródromo Fazenda Milano,Barreiras,BR-BA,-12.3028,-45.5139,4593
SSOE,SQX,São Miguel do Oeste Hélio Wasum Airport,São Miguel do Oeste,BR-SC,-26.7816,-53.5035,4134
SSOG,APX,Arapongas Airport,Arapongas,BR-PR,-23.3526,-51.492,3937
SSOL,VRZ,Padre Israel Airport,Lavras,BR-MG,-21.2406,-44.9639,4921
SSPA,,Fazenda Marajoara Airport,Cariri do Tocantins,BR-TO,-11.9636,-49.0384,3694
SSPG,PNG,Paranaguá Airport,Paranaguá,BR-PR,-25.5401,-48.5312,4774
SSPI,PVI,Paranavaí Airport,Paranavaí,BR-PR,-23.0899,-52.4885,4921
SSPM,,Porto Murtinho Airport,Porto Murtinho,BR-MS,-21.7096,-57.8802,4265
SSPN,PBB,Paranaíba Airport,Paranaíba,BR-MS,-19.6512,-51.1994,4331
SSPS,,Palmas Airport,Palmas,BR-PR,-26.472,-51.9759,3609
SSPT,,Palotina Airport,Palotina,BR-PR,-24.3433,-53.8287,3937
SDP8,,Marechal Thaumaturgo Airport,Marechal Thaumaturgo,BR-AC,-8.9594,-72.7797,3937
SSQA,,Fazenda Guaporé Airport,Comodoro,BR-MT,-13.7231,-60.3153,3937
SSQC,,Siqueira Campos Airport,Siqueira Campos,BR-PR,-23.6746,-49.8156,3937
SSQS,,Fazenda Brasil Airport,Barra do Garças,BR-MT,-15.0324,-52.3102,5249
SSQT,,Castro Airport,Castro,BR-PR,-24.8077,-49.9597,4659
SSQZ,,Mimoso do Oeste Airport,Luíz Eduardo Magalhães,BR-BA,-12.1064,-45.895,4265
SSRE,,Realeza Airport,Realeza,BR-PR,-25.8012,-53.5127,3937
SSRF,,Castro Alves Airport,Castro Alves,BR-BA,-12.7657,-39.4467,4265
SJQB,,Fazenda Jequitibá Airport,Nova Alvorada do Sul,BR-MS,-21.8784,-53.8155,3937
SSRK,,Campo Alegre de Lourdes Airport,Campo Alegre De Lourdes,BR-BA,-9.5139,-42.9951,4921
SSSB,JBS,São Borja Airport,São Borja,BR-RS,-28.6549,-56.0346,4921
SSSC,CSU,Santa Cruz do Sul Airport,Santa Cruz do Sul,BR-RS,-29.6841,-52.4122,3871
SSSZ,,Sertanópolis Municipal Airport,Sertanópolis,BR-PR,-23.0622,-51.0139,3773
SSTB,,Três Barras Airport,Três Barras,BR-SC,-26.1358,-50.3109,4495
SDUE,,Fazenda Thália Airport,Balsa Nova,BR-PR,-25.5202,-49.6825,3609
SSUM,UMU,Orlando de Carvalho Airport,Umuarama,BR-PR,-23.7987,-53.3138,4692
SSUK,,Fazenda Menina Airport,Itapura,BR-SP,-20.6405,-51.4769,4331
SSVI,VIA,Videira Airport,Videira,BR-SC,-26.9997,-51.1419,4594
SJO8,,Fazenda Araguaia Airport,Santa Maria das Barreiras,BR-PA,-8.7415,-50.2098,4921
SSXH,BMS,Sócrates Mariani Bittencourt Airport,Brumado,BR-BA,-14.2554,-41.8175,5709
SSXN,,Aéreo Amazônia Airport,Altamira,BR-PA,-8.2983,-55.1147,3609
SSXX,AXE,Xanxerê Airport,Xanxerê,BR-SC,-26.8751,-52.3729,3773
SDP5,,Fazenda Panorama Airport,Bela Vista,BR-MS,-22.039,-56.2694,4266
SSZR,SRA,Luis Alberto Lehr Airport,Santa Rosa,BR-RS,-27.9066,-54.5206,3937
SUAA,,Ángel S. Adami International Airport,Montevideo,UY-MO,-34.7892,-56.2647,4101
SUCA,CYR,Colonia Laguna de Los Patos International Airport,Colonia del Sacramento,UY-CO,-34.4564,-57.7706,4495
SUDU,DZO,Santa Bernardina International Airport,Durazno,UY-DU,-33.3589,-56.4992,7477
SULS,PDP,Capitan Corbeta CA Curbelo International Airport,Punta del Este,UY-MA,-34.8551,-55.0943,6998
SUMU,MVD,Carrasco General Cesáreo L. Berisso International Airport,Ciudad de la Costa,UY-CA,-34.8356,-56.0265,10499
SUPU,PDU,Tydeo Larre Borges Airport,Paysandú,UY-PA,-32.3633,-58.0619,4331
SUSO,STY,Nueva Hesperides International Airport,Salto,UY-SA,-31.4385,-57.9853,5210
SV02,,San Diego De Cabrutica Airport,El Roble,VE-B,8.4044,-65.0155,4885
SV74,,Aricuaisa Airport,,VE-V,9.5819,-72.788,7086
SV75,,Machiques North Airport,,VE-V,10.0883,-72.5548,5760
SVAC,AGV,Oswaldo Guevara Mujica Airport,Acarigua,VE-P,9.5534,-69.2379,5990
SVAE,,Montellano Airport,,VE-V,10.3287,-72.4808,4120
SVNJ,,Mata de Juajua Airport,,VE-J,8.8189,-65.8867,4420
SVAN,AAO,Anaco Airport,Anaco,VE-B,9.4302,-64.4707,4134
SVAS,LPJ,Armando Schwarck Airport,Guayabal,VE-F,6.5775,-66.8166,4592
SVBC,BLA,General José Antonio Anzoategui International Airport,Barcelona,VE-B,10.1111,-64.6922,9842
SVBI,BNS,Barinas Airport,Barinas,VE-E,8.615,-70.2142,6560
SVBO,,Bocono Airport,Bocono,VE-T,9.2663,-70.2299,4199
SVBL,,El Libertador Airbase,,VE-D,10.1834,-67.5573,10400
SVBM,BRM,Jacinto Lara International Airport,Barquisimeto,VE-K,10.0427,-69.3586,9350
SVBS,MYC,Escuela Mariscal Sucre Airport,Maracay,VE-D,10.25,-67.6494,6846
SVCB,CBL,General Tomas de Heres Airport,Ciudad Bolivar,VE-F,8.1222,-63.537,5527
SVCD,CXA,Caicara del Orinoco Airport,,VE-F,7.6255,-66.1628,4920
SVCJ,,San Carlos Airport,San Carlos,VE-H,9.6477,-68.5747,6575
SVCL,CLZ,Calabozo Airport,Guarico,VE-J,8.9247,-67.4171,4790
SVCN,CAJ,Canaima Airport,Canaima,VE-F,6.232,-62.8548,7070
SVCP,CUP,General Francisco Bermúdez Airport,Carúpano,VE-R,10.66,-63.2617,6611
SVCR,CZE,José Leonardo Chirinos Airport,Coro,VE-I,11.4149,-69.6809,6761
SVCS,,Caracas Óscar Machado Zuloaga International Airport,Charallave,VE-M,10.2869,-66.8158,6562
SVCU,CUM,Antonio José de Sucre Airport,Cumaná,VE-R,10.4503,-64.1305,10171
SVCZ,,Captain Manuel Ríos Air Base,Carrizal,VE-J,9.3727,-66.9228,9842
SVPI,,Ciudad Piar Airport,Ciudad Piar,VE-F,7.493,-63.2692,5212
SVED,EOR,El Dorado Airport,Bolivar,VE-F,6.7157,-61.6388,4000
SVEW,,Encontrados Airport,,VE-V,9.0378,-72.248,4118
SVEP,,El Palmar Airport,,VE-D,10.198,-67.4431,4137
SVET,,El Manteco Airport,,VE-F,7.3495,-62.5314,3937
SVEZ,EOZ,Elorza Airport,,VE-C,7.0597,-69.4967,3937
SVFM,,Generalissimo Francisco de Miranda Air Base,Caracas,VE-M,10.485,-66.8435,6475
SVKG,,La Gran China Airport,,VE-V,9.7771,-72.4868,3937
SVGD,GDO,Guasdualito Airport,Guasdualito,VE-C,7.2108,-70.7564,6792
SVGI,GUI,Guiria Airport,,VE-R,10.5741,-62.3127,6585
SVGU,GUQ,Guanare Airport,Guanare,VE-P,9.0269,-69.7552,5905
SVHG,HGE,Higuerote Airport,Higuerote,VE-M,10.4625,-66.0928,3937
SVHH,,Churuguara Airport,Churuguara,VE-I,10.8081,-69.6384,4265
SVIE,ICC,Andrés Miguel Salazar Marcano Airport,Isla de Coche,VE-O,10.7944,-63.9816,3937
SVJC,LSP,Josefa Camejo International Airport,Paraguaná,VE-I,11.7808,-70.1515,9186
SVJM,,San Juan de Los Morros Airport,San Juan de los Morros,VE-J,9.907,-67.3796,4990
SVLF,LFR,La Fria Airport,,VE-S,8.2392,-72.271,6643
SVLM,,Las Flores Airport,,VE-N,9.4979,-62.9013,4095
SVLO,,La Orchila Airport,Isla La Orchila,VE-W,11.8082,-66.1808,9843
SVMC,MAR,La Chinita International Airport,Maracaibo,VE-V,10.5575,-71.7293,9843
SVMD,MRD,Alberto Carnevalli Airport,Mérida,VE-L,8.5821,-71.161,5348
SVMG,PMV,Del Caribe Santiago Mariño International Airport,Isla Margarita,VE-O,10.9126,-63.9666,10433
SVMI,CCS,Maiquetía Simón Bolívar International Airport,Maiquetía,VE-X,10.6022,-66.9912,11483
SVMP,,Metropolitano International Airport,Ocumare del Tuy,VE-M,10.1332,-66.7878,4659
SVMT,MUN,José Tadeo Monagas International Airport,Maturín,VE-N,9.749,-63.1533,6890
SVMZ,,Mantecal Airport,Mantecal,VE-C,7.5576,-69.1416,3905
SVNX,,Morichal Airport,,VE-N,8.8281,-63.095,4921
SVSN,,Sabaneta Airport,Sabaneta,VE-E,8.7443,-69.9138,3675
SVSM,,Santa Bárbara de Monagas Airport,Punta de Mata,VE-N,9.7023,-63.6254,3609
SVON,CBS,Oro Negro Airport,Cabimas,VE-V,10.3307,-71.3225,6160
SVPA,PYH,Cacique Aramare Airport,Puerto Ayacucho,VE-Z,5.62,-67.6061,8272
SVPC,PBL,General Bartolome Salom International Airport,Puerto Cabello,VE-G,10.4805,-68.073,6970
SVPE,PDZ,Pedernales Airport,Capure,VE-Y,9.9787,-62.2313,4180
SVPM,SCI,Paramillo Airport,San Cristóbal,VE-S,7.8014,-72.2028,3576
SVLP,,Luepa Airport,Luepa,VE-F,5.7916,-61.4407,6080
SVPR,PZO,General Manuel Carlos Piar International Airport,Guyana City,VE-F,8.2885,-62.7604,6726
SVPT,PTM,Palmarito Airport,Palmarito,VE-C,7.5755,-70.1744,3775
SVTO,,Tocomita Airport,Gurí,VE-F,7.7578,-63.0823,5905
SVQU,,Santa Rosa de Guanare Airport,San Isidro,VE-P,8.7496,-69.7225,3720
SVRB,,Cumarebo Airport,Tocópero,VE-I,11.5124,-69.3145,3910
SVRX,,Hacienda Río Yaza Airport,,VE-V,9.8435,-72.5472,3835
SVSA,SVZ,Juan Vicente Gómez International Airport,San Antonio del Tachira,VE-S,7.8408,-72.4399,6135
SVSB,SBB,Santa Bárbara de Barinas Airport,Santa Bárbara,VE-E,7.8035,-71.1657,5560
SVSE,SNV,Santa Elena de Uairén Airport,Santa Elena de Uairén,VE-F,4.5547,-61.1452,5445
SVSN,,Los Siete Samanes Airport,,VE-J,8.8753,-66.8399,4810
SVSO,STD,Mayor Buenaventura Vivas International Airport,Santo Domingo,VE-S,7.5654,-72.0351,9990
SVSP,SNF,Sub Teniente Nestor Arias Airport,San Felipe,VE-U,10.2787,-68.7552,4921
SVSR,SFD,San Fernando de Apure Las Flecheras National Airport,San Fernando de Apure,VE-C,7.8833,-67.444,6420
SVST,SOM,San Tomé Airport,El Tigre,VE-B,8.9451,-64.1511,6299
SVSZ,STB,Miguel Urdaneta Fernández Airport,San Carlos del Zulia,VE-V,8.9746,-71.9433,8835
SVTC,TUV,Tucupita Airport,Tucupita,VE-Y,9.089,-62.0942,5512
SVTH,,La Trinidad de Orichuna Airport,La Trinidad de Orichuna,VE-C,7.1081,-69.7892,4836
SVTM,TMO,Tumeremo Airport,,VE-F,7.2494,-61.5289,9765
SVUP,,Upata Airport,Upata,VE-F,7.9792,-62.329,3645
SVVA,VLN,Arturo Michelena International Airport,Valencia,VE-G,10.1497,-67.9284,9842
SVVG,VIG,Juan Pablo Pérez Alfonso Airport,El Vigía,VE-L,8.6241,-71.6727,10645
SVVL,VLV,Dr. Antonio Nicolás Briceño Airport,Valera,VE-T,9.3405,-70.5841,6791
SVVP,VDP,Valle de La Pascua Airport,,VE-J,9.222,-65.9936,4921
SVVQ,,Venelac  Airport,Quebrada Arriba,VE-K,10.2428,-70.5018,3800
SVWB,,La Bananera Airport,,VE-U,10.4795,-68.4728,3915
SVWQ,,El Pardillero Airport,Mijagual,VE-E,8.5983,-69.7608,3585
SWAR,,Fazenda Aruanã Airport,Ribeirão Cascalheira,BR-MT,-13.0819,-51.5879,3937
SWBC,BAZ,Barcelos Airport,Barcelos,BR-AM,-0.9812,-62.9186,3937
SWBF,,Fazenda Boa Fortuna Airport,Pium,BR-TO,-10.005,-49.492,3655
SWBG,LCB,André Antônio Maggi Airport,Pontes e Lacerda,BR-MT,-15.1934,-59.3848,4921
SJ9A,,Barreirinha Airport,Barreirinha,BR-AM,-2.7919,-57.058,3937
SWBR,RBB,Borba Airport,Borba,BR-AM,-4.4063,-59.6024,3937
SWBV,,Auaris Airport,Boa Vista,BR-RR,4.0035,-64.4936,3740
SWCA,CAF,Carauari Airport,Carauari,BR-AM,-4.8715,-66.8976,5463
SWCB,,Campos Belos Airport,Campos Belos,BR-GO,-13.0062,-46.7112,3937
SWDD,,Fazenda Colibri Airport,Santo Antônio do Leverger,BR-MT,-16.2043,-55.3987,4921
SDE4,,Fazenda Fronteira do Guaporé Airport,Comodoro,BR-MT,-13.7353,-60.4772,4921
SIRM,,Fazenda Couto Magalhães Airport,Água Boa,BR-MT,-13.9944,-52.9332,5249
SWCQ,CQS,Costa Marques Airport,Costa Marques,BR-RO,-12.4211,-64.2516,4905
SWCZ,,Ceres Airport,Ceres,BR-GO,-15.3442,-49.604,3537
SDPH,,Fazenda Piratininga Airport,São Miguel do Araguaia,BR-GO,-12.8226,-50.3282,4593
SWDM,DMT,Diamantino Airport,Diamantino,BR-MT,-14.3769,-56.4004,5348
SWEC,,Estância Araguaia Airport,Aragarças,BR-GO,-15.8975,-52.0957,3806
SWEI,ERN,Eirunepé Airport,Eirunepé,BR-AM,-6.6395,-69.8797,7546
SWFQ,,Fazenda Alvorada Airport,Porto Nacional,BR-TO,-10.392,-48.6792,5906
SWFR,,Formosa Airport,Formosa,BR-GO,-15.5551,-47.3457,4593
SWOS,,Fazenda Santa Márcia Airport,Caiapônia,BR-GO,-16.5794,-52.1416,3773
SWFX,SXO,São Félix do Araguaia Airport,São Félix Do Araguaia,BR-MT,-11.6324,-50.6896,4757
SDSH,,Fazenda Shalon Airport,Alta Floresta,BR-MT,-9.9874,-56.6759,4790
SWGI,GRP,Gurupi Airport,Gurupi,BR-TO,-11.7396,-49.1322,5577
SWGN,AUX,Araguaína Airport,Araguaína,BR-TO,-7.2279,-48.2405,5919
SWGO,,Santa Cecília Airport,Goianésia,BR-GO,-15.3426,-49.1353,4272
SWGP,,Palmeiras de Goiás Airport,Palmeiras De Goiás,BR-GO,-16.8269,-49.8789,3740
SWGW,,Fazenda Santa Rita do Araguaia Airport,Jussara,BR-GO,-15.4375,-51.5997,3773
SSUT,,Usinas Itamarati Airport,Nova Olímpia,BR-MT,-14.7768,-57.1888,4921
SWHM,,Lobo Agropecuaria Airport,Alcinópolis,BR-MS,-18.3125,-53.6628,3937
SWHP,GGB,Frederico Carlos Müller Airport,Água Boa,BR-MT,-14.02,-52.152,5208
SWHT,HUW,Humaitá Airport,Humaitá,BR-AM,-7.5321,-63.0721,4987
SWHU,,Fazenda Izaura - Usina Cocal Airport,Racharia,BR-SP,-22.5067,-50.8653,3934
SWIB,,Fazenda Santa Laura Airport,Nova Santa Helena,BR-MT,-10.8628,-54.9142,3609
SIGS,,Fazenda São Francisco Airport,Mundo Novo,BR-GO,-13.9194,-50.01,3773
SWIH,,Fazenda Felicidade Airport,Novo São Joaquim,BR-MT,-14.9017,-52.7347,3937
SWII,IPG,Ipiranga Airport,Santo Antônio do Içá,BR-AM,-2.9401,-69.6943,4921
SWIM,,Fazenda Três Ranchos Airport,Montes Claros De Goiás,BR-GO,-16.1267,-51.6697,3609
SWIN,,Fazenda Itamarati Norte Airport,Campo Novo Do Parecis,BR-MT,-14.243,-57.9953,6562
SJ94,,Ipameri Airport,Ipameri,BR-GO,-17.6855,-48.1615,4921
SWIS,,Caiapo Airport,Caseara,BR-TO,-9.1866,-49.7754,4593
SWIY,IDO,Santa Izabel do Morro Airport,Cristalândia,BR-TO,-11.5723,-50.6662,5052
SWIZ,,Fazenda 7 Reis Airport,Nova Alvorada do Sul,BR-MS,-21.2967,-54.4792,3937
SWJB,,Fazenda Juba Airport,Tangará Da Serra,BR-MT,-14.745,-58.1283,3904
SWJC,,Jaciara Airport,Jaciara,BR-MT,-15.9717,-54.9686,3570
SWJN,JIA,Juína Airport,Juína,BR-MT,-11.4194,-58.7017,5249
SWJP,,Bittencourt Airport,Japurá,BR-AM,-1.4039,-69.4238,3937
SWJU,,Fazenda Mundo Novo Airport,Dueré,BR-TO,-11.5434,-49.493,4265
SWJV,,Palmeiras do Javari Airport,Atalaia Do Norte,BR-AM,-5.1272,-72.81,3937
SWJW,JTI,Jataí Airport,Jataí,BR-GO,-17.8299,-51.773,4921
SWKC,CCX,Cáceres Airport,Cáceres,BR-MT,-16.0436,-57.6299,6070
SWKO,CIZ,Danilson Municipal Airport,Coari,BR-AM,-4.1341,-63.1326,5249
SWKQ,NSR,Serra da Capivara Airport,São Raimundo Nonato,BR-PI,-9.0834,-42.6447,5413
SWKT,TLZ,Catalão Airport,Catalão,BR-GO,-18.2168,-47.8997,4593
SWKU,,Cucuí Airport,São Gabriel da Cachoeira,BR-AM,1.1195,-66.8414,3937
SWKV,,Fazenda Beira Rio Airport,Itaúba,BR-MT,-10.9008,-55.8583,3609
SWLB,LBR,Lábrea Airport,Lábrea,BR-AM,-7.279,-64.7695,3937
SWLC,RVD,General Leite de Castro Airport,Rio Verde,BR-GO,-17.8347,-50.9561,4921
SWLV,,Santo Antônio do Lerverger Airport,Santo Antônio Do Leverger,BR-MT,-15.8534,-56.0874,3937
SWMG,,Fazenda Caraíbas Airport,Monte Alegre De Goiás,BR-GO,-13.3856,-46.775,3937
SWMK,,Maturacá Airport,São Gabriel da Cachoeira,BR-AM,0.6283,-66.1151,3937
SWMW,MBZ,Maués Airport,Maués,BR-AM,-3.3722,-57.7248,3937
SJ4Y,,Morrinhos Airport,Morrinhos,BR-GO,-17.7618,-49.1217,3560
SWNA,NVP,Novo Aripuanã Airport,Novo Aripuanã,BR-AM,-5.118,-60.3649,3937
SWNH,,Aruanã Airport,Aruanã,BR-GO,-14.9333,-51.0489,4951
SWNK,BCR,Novo Campo Airport,Boca do Acre,BR-AM,-8.8346,-67.3125,5249
SWNQ,NQL,Niquelândia Airport,Niquelândia,BR-GO,-14.4349,-48.4916,4852
SWNS,APS,Anápolis Airport,Anápolis,BR-GO,-16.3636,-48.9288,6043
SBNV,,Aeródromo Nacional de Aviação,Goiânia,BR-GO,-16.6258,-49.3488,3609
SWOB,FBA,Fonte Boa Airport,Fonte Boa,BR-AM,-2.5326,-66.0832,4167
SI2E,,Fazenda Embú Airport,Nova Monte Verde,BR-MT,-9.7858,-57.6219,3937
SWOW,,Moura Airport,Moura,BR-AM,-1.4635,-61.6331,3675
SWOZ,,Fazenda Santo Antônio Airport,Campo Verde,BR-MT,-15.3048,-54.9006,3937
SWPI,PIN,Parintins Airport,Parintins,BR-AM,-2.6735,-56.7776,5906
SWPK,,Poconé Airport,Poconé,BR-MT,-16.2728,-56.6508,4265
SWPM,PBQ,Pimenta Bueno Airport,Pimenta Bueno,BR-RO,-11.6416,-61.1791,4265
SWPR,,Pires do Rio Airport,Pires do Rio,BR-GO,-17.3188,-48.3353,4757
SWPY,,Primavera do Leste Airport,Primavera Do Leste,BR-MT,-15.5656,-54.3378,3609
SWPZ,,Oriçanga de Abreu Airport,Posse,BR-GO,-14.1181,-46.3454,4921
SWQH,,Agropecuária Nova Santana Airport,Aripuanã,BR-MT,-10.1472,-60.5386,4265
SWQL,,Fazenda Três Companheiros Airport,Doverlândia,BR-GO,-16.6825,-52.2528,4068
SWRA,,Fazenda Bela Vista Airport,Nova Monte Verde,BR-MT,-10.0563,-56.9916,4265
SWRI,,Fazenda Roncador I Airport,Querência,BR-MT,-12.1554,-52.279,4134
SWRW,,Fazenda Santa Alice Airport,Mirassol D`Oeste,BR-MT,-15.5875,-58.0444,3937
SWRY,,Fazenda Santa Maria Airport,Porto Estrela,BR-MT,-15.7375,-57.4706,3937
SWRZ,,Fazenda Arrossensal Airport,Nortelândia,BR-MT,-14.3531,-56.7138,4528
SWSD,,Fazenda Santo Antônio Airport,Araguaiana,BR-MT,-15.6239,-51.8139,3855
SWSF,,Fazenda São Francisco Airport,Vila Bela Da Santíssima Trindade,BR-MT,-15.2241,-60.2172,3609
SWSG,,Fazenda Simarelli Airport,Campos De Júlio,BR-MT,-13.6068,-59.3168,4921
SWSQ,,São Joaquim Airport,São Gabriel da Cachoeira,BR-AM,1.7002,-69.3897,3937
SWSZ,,Fazenda Santa Luzia Airport,Nova Bandeirantes,BR-MT,-9.7736,-58.0628,3609
SWTG,,Fazenda Santa Marina Airport,Santo Antônio do Aracanguá,BR-SP,-20.8472,-50.7882,5020
SWTI,,São Vicente Airport,Nova Lacerda,BR-MT,-14.5203,-59.7799,4429
SWTK,,Fazenda Santa Maria do Guaporé Airport,Vila Bela da Santíssima Trindade,BR-MT,-14.2019,-60.2808,4265
SWTO,,Paraíso do Tocantins Airport,Paraíso Do Tocantins,BR-TO,-10.1742,-48.9328,3937
SWTQ,,Rio Quente Resorts Airport,Rio Quente,BR-GO,-17.7689,-48.7618,3609
SWTS,TGQ,Tangará da Serra Airport,Tangará da Serra,BR-MT,-14.662,-57.4437,4921
SWTU,AZL,Fazenda Tucunaré Airport,Sapezal,BR-MT,-13.4655,-58.8669,4921
SWTY,,Taguatinga Airport,Taguatinga,BR-TO,-12.4353,-46.4004,4593
SWUA,SQM,São Miguel do Araguaia Airport,São Miguel do Araguaia,BR-GO,-13.3313,-50.1976,4921
SWUQ,,Surucucu Airport,Alto Alegre,BR-RR,2.8353,-63.647,3543
SWOQ,,Fazenda Vista Verde Airport,Palmeira Do Piauí,BR-PI,-8.4915,-44.3845,3609
SWUZ,,Brigadeiro Araripe Macedo Airport,Luziânia,BR-GO,-16.2617,-47.9687,4265
SWVK,,Fazenda Vale do Rio Celeste Airport,Nova Ubiratã,BR-MT,-13.0353,-55.3278,3609
SWWA,,Porangatu Airport,Porangatu,BR-GO,-13.4048,-49.1583,4921
SDVX,,Fazenda Santa Amália Airport,Alta Floresta,BR-MT,-10.3079,-56.5791,3773
SWWU,,Uruaçu Airport,Uruaçu,BR-GO,-14.5447,-49.0911,4724
SWXC,,Fazenda Tropical Airport,Cerejeiras,BR-RO,-12.8856,-61.2985,3609
SWXE,,PCH Paranatinga II Airport,Campinápolis,BR-MT,-13.8776,-53.2389,5249
SWXM,MBK,Orlando Villas Boas Regional Airport,Matupá,BR-MT,-10.1704,-54.954,6096
SNBW,,Fazenda Santa Luzia Airport,Sapezal,BR-MT,-13.7329,-58.8882,4921
SNZS,,Fazenda Vô Zeca Airport,Santa Terezinha,BR-MT,-10.3558,-50.6768,3937
SIUY,,Jair Feliciano de Deus Airport,Mirassol d`Oeste,BR-MT,-15.6934,-58.1079,3609
SWYK,,Fazenda Ilha Camargo Airport,Poconé,BR-MT,-17.0626,-56.5837,4528
SWYM,,Fazenda Anhanguera Airport,Conquista d'Oeste,BR-MT,-14.6425,-59.4491,3871
SWYN,IUP,Apuí Airport,Apuí,BR-AM,-7.1728,-59.8396,3937
SWYW,,Fazenda Adriana Airport,Alto Garças,BR-MT,-16.8341,-53.8365,7087
SWYY,,Fazenda Nova Viena Airport,Nova Xavantina,BR-MT,-14.8844,-52.2788,3773
SWZO,,Fazenda Lagoa Funda Airport,Campo Verde,BR-MT,-15.3408,-55.1408,3937
SWZT,,Fazenda do Brejo Airport,Paraopeba,BR-MG,-19.255,-44.4733,3802
SYCJ,GEO,Cheddi Jagan International Airport,Georgetown,GY-DE,6.4985,-58.2541,11023
SYEC,OGL,Eugene F. Correia International Airport,Ogle,GY-DE,6.8059,-58.1077,4201
SYLD,,Linden Airport,Linden,GY-UD,5.9659,-58.2703,5000
SYLT,LTM,Lethem Airport,Lethem,GY-UT,3.3728,-59.7894,5985
TA09,,Flying W Airstrip,Uvalde,US-TX,29.1771,-99.9144,4000
TA24,,Smoky Bend Ranch Airport,Mullin,US-TX,31.4725,-98.702,4000
TA25,,Cook Canyon Ranch Airport,Ranger,US-TX,32.4317,-98.5948,5500
TA34,,Flying G Airport,Crystal City,US-TX,28.7673,-100.0813,5200
NM05,,Cielo Dorado Estates Airport,Anthony,US-NM,31.9098,-106.6417,4000
TA65,,Sportsman's World Airport,Palo Pinto,US-TX,32.8212,-98.4787,4200
TA78,,Putty Ranch Airport,Hico,US-TX,31.9714,-98.0634,3500
TA81,,Morning Star Ranch Airport,Del Rio,US-TX,29.792,-100.8769,4200
TA89,,Vaughan Ranch Airport,Mullin,US-TX,31.5238,-98.8003,5000
TAPA,ANU,V. C. Bird International Airport,Osbourn,AG-03,17.1367,-61.7927,9003
TBPB,BGI,Grantley Adams International Airport,Bridgetown,BB-01,13.0747,-59.491,11000
TD-0014,,Amdjarass Airport,Amdjarass,TD-EE,15.971,22.7706,10000
TDPD,DOM,Douglas-Charles Airport,Marigot,DM-02,15.5467,-61.3011,6352
TE26,,Arrow 'S' Ranch Airport,Campbellton,US-TX,28.7836,-98.35,5500
TE27,,Harrison Piloncillo Ranch Airport,Catarina,US-TX,28.2544,-99.5992,5000
TE37,,Canyon Ranch Airport,Sonora,US-TX,30.3014,-100.472,6200
TE78,,Fossil Creek Ranch Airport,Camp Wood,US-TX,29.5687,-99.9745,5395
TE83,,Westwind Ranch Airport,La Pryor,US-TX,28.9208,-99.7561,5117
TFFF,FDF,Martinique Aimé Césaire International Airport,Fort-de-France,MQ-U-A,14.591,-61.0032,9843
TFFG,SFG,Grand Case-l'Espérance Airport,Grand Case,MF-U-A,18.1001,-63.0474,3937
TFFM,GBJ,Marie-Galante Airport,Grand-Bourg,GP-U-A,15.8689,-61.2701,4068
TFFR,PTP,Maryse Condé International Airport,Pointe-à-Pitre,GP-U-A,16.2654,-61.5328,11499
TGPY,GND,Maurice Bishop International Airport,Saint George's,GD-GE,12.004,-61.7853,9003
TH-0028,,Sri Racha Airport,Si Racha,TH-20,13.091,100.9675,3773
TIST,STT,Cyril E. King Airport,Charlotte Amalie,VI-ST,18.3371,-64.9773,7000
TISX,STX,Henry E. Rohlsen Airport,Christiansted,VI-SC,17.7014,-64.8026,10002
TJ-0011,,Khovaling Airport,Khovilling,TJ-KT,38.3641,69.9863,3937
TJ-UT44,,Murghab Airport,Murghab,TJ-GB,38.1904,74.0247,8208
TJ-UT45,,Gissar Air Base,Dushanbe,TJ-RR,38.5123,68.6725,8270
TJAB,ARE,Antonio Nery Juarbe Pol Airport,Arecibo,PR-U-A,18.4508,-66.6758,3975
TJBQ,BQN,Rafael Hernández International Airport,Aguadilla,PR-U-A,18.4949,-67.1294,11702
TJIG,SIG,Fernando Luis Ribas Dominicci Airport,San Juan,PR-U-A,18.4568,-66.0981,5317
TJMZ,MAZ,Eugenio Maria De Hostos Airport,Mayaguez,PR-U-A,18.2557,-67.1485,4998
TJPS,PSE,Mercedita International Airport,Ponce,PR-U-A,18.0083,-66.563,6904
TJRV,NRR,José Aponte de la Torre Airport,Ceiba,PR-U-A,18.2473,-65.6398,11000
TJSJ,SJU,Luis Munoz Marin International Airport,San Juan,PR-U-A,18.4394,-66.0018,10002
TJVQ,VQS,Antonio Rivera Rodriguez Airport,Vieques,PR-U-A,18.1348,-65.4936,4301
TKPK,SKB,Robert L. Bradshaw International Airport,Basseterre,KN-U-A,17.3108,-62.7191,7602
TKPN,NEV,Vance W. Amory International Airport,Charlestown,KN-U-A,17.2057,-62.5899,3996
TLPC,SLU,George F. L. Charles Airport,Castries,LC-02,14.0202,-60.9929,5735
TLPL,UVF,Hewanorra International Airport,Vieux Fort,LC-11,13.7332,-60.9526,9003
UTAN,BKN,Balkanabat International Airport,Balkanabat,TM-B,39.6811,54.206,10499
TM-UT50,,Serakhs Airport,Serakhs,TM-M,36.4919,61.2665,6540
TM-UT52,,Mary North Airport,Mary,TM-M,37.6643,61.827,9855
TM-UT55,,Kizyl-Arvat Airport,Kizyl-Arvat,TM-B,38.9842,56.357,7871
TM-UT56,,Gaurdak Airport,Gaurdak,TM-L,37.8059,65.9655,4849
TM-UT58,,Kala-I-Mor Airport,Turkmenkarakul,TM-M,35.6629,62.5548,8266
TNCA,AUA,Queen Beatrix International Airport,Oranjestad,AW-U-A,12.5011,-70.0143,9000
TNCB,BON,Flamingo International Airport,Kralendijk,BQ-BO,12.131,-68.2685,9449
TNCC,CUR,Hato International Airport,Willemstad,CW-U-A,12.1889,-68.9598,11188
TNCE,EUX,F. D. Roosevelt Airport,Oranjestad,BQ-SE,17.4965,-62.9794,4265
TNCM,SXM,Princess Juliana International Airport,Sint Maarten,SX-U-A,18.041,-63.1089,7546
TQPF,AXA,Clayton J. Lloyd International Airport,The Valley,AI-U-A,18.2048,-63.0538,5462
TR-0018,,Bolu Airfield,Bolu,TR-14,40.7486,31.6517,6217
TR-0295,,Sivrihisar Aviation Center S.H.M.,Sivrihisar,TR-26,39.3025,31.4983,5938
TS04,,Rio Vista Ranch Airport,Del Rio,US-TX,29.8358,-100.978,4800
TS36,,Silver Wings Airport,Fredricksburg,US-TX,30.2196,-99.1408,3800
TS65,,Ducote Airpark,San Angelo,US-TX,31.3585,-100.613,3700
TSG,TSG,Tanacross Airport,Tanacross,US-AK,63.3744,-143.336,4963
TT35,,Mount Sharp Airpark,Wimberley,US-TX,30.0613,-98.1203,3601
TT45,,Nighthawks Nest Airport,Marion,US-TX,29.4973,-98.1543,7634
TTCP,TAB,A.N.R. Robinson International Airport,Scarborough,TT-TOB,11.1496,-60.8313,9002
TTPP,POS,Piarco International Airport,Port of Spain,TT-TUP,10.5953,-61.3376,10500
TUPJ,EIS,Terrance B. Lettsome International Airport,Beef Island,VG-U-A,18.4455,-64.5417,4642
TVSA,SVD,Argyle International Airport,Kingstown,VC-04,13.1597,-61.1488,9000
TVSB,BQU,J F Mitchell Airport,Bequia,VC-06,12.9884,-61.262,3609
TVSC,CIW,Canouan Airport,Canouan,VC-06,12.699,-61.3424,5900
ZWTS,TWC,Tumxuk Tangwangcheng Airport,Tumxuk,CN-65,39.8867,79.2334,8530
TX07,,Nix River Ranch Strip,Comstock,US-TX,29.9534,-101.243,6000
TX13,,Mesa Vista Ranch Airport,Pampa,US-TX,35.8893,-101.0301,6000
TX25,,Lochridge Ranch Airport,Athens,US-TX,31.9893,-95.9511,4850
TX31,,Edwards Lucian Wells Ranch Airport,Big Spring,US-TX,32.0745,-101.5658,5200
TX70,,Eberly Ranch Airport,Chappell Hill,US-TX,30.0615,-96.2257,3875
TXKF,BDA,L.F. Wade International Airport,Hamilton,BM-U-A,32.3638,-64.6782,9705
UKBC,,Bila Tserkva Air Base,Bila Tserkva,UA-32,49.7952,30.0244,8202
UKHB,,Bliznyuki Air Base,Lozovaya,UA-63,48.877,36.55,8202
UCFB,,Batken Airport,Batken,KG-B,40.0429,70.8378,5905
UA34,,Chardara Airport,Shardara,KZ-YUZ,41.2765,67.971,5370
UA36,,Lugovoy Airport,Lugovoy,KZ-ZHA,42.9726,72.7281,9844
UZTC,,Chirchik Air Base,Chirchik,UZ-TO,41.5123,69.5747,8183
UAAA,ALA,Almaty International Airport,Almaty,KZ-ALA,43.3543,77.0428,14764
UAAH,BXH,Balkhash Airport,Balkhash,KZ-KAR,46.8942,75.0045,8208
UAAL,USJ,Usharal Airport,Usharal,KZ-JET,46.1908,80.8309,7546
UAAT,TDK,Taldykorgan Airport,Taldykorgan,KZ-JET,45.1225,78.4428,9846
UACC,NQZ,Nursultan Nazarbayev International Airport,Astana,KZ-AST,51.027,71.4671,11484
UACK,KOV,Kokshetau International Airport,Kokshetau,KZ-AKM,53.3291,69.5946,8325
UACP,PPK,Petropavl International Airport,Petropavl,KZ-SEV,54.7756,69.1874,8190
UADD,DMB,Taraz International Airport,Taraz,KZ-ZHA,42.8536,71.3036,9514
UCFM,BSZ,Manas International Airport,Bishkek,KG-C,43.0613,74.4776,13780
UCFO,OSS,Osh International Airport,Osh,KG-O,40.609,72.7933,10538
UCFK,IKG,Karakol International Airport,Karakol,KG-Y,42.5081,78.4078,8202
UAFW,,Kant Air Base,Kant,KG-C,42.8532,74.8465,8859
UAII,CIT,Shymkent International Airport,Shymkent,KZ-YUZ,42.365,69.4756,9186
UAIT,HSA,Hazrat Sultan International Airport,Turkıstan,KZ-YUZ,43.3111,68.5504,10827
UAKD,DZN,Zhezkazgan National Airport,Zhezkazgan,KZ-ULY,47.709,67.7381,8530
UAKK,KGF,Sary-Arka Airport,Karaganda,KZ-KAR,49.6708,73.3344,10831
UAOL,BXY,Baikonur Krayniy International Airport,Baikonur,KZ-BAY,45.622,63.2108,10500
UAON,,Yubileyniy Airfield,Töretam,KZ-KZY,46.0524,63.2492,14765
UAOO,KZO,Korkyt Ata International Airport,Kyzylorda,KZ-KZY,44.7069,65.5925,8858
UARR,URA,Manshuk Mametova International Airport,Uralsk,KZ-ZAP,51.152,51.5437,9183
UASK,UKK,Oskemen International Airport,Ust-Kamenogorsk (Oskemen),KZ-VOS,50.035,82.4961,8234
UASP,PWQ,Pavlodar International Airport,Pavlodar,KZ-PAV,52.195,77.0731,8202
UASS,PLX,Semei International Airport,Semey,KZ-ABA,50.3513,80.2344,10159
UASZ,SZI,Zaysan Airport,Zaysan,KZ-VOS,47.4875,84.8877,4938
UATE,SCO,Aktau International Airport,Aktau,KZ-MAN,43.8601,51.0909,10013
UATG,GUW,Atyrau International Airport,Atyrau,KZ-ATY,47.1213,51.8203,9842
UATT,AKX,Aktobe International Airport,Aktobe,KZ-AKT,50.2481,57.2041,10505
UAUR,AYK,Arkalyk North Airport,Arkalyk,KZ-KUS,50.3186,66.9528,8185
UAUU,KSN,Kostanay International Airport,Kostanay,KZ-KUS,53.2069,63.5503,9229
UBBI,,Nasosnaya Air Base,Sumqayit,AZ-SM,40.5916,49.5574,8218
UBBS,,Khojaly Airport,Khojaly,AZ-XCI,39.9014,46.787,7145
UB14,,Kyurdamir Air Base,Kyurdamir,AZ-KUR,40.2736,48.1636,8200
UB0G,,Balakan Airport,Balakan,AZ-BAL,41.733,46.3557,3966
UB18,,Baku Kala Air Base,Baku,AZ-BA,40.4084,50.2003,8670
UBBB,GYD,Heydar Aliyev International Airport,Baku,AZ-BA,40.4728,50.0509,13123
UBBF,FZL,Fuzuli International Airport,Fuzuli,AZ-FUZ,39.5946,47.1961,9843
UBBG,GNJ,Ganja International Airport,Ganja,AZ-GA,40.7387,46.3204,10827
UBBL,LLK,Lankaran International Airport,Lankaran,AZ-LA,38.7579,48.807,10837
UBBN,NAJ,Nakhchivan International Airport,Nakhchivan,AZ-NX,39.1888,45.4584,10826
UBBQ,GBB,Gabala International Airport,Gabala,AZ-QAB,40.8086,47.7254,11811
UBBY,ZTU,Zaqatala International Airport,Zaqatala,AZ-ZAQ,41.5578,46.6695,9843
UBBZ,ZZE,Zangilan International Airport,Zangilan,AZ-ZAN,39.1144,46.7439,9843
UCFL,IKU,Issyk-Kul International Airport,Tamchy,KG-Y,42.5856,76.7012,12467
UDLS,,Stepanavan Airport,Stepanavan,AM-LO,41.0485,44.3372,6555
UDSG,LWN,Shirak International Airport,Gyumri,AM-SH,40.7504,43.8593,10564
UDYE,,Erebuni Airport,Yerevan,AM-ER,40.1221,44.465,9134
UDYZ,EVN,Zvartnots International Airport,Yerevan,AM-ER,40.1489,44.3979,12631
UECT,TLK,Talakan Airport,Talakan Oil Field,RU-SA,59.8764,111.0444,10170
UEEA,ADH,Aldan Airport,Aldan,RU-SA,58.6028,125.409,4514
UEEE,YKS,Platon Oyunsky Yakutsk International Airport,Yakutsk,RU-SA,62.0933,129.771,11155
UELL,NER,Chulman Airport,Neryungri,RU-SA,56.9139,124.914,11811
UEMM,GYG,Magan Airport,Magan,RU-SA,62.1035,129.5453,4265
UEMO,OLZ,Olyokminsk Airport,Olyokminsk,RU-SA,60.4018,120.4761,4265
UEMT,USR,Ust-Nera Airport,Ust-Nera,RU-SA,64.55,143.115,5020
UENI,VHV,Verkhnevilyuisk Airport,Verkhnevilyuisk,RU-SA,63.4581,120.2692,4593
UENS,SUY,Suntar Airport,Suntar,RU-SA,62.185,117.635,5906
UENW,VYI,Vilyuisk Airport,Vilyuisk,RU-SA,63.7567,121.6933,5249
UERP,PYJ,Polyarny Airport,Yakutia,RU-SA,66.4004,112.03,10170
UERR,MJZ,Mirny Airport,Mirny,RU-SA,62.5347,114.039,9187
UESK,SEK,Srednekolymsk Airport,Srednekolymsk,RU-SA,67.4805,153.7364,5906
UESO,CKH,Chokurdakh Airport,Chokurdah,RU-SA,70.6231,147.902,6233
UESS,CYX,Cherskiy Airport,Cherskiy,RU-SA,68.7406,161.338,5577
UEST,IKS,Tiksi Airport,Tiksi,RU-SA,71.6977,128.903,9845
HUKI,KXO,Kisoro Airport,Kisoro,UG-W,-1.2837,29.7197,3937
UGSG,,Gudauta Air Base,Gudauta,GE-AB,43.104,40.5793,9802
UG11,,Dollyar Air Base,Dollyar,AZ-SKR,40.8876,45.957,8182
UG22,,Tbilisi Marneuli Air Base,Tbilisi,GE-KK,41.4592,44.7832,8170
UG24,,Tbilisi Soganlug Air Base,Tbilisi,GE-TB,41.6492,44.9364,8131
UGGT,,Telavi Kurdgelauri Airport,Telavi,GE-KA,41.9534,45.508,5551
UG27,,Vaziani Air Base,Gamarjveba 1,GE-KK,41.628,45.0308,8205
UG28,,Bolshiye Shiraki Air Base,Bolshiye Shiraki,GE-KA,41.3795,46.3673,8862
UGAM,,Ambrolauri Airport,Ambrolauri,GE-RL,42.5269,43.1354,3609
UGKO,KUT,David the Builder Kutaisi International Airport,Kopitnari,GE-IM,42.1774,42.4854,8202
UGSB,BUS,Alexander Kartveli Batumi International Airport,Batumi,GE-AJ,41.6094,41.6003,8202
UGSS,SUI,Vladislav Ardzinba Sukhum International Airport,Sukhumi,GE-AB,42.8582,41.1281,12012
UGTB,TBS,Tbilisi International Airport,Tbilisi,GE-TB,41.6692,44.9547,9843
UHBB,BQS,Ignatyevo Airport,Blagoveschensk,RU-AMU,50.4267,127.4155,9256
UHHH,KHV,Khabarovsk Novy Airport,Khabarovsk,RU-KHA,48.5283,135.1886,13124
UHK1,,Kalinka Airport,Blagodatnoye,RU-KHA,48.4073,135.4116,7545
UHK2,,Garovka Air Base,Khabarovsk,RU-KHA,48.3959,135.2235,7546
UHKD,,Dzemgi Airport,Komsomolsk-na-Amur,RU-KHA,50.6056,137.0813,8202
UHKG,,Kamenny Ruchey Naval Air Base,Sovetskaya Gavan,RU-KHA,49.2357,140.1931,11154
UHKK,KXK,Komsomolsk-on-Amur Airport,Komsomolsk-on-Amur,RU-KHA,50.409,136.934,8202
UHKM,GVN,Sovetskaya Gavan (Maygatka) Airport,Sovetskaya Gavan,RU-KHA,48.9251,140.0353,9842
UHKP,,Sovetskaya Gavan (Postovaya) Airport,Zavety Il'icha,RU-KHA,49.0311,140.2268,8202
UHMA,DYR,Ugolny Yuri Ryktheu Airport,Anadyr,RU-CHU,64.7349,177.741,11483
UHMG,,Chaybukha Airport,Chaybukha,RU-MAG,61.835,160.548,6561
UHMK,KPW,Keperveem Airport,Keperveem,RU-CHU,67.845,166.14,11482
UHMM,GDX,Sokol Airport,Magadan,RU-MAG,59.911,150.72,11326
UHMP,PWE,Pevek Airport,Apapelgino,RU-CHU,69.7833,170.597,8202
UHNB,BQG,Bogorodskoye Airport,Bogorodskoye,RU-KHA,52.381,140.4494,4593
UHNN,NLI,Nikolayevsk-na-Amure Airport,Nikolayevsk-na-Amure Airport,RU-KHA,53.155,140.65,6233
UHOO,OHO,Okhotsk Airport,Okhotsk,RU-KHA,59.4101,143.0565,6562
UHPD,,Ossora Airport,Ossora,RU-KAM,59.2236,163.0664,5249
UHPK,,Ust'-Kamchatsk Airport,Ust'-Kamchatsk (Krutoberegovo),RU-KAM,56.2389,162.69,4100
UHPP,PKC,Yelizovo Airport,Petropavlovsk-Kamchatsky,RU-KAM,53.1687,158.4511,11155
UHSB,BVV,Burevestnik Airport,Kurilsk,RU-SAK,44.92,147.622,7808
UHSH,OHH,Okha Airport,Okha,RU-SAK,53.5164,142.8814,5262
UHSI,ITU,Iturup Airport,Kurilsk,RU-SAK,45.2564,147.9555,7546
UHSN,NGK,Nogliki Airport,Nogliki,RU-SAK,51.784,143.1418,5741
UHSS,UUS,Yuzhno-Sakhalinsk International Airport,Yuzhno-Sakhalinsk,RU-SAK,46.8855,142.7175,11155
XHWI,,Zolotaya Dolina Air Base,Zolotaya Dolina,RU-PRI,42.96,133.115,8202
UHWK,KVR,Kavalerovo Airport,Kavalerovo,RU-PRI,44.2726,135.029,4265
UHWW,VVO,Vladivostok International Airport,Artyom,RU-PRI,43.3963,132.1482,11483
UIAA,HTA,Chita-Kadala International Airport,Chita,RU-ZAB,52.0248,113.3058,9430
UIAE,,Krasnokamensk Airport,Krasnokamensk,RU-ZAB,50.0331,118.0611,8202
UIAR,CZR,Chara Airport,Chara,RU-ZAB,56.9144,118.2701,5905
UIBB,BTK,Bratsk Airport,Bratsk,RU-IRK,56.3696,101.7018,10368
UIBS,UIK,Ust-Ilimsk Airport,Ust-Ilimsk,RU-IRK,58.1354,102.5561,9843
UIBV,,Zheleznogorsk Airport,Zheleznogorsk-Ilimsky,RU-IRK,56.4877,104.106,4594
UIIB,,Belaya Air Base,Usolye-Sibirskoye,RU-IRK,52.9149,103.5755,13123
UIII,IKT,Irkutsk International Airport,Irkutsk,RU-IRK,52.2667,104.3956,11696
UIKK,KCK,Kirensk Airport,Kirensk,RU-IRK,57.773,108.064,5085
UITK,,Kazachinskaya Airport,Kazachinskaya,RU-IRK,56.2802,107.5676,5248
UITT,UKX,Ust-Kut Airport,Ust-Kut,RU-IRK,56.8567,105.73,6561
UIUN,NZG,Nizhneangarsk International Airport,Nizhneangarsk,RU-BU,55.8008,109.595,5249
UIUU,UUD,Baikal International Airport,Ulan Ude,RU-BU,51.8086,107.4397,11155
UKHW,,Chuhuiv Air Base,Chuhuiv,UA-63,49.8382,36.6412,8202
UKMC,,Jagellon Airfield,Gorodok,UA-46,49.7379,23.6689,8202
UKBB,KBP,Boryspil International Airport,Boryspil,UA-32,50.345,30.8947,13123
UKCM,MPW,Mariupol International Airport,Mariupol,UA-14,47.0761,37.4496,8431
UKDB,ERD,Berdyansk Airport,Berdyansk,UA-23,46.815,36.7581,8202
UKDD,DNK,Dnipro International Airport,Dnipro,UA-12,48.3572,35.1006,9320
UKDE,OZH,Zaporizhzhia International Airport,Zaporizhia,UA-23,47.867,35.3147,8210
UKDR,KWG,Kryvyi Rih International Airport,Kryvyi Rih,UA-12,48.0433,33.21,8202
UKFF,SIP,Simferopol International Airport,Simferopol,UA-43,45.0522,33.9751,12142
UKFK,KHC,Kerch Airport,Kerch,UA-43,45.3725,36.4014,5420
UKHH,HRK,Kharkiv International Airport,Kharkiv,UA-U-A,49.9269,36.2908,7285
UKKE,CKC,Cherkasy International Airport,Cherkasy,UA-71,49.4156,31.9953,8180
UKKK,IEV,Igor Sikorsky Kyiv International Airport (Zhuliany),Kyiv,UA-30,50.4019,30.4519,7579
UKKM,,Hostomel Airport,Kiev,UA-32,50.6035,30.1919,11483
UKLC,UCK,Lutsk Airport,Lutsk,UA-07,50.6784,25.4872,5446
UKLH,HMJ,Khmelnytskyi Airport,Khmelnytskyi,UA-68,49.3597,26.9334,7219
UKLI,IFO,Ivano-Frankivsk International Airport,Ivano-Frankivsk,UA-26,48.8842,24.6861,8226
UKLL,LWO,Lviv International Airport,Lviv,UA-46,49.8125,23.9561,10843
UKLN,CWC,Chernivtsi International Airport,Chernivtsi,UA-77,48.2593,25.9808,7270
UKLR,RWN,Rivne International Airport,Rivne,UA-19,50.6071,26.1416,8615
UKLT,TNL,Ternopil International Airport,Ternopil,UA-61,49.5242,25.7001,6465
UKLU,UDJ,Uzhhorod International Airport,Uzhhorod,UA-21,48.6343,22.2634,6686
UKOH,KHE,Kherson International Airport,Kherson,UA-65,46.6758,32.5064,8202
UKON,NLV,Mykolaiv International Airport [CLOSED],Mykolaiv,UA-48,47.0579,31.9198,8438
UKOO,ODS,Odesa International Airport,Odesa,UA-51,46.4272,30.6726,9186
UKOR,,Kulbakyne Air Base,Mykolaiv,UA-48,46.9364,32.0986,10568
UKWW,VIN,Vinnytsia/Gavyryshivka International Airport,Vinnitsa,UA-05,49.2425,28.6138,8175
ULAA,ARH,Talagi Airport,Archangelsk,RU-ARK,64.6003,40.7167,8202
ULAH,VKV,Vaskovo Airport,Arkhangelsk,RU-ARK,64.4417,40.4217,7875
ULAL,LDG,Leshukonskoye Airport,Leshukonskoye,RU-ARK,64.896,45.723,5236
ULAM,NNM,Naryan Mar Airport,Naryan Mar,RU-NEN,67.64,53.1219,8202
ULAS,CSH,Solovki Airport,Solovetsky Islands,RU-ARK,65.03,35.7306,4920
ULDW,VRI,Varandey Airport,Varandey,RU-NEN,68.8485,58.2014,5905
ULKK,KSZ,Kotlas Airport,Kotlas,RU-ARK,61.2358,46.6975,4757
ULKS,,Savvatiya Air Base,Kotlas,RU-ARK,60.995,46.87,8202
ULLI,LED,Pulkovo Airport,St. Petersburg,RU-SPE,59.8003,30.2625,12402
ULLP,,Pushkin Airport,St. Petersburg,RU-SPE,59.685,30.3383,8202
ULMM,MMK,Emperor Nicholas II Murmansk Airport,Murmansk,RU-MUR,68.7817,32.7508,8202
ULOO,PKV,Princess Olga Pskov International Airport,Pskov,RU-PSK,57.7813,28.3938,8281
ULPB,PES,Petrozavodsk Airport,Petrozavodsk,RU-KR,61.8852,34.1547,8202
ULWC,CEE,Cherepovets Airport,Cherepovets,RU-VLG,59.2736,38.0158,8202
ULWU,VUS,Velikiy Ustyug Airport,Velikiy Ustyug,RU-VLG,60.7883,46.26,5069
ULWW,VGD,Vologda Airport,Vologda,RU-VLG,59.2825,39.9444,4921
UMBB,BQT,Brest International Airport,Brest,BY-BR,52.1081,23.8968,8596
UMGG,GME,Gomel Airport,Gomel,BY-HO,52.527,31.0167,8428
UMII,VTB,Vitebsk Vostochny Airport,Vitebsk,BY-VI,55.1265,30.3496,8550
UMKK,KGD,Khrabrovo Airport,Kaliningrad,RU-KGD,54.8916,20.5986,10991
UMLI,,Minsk Machulishchy Air Base,Minsk,BY-MI,53.7734,27.5774,9836
UMMA,,Baranavichi Air Base,Baranavichi,BY-BR,53.1,26.05,9836
UMMG,GNA,Hrodna Airport,Hrodna,BY-HR,53.602,24.0538,8399
UMMS,MSQ,Minsk National Airport,Minsk,BY-MI,53.8881,28.04,12139
UMNB,,Babruisk Air Base,Babruisk,BY-MA,53.105,29.205,9836
UMNV,,Pruzhany Air Base,Pruzhany,BY-BR,52.5823,24.3799,8202
UMOO,MVQ,Mogilev Airport,Mogilev,BY-MA,53.9549,30.0951,8422
UNAA,ABA,Abakan International Airport,Abakan,RU-KK,53.74,91.385,10663
UNAU,,Shushenskoye Airport,Kazantsevo,RU-KYA,53.3852,92.0447,5906
UNBB,BAX,Barnaul Gherman Titov International Airport,Barnaul,RU-ALT,53.3613,83.5397,9350
UNBG,RGK,Gorno-Altaysk Airport,Gorno-Altaysk,RU-AL,51.9692,85.8365,7546
UNEE,KEJ,Alexei Leonov Kemerovo International Airport,Kemerovo,RU-KEM,55.2701,86.1072,10499
UNIB,BKA,Baykit Airport,Baykit,RU-KYA,61.6767,96.355,3581
UNII,EIE,Yeniseysk Airport,Yeniseysk,RU-KYA,58.4742,92.1125,7217
UNIS,VEO,Severo-Yeniseysk Airport,Severo-Yeniseysk,RU-KYA,60.3733,93.0117,4920
UNIT,GOY,Tura Mountain Airport,Tura,RU-KYA,64.3335,100.4329,4593
UNIW,VAQ,Vanavara Airport,Vanavara,RU-KYA,60.3562,102.3096,4592
UNKB,BGS,Boguchany Airport,Boguchany,RU-KYA,58.3806,97.4723,3938
UNKI,KNY,Kodinsk Airport,,RU-KYA,58.4794,99.0939,5250
UNKL,KJA,Krasnoyarsk International Airport,Krasnoyarsk,RU-KYA,56.1757,92.4858,12139
UNKM,KCY,Krasnoyarsk Cheremshanka Airport,Krasnoyarsk,RU-KYA,56.1776,92.5459,5905
UNKO,,Sharypovo Airport,Sharypovo,RU-KYA,55.4549,89.1739,4922
UNKS,ACS,Achinsk Airport,Achinsk,RU-KYA,56.2692,90.5751,8038
UNKY,KYZ,Kyzyl Airport,Kyzyl,RU-TY,51.6694,94.4006,8858
UNLK,,Kargasok Airport,Kargasok,RU-TOM,59.0619,80.8232,8202
UNLL,,Kolpashevo Airport,Kolpashevo,RU-TOM,58.3253,82.9325,4430
UNNE,,Yeltsovka Airport,Novosibirsk,RU-NVS,55.0924,83.0045,10500
UNNT,OVB,Novosibirsk Tolmachevo Airport,Novosibirsk,RU-NVS,55.0198,82.6187,11818
UNOO,OMS,Omsk Central Airport,Omsk,RU-OMS,54.9631,73.3124,8202
UNOS,,Omsk Severny Airport,Omsk,RU-OMS,54.975,73.555,9842
UNSS,SWT,Strezhevoy Airport,Strezhevoy,RU-TOM,60.7094,77.66,6562
UNTT,TOF,Tomsk Kamov Airport,Tomsk,RU-TOM,56.3803,85.2083,8202
UNWW,NOZ,Spichenkovo Airport,Novokuznetsk,RU-KEM,53.8114,86.8772,8789
UODD,DKS,Dikson Airport,Dikson,RU-KYA,73.5178,80.3797,4920
UOHH,HTG,Khatanga Airport,Khatanga,RU-KYA,71.9781,102.491,8872
UOIG,SES,Svetlogorsk Airport,Svetlogorsk,RU-KYA,66.84,88.4033,5248
UOII,IAA,Igarka Airport,Igarka,RU-KYA,67.4372,86.6219,8202
UOOO,NSK,Alykel International Airport,Norilsk,RU-KYA,69.308,87.3259,11254
UOTT,THX,Turukhansk Airport,Turukhansk,RU-KYA,65.7972,87.9353,5905
URKA,AAQ,Anapa Vityazevo Airport,Krasnyi Kurgan,RU-KDA,45.0021,37.3473,8202
URKG,GDZ,Gelendzhik Airport,Gelendzhik,RU-KDA,44.5821,38.0125,10171
URKK,KRR,Krasnodar Pashkovsky International Airport,Krasnodar,RU-KDA,45.0345,39.1742,9835
URMG,GRV,Akhmat Kadyrov Grozny International Airport,Grozny,RU-CE,43.3881,45.6998,8202
URML,MCX,Makhachkala Uytash International Airport,Makhachkala,RU-DA,42.8168,47.6523,8662
URMM,MRV,Mineralnye Vody Airport,Mineralnyye Vody,RU-STA,44.2251,43.0819,12795
URMN,NAL,Nalchik Airport,Nalchik,RU-KB,43.5129,43.6366,7218
URMO,OGZ,Vladikavkaz Beslan International Airport,Beslan,RU-SE,43.2051,44.6066,9843
URMS,IGT,Magas Airport,Sunzha,RU-IN,43.3233,45.0126,9842
URMT,STW,Stavropol Shpakovskoye Airport,Stavropol,RU-STA,45.1092,42.1128,8530
UROD,,Dudinka Airport,Dudinka,RU-KYA,69.375,86.1567,4758
URRP,ROV,Platov International Airport,Rostov-on-Don,RU-ROS,47.4939,39.9247,11811
XRRT,TGK,Taganrog Yuzhny Airport,Taganrog,RU-ROS,47.1983,38.8492,9052
URSS,AER,Sochi International Airport,Sochi,RU-KDA,43.4499,39.9566,9498
URWA,ASF,Astrakhan Narimanovo Boris M. Kustodiev International Airport,Astrakhan,RU-AST,46.2828,48.0105,10499
URWI,ESL,Elista Airport,Elista,RU-KL,46.3739,44.3309,10499
URWW,VOG,Volgograd International Airport,Volgograd,RU-VGG,48.7813,44.3392,9186
US-0001,,Flying M Ranch Airport,,US-NV,38.6113,-119.0017,5662
US-0087,,Mettie Airstrip,Yakima,US-WA,46.715,-120.3288,4025
US-0149,,Booker Airport,Booker,US-TX,36.4414,-100.534,3900
US-0257,,Spaceport America,Truth or Consequences,US-NM,32.9903,-106.9697,12800
8VA1,,Slate River Airpark,Buckingham,US-VA,37.5443,-78.5868,4600
02TS,,El Tesoro Ranch Airport,Charlotte,US-TX,28.6626,-98.7231,4000
US-0696,,Shank N Bank Airport,La Ward,US-TX,28.7401,-96.4682,5000
US-0885,,Gove County Airport,Quinter,US-KS,39.0386,-100.2339,4000
88XS,,Ranch at Double Gates Airport,Coleman,US-TX,31.6005,-99.416,5068
19LA,,Self Forward Landing Strip,Leesville,US-LA,31.117,-93.1543,3574
MD85,,OAG Unmanned Center Airport,Piney Point,US-MD,38.1485,-76.5222,4100
US-12648,CRO,Corcoran Airport,Corcoran,US-CA,36.1027,-119.5948,3800
7TA4,,V Bar Airstrip,Fairfield,US-TX,31.7595,-96.0545,4000
US-1645,,Los Cerrito Airport,Uvalde,US-TX,29.4862,-100.0156,5000
TS80,,Wildlife/Stroud Airport,Catarina,US-TX,28.3749,-100.0061,4802
TX65,,Pinto Creek Airport,Brackettville,US-TX,29.3951,-100.4687,4100
US-3961,,Minton Ranch Airport,Encinal,US-TX,28.1685,-99.414,4108
3T9,,Big Bend Ranch State Park Airport,Redford,US-TX,29.471,-103.9369,5500
6TX2,,Rancho Sabino Grande Airport,Utopia,US-TX,29.5505,-99.5162,5998
US-5712,,Kenyon Airstrip,Burley,US-ID,42.4363,-113.8564,3800
TX28,,Devil's Finger Airport,Morgan,US-TX,32.022,-97.6774,6300
TA35,,Rancho Hielo Brazos Airport,Glen Rose,US-TX,32.2011,-97.8423,3508
6AR5,,Tidwell Flying Services Airport,Carlisle,US-AR,34.7783,-91.7992,4584
19TS,,Silverhorn Ranch Airport,Freer,US-TX,27.9296,-98.5338,3666
SD25,,Infinity Landing Airport,Piedmont,US-SD,44.2187,-103.2514,5000
US-8452,,Trinchera Ranch Airstrip,Fort Garland,US-CO,37.4643,-105.4065,5000
TN95,,Ridgely Airport,Ridgely,US-TN,36.2371,-89.4855,3605
US-OI05,,Naeen Military Airport,Chashmeh-i-Zaghab,IR-10,33.0943,53.4125,4284
USCC,CEK,Kurchatov Chelyabinsk International Airport,Chelyabinsk,RU-CHE,55.3031,61.5049,10499
USCG,,Chelyabinsk Shagol Airport,,RU-CHE,55.26,61.3,8202
USCM,MQF,Magnitogorsk International Airport,Magnitogorsk,RU-BA,53.392,58.7552,10663
USDA,SBT,Sabetta International Airport,Sabetta,RU-YAN,71.2192,72.0522,8858
USDB,BVJ,Bovanenkovo Airport,Bovanenkovo,RU-YAN,70.3153,68.3336,8698
USDD,SLY,Salekhard Airport,Salekhard,RU-YAN,66.5908,66.611,8917
USHH,HMA,Khanty Mansiysk Airport,Khanty-Mansiysk,RU-KHM,61.0285,69.0861,9180
USHN,NYA,Nyagan Airport,Nyagan,RU-KHM,62.11,65.615,8307
USHQ,EYK,Beloyarskiy Airport,,RU-KHM,63.6869,66.6986,7028
USHS,OVS,Sovetskiy Airport,Sovetskiy,RU-KHM,61.3266,63.6019,8202
USHU,URJ,Uray Airport,Uray,RU-KHM,60.1033,64.8267,7218
USII,IJK,Izhevsk Airport,Izhevsk,RU-UD,56.8345,53.4622,8202
USKK,KVX,Pobedilovo Airport,Kirov,RU-KIR,58.5039,49.3478,7230
USMM,NYM,Nadym Airport,Nadym,RU-YAN,65.4809,72.6989,8360
USMU,NUX,Novy Urengoy Airport,Novy Urengoy,RU-YAN,66.0694,76.5203,8366
USNN,NJC,Nizhnevartovsk Airport,Nizhnevartovsk,RU-KHM,60.9493,76.4836,10499
USPP,PEE,Perm International Airport,Perm,RU-PER,57.9145,56.0212,10520
USPT,,Berezniki Airport,Solikamsk,RU-PER,59.5795,56.8577,4921
USRK,KGP,Kogalym International Airport,Kogalym,RU-KHM,62.1904,74.5338,8225
USRN,NFG,Nefteyugansk Airport,Nefteyugansk,RU-KHM,61.1083,72.65,8858
USRO,NOJ,Noyabrsk Airport,Noyabrsk,RU-YAN,63.1833,75.27,8202
USRR,SGC,Surgut International Airport,Surgut,RU-KHM,61.3405,73.4058,9154
USSK,,Uktus Airport,Yekaterinburg,RU-SVE,56.7017,60.79,5905
USSS,SVX,Koltsovo Airport,Yekaterinburg,RU-SVE,56.7431,60.8027,9925
USTJ,RMZ,Tobolsk Remezov Airport,Tobolsk,RU-TYU,58.0597,68.348,7875
USTL,,Plekhanovo Airport,Tyumen,RU-TYU,57.1447,65.4697,3609
USTO,TOX,Tobolsk Airport,Tobolsk,RU-TYU,58.1358,68.2319,3938
USTR,TJM,Roshchino International Airport,Tyumen,RU-TYU,57.179,65.3277,9852
USUU,KRO,Kurgan Airport,Kurgan,RU-KGN,55.4753,65.4156,8530
UT1A,,Isfara Airport,Isfara,TJ-SU,40.1215,70.6672,9525
UT1B,,Moskovskiy Pyandzh Airport,Ak-Mazar,TJ-KT,37.6404,69.6466,5012
UTOD,,Khorog Airport,Khorog,TJ-GB,37.5022,71.5133,6036
UT1E,,Gazadzhak Airport,Gazadzhak,TM-L,41.1245,61.4146,5576
UT1F,,Yangadzha Airport,Yangadzha,TM-B,40.0385,53.3287,6600
UT1G,,Ashgabat Bezmein Air Base,Ashgabat,TM-S,38.012,58.195,8665
UT1J,,Cheleken East Airport,Cheleken,TM-B,39.4115,53.199,5217
UT1M,,Kakaydy Airport,Goran,UZ-SU,37.6243,67.5176,7845
UT1Q,,Pakhtakor Airport,Pakhtakor,UZ-JI,40.2527,67.9108,9845
UT47,,Grassy Meadows/Sky Ranch Landowners Assn Airport,Hurricane,US-UT,37.1019,-113.314,4400
UT65,,Goshute Airport,Ibapah,US-UT,39.998,-113.977,3500
UT83,,Thunder Ridge Airpark,Fruitland,US-UT,40.2638,-110.8652,4000
UTAA,ASB,Ashgabat International Airport,Ashgabat,TM-S,37.9868,58.361,12467
UTAE,KEA,Kerki Airport,Kerki,TM-L,37.8221,65.1353,8858
UTAK,KRW,Turkmenbaşy International Airport,Turkmenbaşy,TM-B,40.0628,53.0051,11483
UTAM,MYP,Mary International Airport,Mary,TM-M,37.6235,61.8957,12467
UTAT,TAZ,Dashoguz International Airport,Daşoguz,TM-D,41.7599,59.8361,12467
UTAV,CRZ,Türkmenabat International Airport,Türkmenabat,TM-L,38.9307,63.564,12467
UTDD,DYU,Dushanbe International Airport,Dushanbe,TJ-DU,38.5437,68.823,10170
UTDK,TJU,Kulob International Airport,Kulob,TJ-KT,37.9881,69.805,9843
UTDL,LBD,Khujand International Airport,Khujand,TJ-SU,40.2154,69.6947,10433
UTDT,KQT,Bokhtar International Airport,Bokhtar,TJ-KT,37.8663,68.8645,7497
UZFN,NMA,Namangan International Airport,Namangan,UZ-NG,40.9846,71.5578,10698
UZFA,AZN,Andijan International Airport,Andijan,UZ-AN,40.7277,72.294,9770
UZFF,FEG,Fergana International Airport,Fergana,UZ-FA,40.3588,71.745,9383
UZNM,MOK,Muynak Airport,Muynak,UZ-QR,43.7536,59.0299,4964
UZNN,NCU,Nukus International Airport,Nukus,UZ-QR,42.4884,59.6233,9865
UZNU,UGC,Urgench International Airport,Urgench,UZ-XO,41.5827,60.6434,11065
UZSA,NVI,Navoi International Airport,Navoi,UZ-NW,40.1176,65.1727,13123
UZSB,BHK,Bukhara International Airport,Bukhara,UZ-BU,39.7753,64.4823,9843
UZSK,KSQ,Karshi Airport,Karshi,UZ-QA,38.8022,65.7731,9299
UZSL,,Karshi-Khanabad Air Base,Khanabad,UZ-QA,38.8336,65.9215,8195
UZSN,AFS,Sugraly Airport,Zarafshan,UZ-NW,41.6138,64.233,6098
UZSR,,Sariasiya Airport,Sariasiya,UZ-SU,38.408,67.945,5000
UZSS,SKD,Samarkand International Airport,Samarkand,UZ-SA,39.7018,66.9815,10187
UZST,TMJ,Termez Airport,Termez,UZ-SU,37.2873,67.3119,9843
UZSU,,Uchkuduk Airport,Uchkuduk,UZ-NW,42.0831,63.4493,4844
UZTP,TVT,Tashkent-Khumo International Airport,Tashkent,UZ-TO,41.3129,69.3955,10630
UZTT,TAS,Tashkent International Airport,Tashkent,UZ-TO,41.2579,69.2812,13123
UZTZ,OMN,Zomin Airport,Zomin,UZ-JI,40.014,68.411,3937
UUBA,KMW,Kostroma Sokerkino Airport,Kostroma,RU-KOS,57.7969,41.0194,5577
UUBC,KLF,Grabtsevo Airport,Kaluga,RU-KLU,54.55,36.3667,6885
UUBI,IWA,Ivanovo South Airport,Ivanovo,RU-IVA,56.9394,40.9408,8202
UUBP,BZK,Bryansk International Airport,Bryansk,RU-BRY,53.2144,34.176,7874
UUBS,,Smolensk South Airport,Smolensk,RU-SMO,54.745,32.065,5249
UUBW,ZIA,Zhukovsky International Airport,Moscow,RU-MOS,55.5533,38.15,15092
UUDD,DME,Domodedovo International Airport,Moscow,RU-MOS,55.4088,37.9063,11483
UUDL,IAR,Golden Ring Yaroslavl International Airport,Tunoshna,RU-YAR,57.5607,40.1574,9870
UUEE,SVO,Sheremetyevo International Airport,Moscow,RU-MOS,55.9769,37.4112,12139
UUEI,,Kimry Airfield,Kimry,RU-TVE,56.7983,37.33,4642
UUEM,KLD,Migalovo Air Base,Tver,RU-TVE,56.8247,35.7577,8202
UUMI,,Stupino Air Base,Stupino,RU-MOS,54.8894,38.147,6889
UUMU,CKL,Chkalovskiy Air Base,Moscow,RU-MOS,55.8783,38.0617,11811
UUOB,EGO,Belgorod International Airport,Belgorod,RU-BEL,50.6438,36.5901,8202
UUOD,,Pridacha Airport,Voronezh,RU-VOR,51.6529,39.2562,6889
UUOK,URS,Kursk East Airport,Kursk,RU-KRS,51.7506,36.2956,8202
UUOL,LPK,Lipetsk Airport,Lipetsk,RU-LIP,52.7028,39.5378,7546
UUOO,VOZ,Voronezh International Airport,Voronezh,RU-VOR,51.8143,39.2309,7546
UUOT,TBW,Donskoye Airport,Tambov,RU-TAM,52.8061,41.4828,6889
UUWW,VKO,Vnukovo International Airport,Moscow,RU-MOW,55.5915,37.2615,11483
UUYH,UCT,Ukhta Airport,Ukhta,RU-KO,63.5669,53.8047,8691
UUYK,,Vuktyl Airport,Vuktyl,RU-KO,63.8233,57.28,4921
UUYP,PEX,Pechora Airport,Pechora,RU-KO,65.1211,57.1308,5905
UUYS,USK,Usinsk Airport,Usinsk,RU-KO,66.0047,57.3672,8202
UUYV,,Izhma Airport,Izhma,RU-KO,65.0317,53.97,4264
UUYW,VKT,Vorkuta Airport,Vorkuta,RU-KO,67.4886,63.9931,7218
UUYX,UTS,Ust-Tsylma Airport,Ust-Tsylma,RU-KO,65.4373,52.2003,4265
UUYY,SCW,Syktyvkar Airport,Syktyvkar,RU-KO,61.647,50.8451,8203
UWGG,GOJ,Nizhny Novgorod / Strigino International Airport,Nizhny Novgorod,RU-NIZ,56.2274,43.7852,9843
UWKB,UUA,Bugulma Airport,Bugulma,RU-TA,54.6412,52.8002,6561
UWKD,KZN,Kazan International Airport,Kazan,RU-TA,55.6062,49.2787,12303
UWKE,NBC,Begishevo Airport,Nizhnekamsk,RU-TA,55.5647,52.0925,8209
UWKG,,Borisoglebskoye Airport,Kazan,RU-TA,55.8667,49.1333,10826
UWKJ,JOK,Yoshkar-Ola Airport,Yoshkar-Ola,RU-ME,56.7006,47.9047,7874
UWKS,CSY,Cheboksary Airport,Cheboksary,RU-CU,56.0903,47.3473,8241
UWLL,ULV,Ulyanovsk Baratayevka Airport,Ulyanovsk,RU-ULY,54.2702,48.2256,12533
UWLW,ULY,Ulyanovsk Vostochny Airport,Cherdakly,RU-ULY,54.401,48.8027,16404
UWOO,REN,Orenburg Central Airport,Orenburg,RU-ORE,51.7927,55.4572,8212
UWOR,OSW,Orsk Airport,Orsk,RU-ORE,51.0725,58.5956,9514
UWPP,PEZ,Penza Airport,Penza,RU-PNZ,53.1106,45.0211,9155
UWPS,SKX,Saransk International Airport,Saransk,RU-MO,54.1251,45.2123,9186
UWSB,BWO,Balakovo Airport,Balakovo,RU-SAR,51.8583,47.7456,7710
UWSG,GSV,Gagarin International Airport,Saratov,RU-SAR,51.7128,46.1711,9843
UWUB,BCX,Beloretsk Airport,Beloretsk,RU-BA,53.9384,58.3401,4920
UWUK,OKT,Oktyabrskiy Airport,Kzyl-Yar,RU-TA,54.44,53.3883,6562
UWUU,UFA,Ufa International Airport,Ufa,RU-BA,54.5575,55.8744,12339
UWWB,,Buguruslan Severny Airport,Buguruslan,RU-ORE,53.7184,52.3719,7217
UWWG,,Bezymyanka Airfield,Samara,RU-SAM,53.22,50.325,11482
UWWS,,Smyshlyayevka Airport,Samara,RU-SAM,53.2413,50.375,3938
UWWW,KUF,Kurumoch International Airport,Samara,RU-SAM,53.5049,50.1643,9846
UZ-UT73,,Maymanak Airport,Maynanak,UZ-QA,39.1378,65.1653,8180
UZ-UT77,,Kungirot Airport,Kungirot,UZ-QR,43.0827,58.8851,4716
VA1C,,Birlagram Airport,,IN-MP,23.4469,75.4203,4887
VA1D,,Muirpur Airport,,IN-UP,24.1252,83.0406,4665
VA1E,,Bhilai Airport,,IN-CT,21.2942,81.3795,3900
VA1F,,Sidhi Airport,,IN-MP,24.4023,81.8148,3540
VERW,REW,"Rewa Airport, Chorhata, REWA",Rewa,IN-MP,24.5034,81.2203,4593
VA1H,,Ondwa Airport,,IN-RJ,25.1415,74.6115,3895
VANY,,Naliya Air Force Station,Naliya,IN-GJ,23.2223,68.8913,9000
VA1M,,Karad Airport,,IN-MM,17.2859,74.1581,4200
VA1N,,Nimach Airport,,IN-MP,24.4308,74.8678,3610
VA1O,,Burhar Airport,,IN-MP,23.2352,81.5037,3670
VADU,DIU,Diu Airport,Diu,IN-DH,20.7142,70.9219,5980
VA2A,,Phalodi Airport,,IN-RJ,27.1129,72.389,3565
VA2B,,Dr. Bhimrao Ambedkar Airstrip,Meerut,IN-UP,28.9049,77.6775,5124
VAGD,GDB,Gondia Airport,Gondia,IN-MM,21.5268,80.2903,7500
VA2D,,Ratlam Airport,,IN-MP,23.3814,75.0256,3753
VA42,,Dogwood Airpark,Fredericksburg,US-VA,38.359,-77.4527,4100
VA57,,Powhatan Airport,King George,US-VA,38.2485,-77.2191,4888
VAAH,AMD,Sardar Vallabh Patel International Airport,Ahmedabad,IN-GJ,23.0772,72.6347,11499
VAAK,AKD,Akola Airport,Akola,IN-MM,20.6989,77.0569,4600
VAAU,IXU,Aurangabad Airport,Aurangabad,IN-MM,19.8629,75.3963,9314
VABB,BOM,Chhatrapati Shivaji Maharaj International Airport,Mumbai,IN-MM,19.0887,72.8679,11511
VABJ,BHJ,Bhuj Airport,Bhuj,IN-GJ,23.2878,69.6702,8205
VOBM,IXG,Belagavi Airport,Belgaum,IN-KA,15.8593,74.6183,7546
VABO,BDQ,Vadodara International Airport,Vadodara,IN-GJ,22.3362,73.2263,8100
VABP,BHO,Raja Bhoj International Airport,Bhopal,IN-MP,23.2875,77.3374,9022
VABV,BHU,Bhavnagar Airport,Bhavnagar,IN-GJ,21.7522,72.1852,6300
VADN,NMB,Daman Airport,Daman,IN-DH,20.4344,72.8432,5909
VOHB,HBX,Hubballi Airport,Hubballi,IN-KA,15.3611,75.0821,5479
VAHS,HSR,Rajkot International Airport,Rajkot,IN-GJ,22.3788,71.0394,9974
VAJB,JLR,Jabalpur Airport,Jabalpur,IN-MP,23.1778,80.052,6522
VAJL,JLG,Jalgaon Airport,Jalgaon,IN-MM,20.9627,75.6275,5577
VAJM,JGA,Jamnagar Airport,Jamnagar,IN-GJ,22.4655,70.0126,8242
VAKE,IXY,Kandla Airport,Kandla,IN-GJ,23.1127,70.1003,4997
VEKO,HJR,Khajuraho Airport,Khajuraho,IN-MP,24.8172,79.9186,7460
VAKP,KLH,Kolhapur Airport,Kolhapur,IN-MM,16.6647,74.2894,6332
VAKS,IXK,Keshod Airport,Keshod,IN-GJ,21.3171,70.2704,4500
VALT,LTU,Murod Kond Airport,Latur,IN-MM,18.4115,76.4647,7546
VAND,NDC,Nanded Airport,Nanded,IN-MM,19.1833,77.3167,7546
VANP,NAG,Dr. Babasaheb Ambedkar International Airport,Nagpur,IN-MM,21.0922,79.0472,10500
VAOZ,ISK,Nashik International Airport,Nashik,IN-MM,20.1191,73.9129,9843
VAPO,PNQ,Pune International Airport,Pune,IN-MM,18.5821,73.9197,10000
VAPR,PBD,Porbandar Airport,Porbandar,IN-GJ,21.6495,69.6564,4500
VARG,RTC,Ratnagiri Airport,,IN-MM,17.0136,73.3278,6890
VARK,RAJ,Rajkot Airport,Rajkot,IN-GJ,22.3092,70.7795,6040
VERP,RPR,Swami Vivekananda Airport,Raipur,IN-CT,21.1804,81.7388,6414
VASD,SAG,Shirdi International Airport,Kakadi,IN-MM,19.6892,74.3737,8202
VASL,SSE,Solapur Airport,Solapur,IN-MM,17.628,75.9348,6591
VASU,STV,Surat International Airport,Surat,IN-GJ,21.1155,72.7433,9530
VAUD,UDR,Maharana Pratap Airport,Udaipur,IN-RJ,24.6177,73.8961,7484
KVBW,,Bridgewater Air Park,Bridgewater,US-VA,38.3667,-78.9603,4034
VCBI,CMB,Bandaranaike International Colombo Airport,Colombo,LK-1,7.1808,79.8841,10991
VCCA,ACJ,Anuradhapura Airport,Anuradhapura,LK-7,8.3015,80.4285,4876
VCCB,BTC,Batticaloa International Airport,Batticaloa,LK-5,7.7051,81.6772,5118
VCCC,RML,Colombo Ratmalana International Airport,Colombo,LK-1,6.8216,79.8859,6013
VCCG,ADP,Ampara Airport,Ampara,LK-5,7.3367,81.6239,3600
VCCJ,JAF,Jaffna International Airport,Jaffna,LK-4,9.7923,80.0701,4593
VCCS,GIU,Sigiriya Air Force Base,Sigiriya,LK-2,7.9567,80.7285,5925
VCCT,TRR,China Bay Airport,Trincomalee,LK-5,8.5392,81.1813,7850
VCCV,,Vavuniya Airport,Vavuniya,LK-4,8.741,80.4978,5060
VCCW,WRZ,Weerawila Airport,Weerawila,LK-3,6.2545,81.2352,4000
VCRI,HRI,Mattala Rajapaksa International Airport,Mattala,LK-3,6.2839,81.1242,11483
VDBG,BBM,Battambang Airport,Battambang,KH-2,13.0956,103.224,5250
VDPP,PNH,Phnom Penh International Airport,Phnom Penh (Pou Senchey),KH-12,11.5472,104.8447,9843
VDSA,SAI,Siem Reap-Angkor International Airport,Siem Reap,KH-17,13.3697,104.2238,11827
VDSV,KOS,Sihanouk International Airport,Preah Sihanouk,KH-18,10.5706,103.6321,8202
VE23,,Burnpur Airport,,IN-WB,23.6315,86.9755,4010
VE24,,Sookerating (Doomdooma) Airport,Sokriting T.E.,IN-AS,27.5529,95.5706,6595
VE36,,Nuagaon Airport,,IN-OR,20.5117,83.4481,4200
VE62,,Cuttack Airport / Charbatia Air Force Station,Bandalo,IN-OR,20.5496,85.8863,9000
VE67,,Mechuka Advanced Landing Ground,Kargong,IN-AR,28.6025,94.1261,4395
VE91,,Vijaynagar Advanced Landing Ground,,IN-AR,27.1936,97.0037,3980
VE96,,Thuniabhand Airport,,IN-MP,22.0016,78.9172,3785
VEAN,IXV,Along Airport,,IN-AR,28.1753,94.802,3675
VEAT,IXA,Agartala - Maharaja Bir Bikram Airport,Agartala,IN-TR,23.887,91.2404,7500
VEAZ,,Tuirial Airfield,Aizawl,IN-MZ,23.7462,92.8028,3755
VEBD,IXB,Bagdogra Airport,Siliguri,IN-WB,26.6812,88.3286,9035
VEBI,SHL,Shillong Airport,Shillong,IN-ML,25.7036,91.9787,6000
VEBK,,Bokaro Airport,,IN-BR,23.6435,86.1489,5300
VEBN,VNS,Lal Bahadur Shastri International Airport,Varanasi,IN-UP,25.4522,82.8625,9006
VEBS,BBI,Biju Patnaik International Airport,Bhubaneswar,IN-OR,20.251,85.8147,9003
VEBU,PAB,Bilaspur Airport,Bilaspur,IN-CT,21.9884,82.111,5035
VECA,,Chabua Air Force Station,Chabua,IN-AS,27.4622,95.1177,9003
VECC,CCU,Netaji Subhash Chandra Bose International Airport,Kolkata,IN-WB,22.654,88.4476,11919
VECO,COH,Cooch Behar Airport,Cooch Behar,IN-WB,26.3305,89.4672,3500
VEDB,DBD,Dhanbad Airport,,IN-BR,23.834,86.4253,3728
VEDG,RDP,Kazi Nazrul Islam Airport,Durgapur,IN-WB,23.6225,87.243,9186
VEDH,DBR,Darbhanga Airport,Darbhanga,IN-BR,26.1928,85.9169,9000
VEDX,,Kharagpur Airport / Kalaikunda Air Force Station,Doarkhol,IN-WB,22.3395,87.2145,9000
VEGK,GOP,Gorakhpur Airport,Gorakhpur,IN-UP,26.7397,83.4497,9000
VEGT,GAU,Lokpriya Gopinath Bordoloi International Airport,Guwahati,IN-AS,26.1067,91.5852,9000
VEGY,GAY,Gaya Airport,Gaya,IN-BR,24.7443,84.9512,7500
VEHK,,Hirakud Airport,Sambalpur,IN-OR,21.5802,84.0057,4185
VEHX,,Hashimara Air Force Station,Jalpaiguri,IN-WB,26.6983,89.3691,9000
VEIM,IMF,Bir Tikendrajit International Airport,Imphal,IN-MN,24.76,93.8967,9009
VEJH,JRG,Jharsuguda Airport,,IN-OR,21.9135,84.0504,7844
VEJP,PYB,Jeypore Airport,Jeypore,IN-OR,18.8795,82.5525,3937
VEJS,IXW,Sonari Airport,Jamshedpur,IN-JH,22.8137,86.169,4010
VEJT,JRH,Jorhat Airport,Jorhat,IN-AS,26.7305,94.1754,9000
VEKI,KBK,Kushinagar International Airport,Kushinagar,IN-UP,26.7765,83.8892,10500
VEKM,IXQ,Kamalpur Airport,Manik Bhandar,IN-TR,24.1343,91.8108,4500
VEKU,IXS,Silchar Airport,Silchar,IN-AS,24.9129,92.9787,5993
VELP,AJL,Lengpui Airport,Aizawl (Lengpui),IN-MZ,23.8406,92.6197,8202
VELR,IXI,Lilabari North Lakhimpur Airport,Lilabari,IN-AS,27.2957,94.0973,7500
VEMN,DIB,Dibrugarh Airport,Dibrugarh,IN-AS,27.4839,95.0169,6000
VEMR,DMU,Dimapur Airport,Dimapur,IN-NL,25.8839,93.7711,7513
VEMZ,MZU,Muzaffarpur Airport,Muzaffarpur,IN-BR,26.1191,85.3137,3990
VEPH,,Panagarh Air Force Station,,IN-WB,23.4743,87.4275,9000
VEPI,,Barrackpore Air Force Station,Barrackpore,IN-WB,22.781,88.3592,6116
VEPT,PAT,Jay Prakash Narayan Airport,Patna,IN-BR,25.5913,85.088,6410
VEPU,,Purnea Airport,,IN-BR,25.7596,87.41,8700
VERC,IXR,Birsa Munda Airport,Ranchi,IN-JH,23.3143,85.3217,8855
VERK,RRK,Rourkela Airport,Rourkela,IN-OR,22.2566,84.8152,5987
VETZ,TEZ,Tezpur Airport,,IN-AS,26.7091,92.7847,9010
VOVZ,,INS Dega Airport (visakhapatnam international airport),Visakhapatnam,IN-AP,17.7235,83.2277,10007
VEZO,ZER,Ziro Airport,Ziro,IN-AR,27.5883,93.8281,4010
VGBR,BZL,Barisal Airport,Barisal,BD-A,22.801,90.3012,5995
VGCB,CXB,Cox's Bazar Airport,Cox's Bazar,BD-B,21.4575,91.9633,6790
VGEG,CGP,Shah Amanat International Airport,Chattogram (Chittagong),BD-B,22.2496,91.8133,9646
VGHS,DAC,Hazrat Shahjalal International Airport,Dhaka,BD-C,23.8433,90.3978,11500
VGIS,IRD,Ishurdi Airport,Ishurdi,BD-E,24.1525,89.0494,4700
VGJR,JSR,Jessore Airport,Jashore (Jessore),BD-D,23.1838,89.1608,8000
VGRJ,RJH,Shah Makhdum Airport,Rajshahi,BD-E,24.4372,88.6165,6000
VGSD,SPD,Saidpur Airport,Saidpur,BD-E,25.7592,88.9089,6000
VGSY,ZYL,Osmany International Airport,Sylhet,BD-G,24.964,91.8647,9478
VGTJ,,Tejgaon Airport,Dhaka,BD-C,23.7785,90.3827,9315
VHHH,HKG,Hong Kong International Airport,Hong Kong,HK-NT,22.3118,113.9149,12467
VHSK,,Shek Kong Air Base,Islands,HK-NT,22.4366,114.08,6180
VI00,,Saifai Airport,Barauli Khurd,IN-UP,26.9202,79.0628,8202
VI43,,Suratgarh New Airport,,IN-RJ,29.3878,73.9039,8990
VI57,,Thoise Airport,Nubra,IN-LA,34.6526,77.3758,10000
VI65,,Kargil Airport,Kargil,IN-LA,34.5243,76.1559,6004
VI69,,Jhunjhunu Airport,,IN-RJ,28.1067,75.3756,4567
VI73,,Nagaur Airport,,IN-RJ,27.2083,73.7114,3853
VI88,,Beas Airport,Bhaini,IN-PB,31.56,75.3413,4010
VI90,,Akbarpur Mahamaya Rajkiya Airport,Akbarpur,IN-UP,26.4476,82.5682,4260
VIAG,AGR,Agra Airport / Agra Air Force Station,Agra,IN-UP,27.158,77.961,9000
VIAH,HRH,Aligarh Airport,Aligarh,IN-UP,27.8614,78.1454,4882
VEAB,IXD,Prayagraj Airport,Allahabad,IN-UP,25.4401,81.7339,8110
VIAM,,Ambala Air Force Station,Ambala,IN-HR,30.3681,76.8167,9224
VIAR,ATQ,Sri Guru Ram Das Ji International Airport,Amritsar,IN-PB,31.7096,74.7973,12000
VIAW,,Awantipura Air Force Station,Awantipura,IN-JK,33.8766,74.9757,10500
VIAX,AIP,Adampur Airport,Adampur,IN-PB,31.4338,75.7588,9039
VIBK,BKB,Nal Airport,Bikaner,IN-RJ,28.0706,73.2072,8960
VIBL,,Bakshi Ka Talab Air Force Station,Lucknow,IN-UP,26.9883,80.8931,8990
VIBR,KUU,Kullu Manali Airport,Bhuntar,IN-HP,31.8767,77.1544,3690
VIBT,BUP,Bhatinda Air Force Station,,IN-PB,30.2701,74.7558,9200
VIBW,,Bhiwani Airport,Bhiwani,IN-HR,28.837,76.1791,4200
VIBY,BEK,Bareilly Air Force Station,Bareilly,IN-UP,28.4221,79.4508,9000
VICG,IXC,Shaheed Bhagat Singh International Airport,Chandigarh,IN-CH,30.6735,76.7885,12467
VECX,KNU,Kanpur Airport,Kanpur,IN-UP,26.4043,80.4101,9000
VIDD,,Safdarjung Airport,New Delhi,IN-DL,28.5855,77.2036,4520
VIPG,,Pithoragarh Airport,Pithoragarh,IN-UT,29.5936,80.2392,4335
VIDN,DED,Dehradun Jolly Grant Airport,Dehradun (Jauligrant),IN-UT,30.1892,78.1767,7000
VIDP,DEL,Indira Gandhi International Airport,New Delhi,IN-DL,28.5556,77.0952,14534
VIDX,HDO,Hindon Airport / Hindon Air Force Station,Ghaziabad,IN-UP,28.7077,77.3589,9000
VIGG,DHM,Kangra Airport,Kangra,IN-HP,32.1649,76.263,4620
VIGR,GWL,Gwalior Airport,Gwalior,IN-MP,26.2933,78.2278,9000
VIHR,HSS,Maharaja Agrasen International Airport,Hisar,IN-HR,29.1861,75.7414,10236
VIHX,HWR,Halwara International Airport,Halwara,IN-PB,30.7485,75.6298,10007
VIJN,,Jhansi Airport,,IN-UP,25.4912,78.5584,3630
VIJO,JDH,Jodhpur Airport,Jodhpur,IN-RJ,26.2511,73.0489,9005
VIJP,JAI,Jaipur International Airport,Jaipur,IN-RJ,26.8242,75.8122,9177
VIJR,JSA,Jaisalmer Airport,,IN-RJ,26.8887,70.865,9000
VIJU,IXJ,Jammu Airport,Jammu,IN-JK,32.6888,74.8382,6700
VIKA,,Kanpur Civil Airport (Old),Kanpur,IN-UP,26.4409,80.365,3685
VIKG,KQH,Kishangarh Airport Ajmer,Ajmer (Kishangarh),IN-RJ,26.591,74.813,7060
VIKO,KTU,Kota Airport,Kota,IN-RJ,25.1602,75.8456,4078
VILD,LUH,Ludhiana Airport,,IN-PB,30.8547,75.9526,4800
VILH,IXL,Leh Kushok Bakula Rimpochee Airport,Leh,IN-LA,34.1359,77.5465,9040
VILK,LKO,Chaudhary Charan Singh International Airport,Lucknow,IN-UP,26.7606,80.8893,8996
VIPK,IXP,Pathankot Airport,Pathankot,IN-PB,32.2336,75.6344,8970
VIPL,,Patiala Airport,,IN-PB,30.3148,76.3645,3830
VIPT,PGH,Pantnagar Airport,Pantnagar,IN-UP,29.0334,79.4737,4500
VERB,,Fursatganj Airport,Tarauna,IN-UP,26.2485,81.3805,5650
VISA,,Sirsa Air Force Station,,IN-HR,29.5606,75.0061,8987
VISM,SLV,Shimla Airport,Jubbarhatti,IN-HP,31.0818,77.068,4035
VISP,SWN,Sarsawa Air Force Station,Sherpur Naqeebpur,IN-UP,29.9943,77.4246,9000
VISR,SXR,Srinagar International Airport,Srinagar,IN-JK,33.9871,74.7742,12090
VISV,VSV,Shravasti Airport,Shravasti,IN-UP,27.4997,82.0329,5019
VIUT,,Uttarlai Airport,,IN-RJ,25.813,71.4823,9002
VIUX,,Udhampur Air Force Station,Udhampur,IN-JK,32.9022,75.1557,9000
VLHS,HOE,Ban Huoeisay Airport,Huay Xai,LA-BK,20.2573,100.437,4922
VLLB,LPQ,Luang Phabang International Airport,Luang Phabang,LA-LP,19.9043,102.1672,8202
VLLN,LXG,Luang Namtha Airport,Luang Namtha,LA-LM,20.967,101.4,5249
VLPS,PKZ,Pakse International Airport,Pakse,LA-CH,15.134,105.7799,7874
VLSK,ZVK,Savannakhet Airport,,LA-SV,16.5566,104.76,5358
VLSN,NEU,Sam Neua Airport,,LA-HO,20.4184,104.067,3715
VLVT,VTE,Wattay International Airport,Vientiane,LA-VT,17.9851,102.5667,9843
VLXK,XKH,Xieng Khouang Airport,Xieng Khouang,LA-XI,19.45,103.158,8555
SGVM,VMI,Aeropuerto Nacional Doctor Juan Plate,Puerto Vallemi,PY-1,-22.1594,-57.9424,3955
VMMC,MFM,Macau International Airport,Nossa Senhora do Carmo,MO-CAR,22.1496,113.592,10544
VNBP,BHR,Bharatpur Airport,Bharatpur,NP-P3,27.6781,84.4294,3799
VNBW,BWA,Gautam Buddha International Airport,Siddharthanagar (Bhairahawa),NP-P5,27.5046,83.4104,9843
VNCG,BDP,Bhadrapur Airport,Bhadrapur,NP-P1,26.5708,88.0796,3965
VNKT,KTM,Tribhuvan International Airport,Kathmandu,NP-P3,27.6966,85.3591,10991
VNNG,KEP,Nepalgunj Airport,Nepalgunj,NP-P5,28.1036,81.667,4935
VNPK,PKR,Pokhara Domestic Airport,Pokhara,NP-P4,28.2006,83.9812,4720
VNSI,SIF,Simara Airport,Simara,NP-P2,27.1598,84.98,3911
VNVT,BIR,Biratnagar Airport,Biratnagar,NP-P1,26.4815,87.264,4937
VO26,,Kovilpatti Airport,Nallatinputhur,IN-TN,9.1539,77.8212,3967
VO52,,Harihar Airport,Harihar,IN-KA,14.5345,75.7869,4893
VO95,,Hosur Airport,,IN-TN,12.6613,77.7672,7200
VOAR,,INS Rajali / Arakkonam Naval Air Station,Arakkonam,IN-TN,13.0712,79.6912,13460
VOAT,AGX,Agatti Airport,Agatti,IN-LD,10.8237,72.176,4235
VOBG,,HAL Airport,Bangalore,IN-KA,12.95,77.6682,10850
VOBI,BEP,Bellary Airport,Bellary,IN-KA,15.1628,76.8828,3630
VOBL,BLR,Kempegowda International Airport Bengaluru,Bengaluru,IN-KA,13.1979,77.7063,13123
VOBR,IXX,Bidar Airport / Bidar Air Force Station,Bidar,IN-KA,17.9081,77.4871,6955
VOBZ,VGA,Vijayawada International Airport,Vijayawada,IN-AP,16.53,80.8049,11023
VOCB,CJB,Coimbatore International Airport,Coimbatore,IN-TN,11.03,77.0434,8480
VOCC,,INS Garuda / Willingdon Island Naval Air Station,Kochi,IN-KL,9.9461,76.2719,5960
VOCI,COK,Cochin International Airport,Kochi,IN-KL,10.151,76.4008,11155
VOCL,CCJ,Calicut International Airport,Calicut,IN-KL,11.136,75.9552,9383
VOCP,CDP,Kadapa Airport,Kadapa,IN-AP,14.5132,78.7692,6562
VOCX,CBD,Car Nicobar Air Force Base,IAF Camp,IN-AN,9.1531,92.8193,8914
VODG,,Dundigul Air Force Academy,Hyderabad,IN-TG,17.6272,78.4034,8250
VOGA,GOX,Manohar International Airport,Mopa,IN-GA,15.7443,73.8606,11483
VOGB,GBI,Kalaburagi Airport,Kalaburagi,IN-KA,17.3082,76.9652,10417
VOGO,GOI,Goa Dabolim International Airport,Vasco da Gama,IN-GA,15.3801,73.8333,11345
VOHK,,Hakimpet Airport,Secunderabad,IN-TG,17.5535,78.5249,6873
VOHS,HYD,Rajiv Gandhi International Airport,Hyderabad,IN-TG,17.2313,78.4299,13976
VOHY,BPM,Begumpet Airport,Hyderabad,IN-TG,17.4531,78.4676,10600
VOJV,VDY,Jindal Vijaynagar Airport,Toranagallu,IN-KA,15.1759,76.633,5049
VOKN,CNN,Kannur International Airport,Kannur,IN-KL,11.9163,75.545,10007
VOKU,KJB,Kurnool Airport,Orvakal,IN-AP,15.7163,78.1692,6562
VOMD,IXM,Madurai Airport,Madurai,IN-TN,9.8345,78.0934,5990
VOML,IXE,Mangaluru International Airport,Mangaluru,IN-KA,12.9547,74.8868,8035
VOMM,MAA,Chennai International Airport,Chennai,IN-TN,12.99,80.1693,12001
VOMY,MYQ,Mysore Airport,Mysore,IN-KA,12.2298,76.6537,5709
VONS,,Nagarjuna Sagar Airport,Nagarjuna Sagar,IN-AP,16.5416,79.3165,5050
VOPB,IXZ,Veer Savarkar International Airport / INS Utkrosh,Port Blair,IN-AN,11.6402,92.729,10795
VOPC,PNY,Pondicherry Airport,Puducherry (Pondicherry),IN-PY,11.968,79.812,4921
VOPN,PUT,Sri Sathya Sai Airport,Puttaparthi,IN-AP,14.1493,77.7911,7315
VORY,RJA,Rajahmundry Airport,Madhurapudi,IN-AP,17.1058,81.8132,10384
VOSM,SXV,Salem Airport,Salem,IN-TN,11.7833,78.0656,5925
VOSX,,Coimbatore Air Force Station,Sulur,IN-TN,11.0136,77.1597,8255
VOTJ,TJV,Thanjavur Air Force Station,Thanjavur,IN-TN,10.7238,79.1095,5680
VOTK,TCR,Tuticorin Airport,Vagaikulam,IN-TN,8.7242,78.0258,4434
VOTP,TIR,Tirupati International Airport,Tirupati,IN-AP,13.632,79.5399,12500
VOTR,TRZ,Tiruchirappalli International Airport,Tiruchirappalli,IN-TN,10.7629,78.7177,6115
VOTV,TRV,Thiruvananthapuram International Airport,Thiruvananthapuram,IN-KL,8.4819,76.92,11148
VOTX,,Tambaram Air Force Station,Chennai,IN-TN,12.9072,80.1219,5965
VOYK,,Yelahanka Air Force Station,Yelahanka,IN-KA,13.1355,77.606,7205
VQBT,BUT,Bathpalathang Airport,Jakar,BT-33,27.5622,90.7471,3937
VQGP,GLU,Gelephu Airport,Gelephu,BT-31,26.8846,90.4641,4921
VQPR,PBH,Paro International Airport,Paro,BT-11,27.4032,89.4246,7431
VQTY,YON,Yongphulla Airport,Yongphulla,BT-41,27.2563,91.5146,4154
VRDA,NMF,Maafaru International Airport,Noonu Atoll,MV-25,5.8174,73.4684,9350
VRMD,DRV,Dharavandhoo Airport,Baa Atoll,MV-20,5.1561,73.1302,3901
VRMG,GAN,Gan International Airport,Gan,MV-01,-0.693,73.1526,12000
VRMH,HAQ,Hanimaadhoo International Airport,Haa Dhaalu Atoll,MV-23,6.7432,73.1671,8087
VRMK,KDO,Kadhdhoo Airport,Kadhdhoo,MV-05,1.8592,73.5219,4003
VRMM,MLE,Velana International Airport,Malé,MV-MLE,4.1918,73.5291,11155
VRMT,KDM,Kaadedhdhoo Airport,Huvadhu Atoll,MV-28,0.4881,72.9969,4003
VRMU,DDD,Dhaalu Atoll Airport,Kudahuvadhoo,MV-17,2.6661,72.8871,6099
VRMV,VAM,Villa International Airport Maamigili,Maamigili,MV-00,3.4718,72.8326,5905
VTBD,DMK,Don Mueang International Airport,Bangkok,TH-10,13.9126,100.607,12139
VTBH,,Sa Pran Nak Airport,,TH-16,14.9494,100.643,3890
VTBK,KDT,Kamphaeng Saen Airport,Nakhon Pathom,TH-72,14.102,99.9172,9000
VTBL,KKM,Khok Kathiam Airport,Lop Buri,TH-16,14.8746,100.6634,7252
VTBO,TDX,Trat Airport,Laem Ngop,TH-23,12.2746,102.319,5899
VTBP,,Prachuap Airport,Mueang Prachuap Khiri Khan,TH-77,11.7884,99.8047,6562
VTBS,BKK,Suvarnabhumi Airport,Bangkok,TH-10,13.6811,100.747,13123
VTBU,UTP,U-Tapao–Rayong–Pattaya International Airport,Rayong,TH-21,12.6799,101.005,11500
VTBW,,Watthana Nakhon Airport,Watthana Nakhon,TH-27,13.7692,102.316,4922
VTCC,CNX,Chiang Mai International Airport,Chiang Mai,TH-50,18.7668,98.9626,11155
VTCH,HGN,Mae Hong Son Airport,Mae Hong Son,TH-58,19.3013,97.9758,6562
VTCL,LPT,Lampang Airport,,TH-52,18.2709,99.5042,6465
VTCN,NNT,Nan Airport,,TH-55,18.8079,100.783,6562
VTCP,PRH,Phrae Airport,,TH-54,18.1322,100.165,4921
VTCT,CEI,Mae Fah Luang - Chiang Rai International Airport,Chiang Rai,TH-57,19.9523,99.8829,9843
VTPB,PHY,Phetchabun Airport,,TH-67,16.676,101.195,6890
VTPH,HHQ,Hua Hin Airport,Hua Hin,TH-76,12.6362,99.9515,6890
VTPI,TKH,Takhli Royal Thai Air Force Base,Takhli,TH-60,15.2773,100.296,9843
VTPM,MAQ,Mae Sot Airport,,TH-63,16.6999,98.5451,4921
VTPN,,Nakhon Sawan Airport,,TH-60,15.673,100.137,4481
VTPO,THS,Sukhothai Airport,,TH-64,17.238,99.8182,6890
VTPP,PHS,Phitsanulok Airport,Phitsanulok,TH-65,16.7829,100.279,9843
VTPT,TKT,Tak Airport,,TH-63,16.896,99.2533,4921
VTPY,,Khunan Phumipol Airport,,TH-63,17.2342,99.0579,4899
VTSA,,Khoun Khan Airport,,TH-91,6.6614,100.08,3609
VTSB,URT,Surat Thani Airport,Surat Thani,TH-84,9.1326,99.1356,9843
VTSC,NAW,Narathiwat Airport,,TH-96,6.5199,101.743,8202
VTSE,CJM,Chumphon Airport,Chumphon,TH-86,10.7112,99.3617,6890
VTSF,NST,Nakhon Si Thammarat Airport,Nakhon Si Thammarat,TH-80,8.5396,99.9447,6890
VTSG,KBV,Krabi International Airport,Krabi,TH-81,8.0956,98.989,9842
VTSH,SGZ,Songkhla Airport,,TH-90,7.1866,100.608,4954
VTSK,PAN,Pattani Airport,,TH-94,6.7855,101.154,4593
VTSM,USM,Samui International Airport,Na Thon (Ko Samui Island),TH-84,9.5478,100.062,6759
VTSN,,Cha Eian Airport,Nakhon Si Thammarat,TH-80,8.4711,99.9556,7546
VTSP,HKT,Phuket International Airport,Phuket,TH-83,8.1133,98.3174,10171
VTSR,UNN,Ranong Airport,Ranong,TH-85,9.7776,98.5855,6562
VTSS,HDY,Hat Yai International Airport,Hat Yai,TH-90,6.9332,100.393,10007
VTST,TST,Trang Airport,Trang,TH-92,7.5087,99.6166,6890
VTUD,UTH,Udon Thani International Airport,Udon Thani,TH-41,17.3862,102.7886,10000
VTUI,SNO,Sakon Nakhon Airport,,TH-47,17.1951,104.119,8530
VTUJ,PXR,Surin Airport,Surin,TH-32,14.8683,103.498,5053
VTUK,KKC,Khon Kaen Airport,Khon Kaen,TH-40,16.4666,102.784,10007
VTUL,LOE,Loei Airport,,TH-42,17.4391,101.722,6890
VTUN,,Khorat Airport,Nakhon Ratchasima,TH-30,14.9347,102.0789,9843
VTUO,BFV,Buri Ram Airport,Buriram,TH-31,15.2295,103.253,6890
VTUQ,NAK,Nakhon Ratchasima Airport,Chaloem Phra Kiat,TH-30,14.9495,102.313,6890
VTUU,UBP,Ubon Ratchathani Airport,Ubon Ratchathani,TH-34,15.2513,104.87,9848
VTUV,ROI,Roi Et Airport,Roi Et,TH-45,16.1168,103.774,6890
VTUW,KOP,Nakhon Phanom Airport,Nakhon Phanom,TH-48,17.3838,104.643,8203
VTUZ,,Nam Phung Dam Airport,Khon Kaen,TH-40,16.6522,102.967,10359
VV02,,Bien Hoa Air Base,Bien Hoa,VN-SE,10.9767,106.818,10020
VV03,,Haiphong Kien An Airport,Haiphong (Kien An),VN-RRD,20.8034,106.605,8200
VVBM,BMV,Buon Ma Thuot Airport,Buon Ma Thuot,VN-CH,12.6683,108.12,9843
VVCA,VCL,Chu Lai Airport,Tam Nghĩa,VN-SCC,15.4033,108.706,10007
VVCI,HPH,Cat Bi International Airport,Haiphong (Hai An),VN-RRD,20.8174,106.7243,10007
VVCM,CAH,Cà Mau Airport,Ca Mau City,VN-SW,9.1777,105.1778,4921
VVCR,CXR,Cam Ranh International Airport / Cam Ranh Air Base,Nha Trang/nha Trang aiurportCam Ranh,VN-SCC,11.9982,109.219,10000
VVCS,VCS,Con Dao Airport,Con Dao,VN-SE,8.7318,106.633,6004
VVCT,VCA,Can Tho International Airport,Can Tho,VN-SW,10.0834,105.7094,9843
VVDB,DIN,Dien Bien Phu Airport,Dien Bien Phu,VN-NW,21.3975,103.008,7874
VVDH,VDH,Dong Hoi Airport,Dong Hoi,VN-NC,17.515,106.5906,7874
VVDL,DLI,Lien Khuong Airport,Da Lat,VN-CH,11.7506,108.367,10663
VVDN,DAD,Da Nang International Airport,Da Nang,VN-SCC,16.0439,108.199,11483
VVGL,,Gia Lam Air Base,Hanoi  (Long Bien),VN-RRD,21.0405,105.886,6571
VVKP,,Kep Air Base,Kep,VN-NE,21.3946,106.261,7230
VVNB,HAN,Noi Bai International Airport,Hanoi (Soc Son),VN-RRD,21.2212,105.807,12466
VVPB,HUI,Phu Bai International Airport,Huế,VN-NC,16.4006,107.7041,8775
VVPC,UIH,Phu Cat Airport,Quy Nohn,VN-SCC,13.955,109.042,10010
VVPK,PXU,Pleiku Airport,Pleiku,VN-CH,14.0045,108.017,7874
VVPQ,PQC,Phú Quốc International Airport,Phu Quoc Island,VN-SW,10.1698,103.9935,10827
VVPR,PHA,Phan Rang Airport,Phan Rang,VN-SCC,11.6335,108.952,9990
VVRG,VKG,Rach Gia Airport,Rach Gia,VN-SW,9.958,105.1324,4921
VVTH,TBB,Dong Tac Airport,Tuy Hoa,VN-SCC,13.0496,109.334,9520
VVTS,SGN,Tan Son Nhat International Airport,Ho Chi Minh City,VN-SE,10.8188,106.652,12468
VVTX,THD,Tho Xuan Airport,Thanh Hóa,VN-NC,19.9017,105.4678,10499
VVVD,VDO,Van Don International Airport,Van Don,VN-NE,21.1207,107.4154,11811
VVVH,VII,Vinh Airport,Vinh,VN-NC,18.7376,105.671,7875
VY02,,New Magway Airport,Magway,MM-03,20.1536,94.9687,8500
VYAN,VBA,Ann Airport,Aeng,MM-16,19.7692,94.0261,8500
VYAS,,Anisakan Airport,Anisakan,MM-04,21.9554,96.4061,10020
VYBG,NYU,Bagan Airport,Nyaung U,MM-04,21.1788,94.9302,8500
VYBM,BMO,Banmaw Airport,Banmaw,MM-11,24.2704,97.2476,5502
VYBP,VBP,Bokpyinn Airport,Bokpyinn,MM-05,11.1494,98.7359,10024
VYCI,,Coco Island Airport,Cocokyun,MM-06,14.138,93.3679,4443
VYCZ,VBC,Chanmyathazi Airport,Mandalay,MM-04,21.9405,96.0896,6500
VYDW,TVY,Dawei Airport,Dawei,MM-05,14.1039,98.2036,12013
VYHH,HEH,Heho Airport,Heho,MM-17,20.7471,96.792,8500
VYHL,HOX,Hommalinn Airport,Hommalinn,MM-01,24.8996,94.914,11970
VYKG,KET,Kengtung Airport,Kengtung,MM-17,21.3016,99.636,7815
VYKL,KMV,Kalay Airport,Kalemyo,MM-01,23.1888,94.0511,5502
VYKP,KYP,Kyaukpyu Airport,Kyaukpyu,MM-16,19.4264,93.5348,4600
VYKT,KAW,Kawthoung Airport,Kawthoung,MM-05,10.0493,98.538,6000
VYLK,LIW,Loikaw Airport,Loikaw,MM-12,19.6915,97.2148,5200
VYLS,LSH,Lashio Airport,Lashio,MM-17,22.9779,97.7522,5285
VYLY,,Lanywa Airport,Lanywa,MM-03,20.9404,94.8226,3821
VYMD,MDL,Mandalay International Airport,Mandalay,MM-04,21.7022,95.9779,14003
VYME,MGZ,Myeik Airport,Mkeik,MM-05,12.4398,98.6215,8795
VYMK,MYT,Myitkyina Airport,Myitkyina,MM-11,25.3836,97.3519,6100
VYMM,MNU,Mawlamyine Airport,Mawlamyine,MM-15,16.4447,97.6607,5260
VYMO,MOE,Momeik Airport,,MM-17,23.0925,96.6453,4498
VYMS,MOG,Mong Hsat Airport,Mong Hsat,MM-17,20.5168,99.2568,5000
VYMW,MWQ,Magway Airport,Magway,MM-03,20.1656,94.9414,8530
VYMY,NYW,Monywar Airport,Monywar,MM-01,22.2216,95.0935,8530
VYNP,,Nampong Air Base,Myitkyina,MM-11,25.3544,97.2952,11025
VYNS,NMS,Namsang Airport,Namsang,MM-17,20.8905,97.7359,12005
VYNT,NYT,Nay Pyi Taw International Airport,Naypyitaw,MM-04,19.6235,96.201,12000
VYPA,PAA,Hpa-N Airport,Hpa-N,MM-13,16.8937,97.6746,4502
VYPN,BSX,Pathein Airport,Pathein,MM-07,16.8152,94.7799,4400
VYPT,PBU,Putao Airport,Putao,MM-11,27.3299,97.4263,7002
VYPU,PKK,Pakhokku Airport,Pakhokku,MM-03,21.4043,95.1112,8530
VYPY,PRU,Pyay Airport,Pye,MM-02,18.8245,95.266,4502
VYST,,Shante Air Base,Meiktila,MM-04,20.9417,95.9145,8501
VYSW,AKY,Sittwe Airport,Sittwe,MM-16,20.1332,92.8707,6001
VYTD,SNW,Thandwe Airport,Thandwe,MM-16,18.4607,94.3001,5502
VYTL,THL,Tachileik Airport,Tachileik,MM-17,20.4838,99.9354,7002
VYTO,,Taungoo Airport,Taungoo,MM-02,19.0313,96.4012,12005
VYXG,,Kyaukhtu South Airport,Kyaukhtu South,MM-03,21.4067,94.1303,6560
VYYY,RGN,Yangon International Airport,Yangon,MM-06,16.9073,96.1332,11200
WA09,RCE,Roche Harbor Airport,Roche Harbor,US-WA,48.6123,-123.139,4300
WA1B,,Aru Airport,Fekfetal / Jerdera-Trangan Island,ID-MA,-6.5734,134.147,5165
WAAA,UPG,Sultan Hasanuddin International Airport,Makassar,ID-SN,-5.0755,119.5537,10171
WABB,BIK,Frans Kaisiepo Airport,Biak,ID-PA,-1.19,136.108,11715
WAYY,TIM,Mozes Kilangin Airport,Timika,ID-PT,-4.5298,136.8874,7841
WADB,BMU,Sultan Muhammad Salahuddin Airport,Bima,ID-NB,-8.5372,118.685,5405
WADD,DPS,Denpasar I Gusti Ngurah Rai International Airport,"Kuta, Badung",ID-BA,-8.7484,115.1671,9790
WADL,LOP,Lombok International Airport,"Mataram (Pujut, Lombok Tengah)",ID-NB,-8.76,116.2782,10826
WADS,SWQ,Sultan Muhammad Kaharuddin III Airport,Sumbawa Besar,ID-NB,-8.489,117.412,5906
WATK,TMC,Tambolaka Airport,Radamata,ID-NT,-9.4092,119.2426,5905
WATU,WGP,Umbu Mehang Kunda Airport,Waingapu-Sumba Island,ID-NT,-9.6692,120.302,5415
WADY,BWX,Banyuwangi Airport,"Rogojampi, Banyuwangi",ID-JI,-8.3102,114.3401,4593
WAEE,TTE,Sultan Babullah Airport,Ternate,ID-MU,0.831,127.3816,5875
WAEW,OTI,Pitu Airport,Gotalalamo-Morotai Island,ID-MU,2.046,128.325,7880
WAFB,TRT,Toraja Airport,Toraja,ID-SN,-3.1844,119.9191,6562
WAFD,LLO,Bua - Palopo Lagaligo Airport,Palopo,ID-SN,-3.0823,120.2448,4593
WAFF,PLW,Mutiara - SIS Al-Jufrie Airport,Palu,ID-ST,-0.9165,119.9086,6781
WAFJ,MJU,Tampa Padang Airport,Mamuju,ID-SR,-2.59,119.0251,6398
WAFL,TLI,Sultan Bantilan Airport,Toli Toli-Celebes Island,ID-ST,1.1234,120.7937,4593
WAFP,PSJ,Kasiguncu Airport,Poso-Celebes Island,ID-ST,-1.4141,120.6592,3650
WAFU,OJU,Tanjung Api Airport,Tojo Una-Una,ID-ST,-0.8654,121.6286,6070
WAFW,LUW,Syukuran Aminuddin Amir Airport,Luwok,ID-ST,-1.0359,122.7739,6070
WAFZ,,Panua Pohuwato Airport,Pohuwato,ID-GO,0.4618,121.8147,3937
WAGG,PKY,Tjilik Riwut Airport,Palangkaraya,ID-KT,-2.2271,113.9434,8202
WAHI,YIA,Yogyakarta International Airport,Yogyakarta,ID-YO,-7.9053,110.0573,10663
WAHL,CXP,Tunggul Wulung Airport,Cilacap,ID-JT,-7.6451,109.034,4593
WAHP,PWL,Jenderal Besar Soedirman Airport,Purwokerto-Java Island,ID-JT,-7.4612,109.4141,5249
WAHU,KWB,Dewadaru Airport,Karimunjawa,ID-JT,-5.8009,110.4784,3937
WAJJ,DJJ,Dortheys Hiyo Eluay International Airport,Sentani,ID-PA,-2.5796,140.5199,9842
WAKK,MKQ,Mopah International Airport,Merauke,ID-PS,-8.5239,140.4197,6070
WAGD,TJS,Tanjung Harapan Airport,Tanjung Selor-Borneo Island,ID-KU,2.8381,117.3746,3773
WALL,BPN,Sultan Aji Muhammad Sulaiman Sepinggan International Airport,Balikpapan,ID-KI,-1.2683,116.8945,8202
WALQ,,Muara Badak Pujangan Airport,Muara Badak-Borneo Island,ID-KI,-0.306,117.4157,3937
WAQQ,TRK,Juwata International Airport / Suharnoko Harbani AFB,Tarakan,ID-KU,3.3251,117.5642,7382
WALS,AAP,Aji Pangeran Tumenggung Pranoto International Airport,Samarinda,ID-KI,-0.3745,117.2501,7382
WALT,,Tanjung Santan Airport,Santan-Borneo Island,ID-KI,-0.0926,117.4391,4501
WAQK,,Mangkajang Airport,Mangkajang-Borneo Island,ID-KI,2.0072,117.749,5690
WAMG,GTO,Jalaluddin Airport,Gorontalo,ID-GO,0.6371,122.85,8202
WAMH,NAH,Naha Airport,"Tabukan Utara, Sangihe Islands",ID-SA,3.6848,125.5272,3597
WAMI,LKM,Bolaang Mongondow Airport,Lolak,ID-SA,0.8885,124.0336,5249
WAMM,MDC,Sam Ratulangi International Airport,Manado,ID-SA,1.5486,124.9262,8693
WAMN,MNA,Melangguane Airport,Karakelong Island,ID-SA,4.0103,126.6732,4593
WAMO,BRG,Siau/Sitaro Airport,Balirangen,ID-SA,2.6486,125.4233,4625
WAMP,MWS,Indonesia Morowali Industrial Park (IMIP) Airport,Morowali,ID-ST,-2.7993,122.1414,6201
WAOC,BTW,Bersujud Airport,Batu Licin,ID-KS,-3.4124,115.995,5930
WAOH,,Kota Baru Airport,"Mekar Putih, Kotabaru",ID-KS,-3.9896,116.1015,4100
WAGI,PKN,Iskandar Airport,Pangkalanbun,ID-KT,-2.7052,111.673,5415
WAOK,KBU,Gusti Syamsir Alam Airport,Stagen,ID-KS,-3.2948,116.1638,5413
WAON,TJG,Warukin Airport,Tanta-Tabalong,ID-KS,-2.2166,115.436,4601
WAOO,BDJ,Syamsudin Noor International Airport,Banjarbaru,ID-KS,-3.4401,114.7612,8202
WAGS,SMQ,Sampit (H.Asan) Airport,Sampit,ID-KT,-2.4992,112.975,6060
WAPF,LUV,Karel Sadsuitubun Airport,Langgur,ID-MA,-5.7603,132.7594,7710
WAEL,LAH,Oesman Sadik Airport,Labuha-Halmahera Island,ID-MU,-0.6338,127.5054,4300
WAPK,BJK,Benjina Airport,Maikoor Island,ID-MA,-6.0661,134.274,4265
WAPL,,Dumatubin Airport,Langgur,ID-MA,-5.6616,132.731,4265
WAPN,NAM,Namniwel Airport,Namniwel,ID-MA,-3.1432,126.9765,5249
WAPP,AMQ,Pattimura International Airport,Ambon,ID-MA,-3.7103,128.089,8202
WAQT,BEJ,Kalimarau Airport,Tanjung Redeb - Borneo Island,ID-KI,2.1478,117.4307,4625
WARA,MLG,Abdul Rachman Saleh Airport,Malang,ID-JI,-7.9291,112.7142,8202
WARE,JBB,Notohadinegoro Airport,Jember,ID-JI,-8.2425,113.6935,5594
WARI,,Iswahjudi Air Base,Magetan,ID-JI,-7.6158,111.434,10030
WAHH,JOG,Adisutjipto International Airport,Yogyakarta,ID-YO,-7.7882,110.432,7215
WAHQ,SOC,Adisoemarmo International Airport,Surakarta,ID-JT,-7.516,110.7575,8530
WARR,SUB,Juanda International Airport,Surabaya,ID-JI,-7.3798,112.787,9843
WAHS,SRG,Jenderal Ahmad Yani Airport,Semarang,ID-JT,-6.9707,110.3732,8399
WART,SUP,Trunojoyo Airport,Sumenep,ID-JI,-7.0224,113.8877,5249
WASK,KNG,Utarom Airport,Kaimana,ID-PB,-3.6446,133.6951,5249
WASN,RJM,Marinda Airport,Waisai,ID-PD,-0.425,130.7735,4396
WASO,BXB,Babo Airport,Babo,ID-PB,-2.5322,133.439,4280
WAUU,MKW,Rendani Airport,Manokwari,ID-PB,-0.8918,134.049,6562
WASS,SOQ,Domine Eduard Osok Airport,Sorong,ID-PB,-0.894,131.287,6070
WATA,ABU,AA Bere Tallo (Haliwen) Airport,Atambua,ID-NT,-9.0748,124.9033,3937
WATB,BJW,Bajawa Soa (Turelelo) Airport,"Soa, Ngada",ID-NT,-8.7078,121.0582,4588
WATC,MOF,Frans Xavier Seda Airport,Waioti,ID-NT,-8.6395,122.2381,5980
WATE,ENE,H. Hasan Aroeboesman (Ende) Airport,Ende,ID-NT,-8.8491,121.661,5440
WATG,RTG,Frans Sales Lega Airport,"Satar Tacik, Manggarai",ID-NT,-8.5962,120.4782,4186
WATM,ARD,Alor Island - Mali Airport,Kabola,ID-NT,-8.1323,124.597,4586
WATO,LBJ,Komodo Airport,"Labuan Bajo, Manggarai Barat",ID-NT,-8.4807,119.8883,7381
WATR,RTI,David Constantijn Saudale Airport,Ba'a - Rote Island,ID-NT,-10.7658,123.076,5413
WATT,KOE,El Tari Airport,Kupang,ID-NT,-10.1716,123.671,8202
WAVV,WMX,Wamena Airport,Wamena,ID-PP,-4.0973,138.9524,7135
WAWB,BUW,Betoambari Airport,Bau Bau,ID-SG,-5.486,122.5698,5905
WAWD,WNI,Matahora Airport,Wangi-wangi Island,ID-SG,-5.2921,123.6362,6959
WAWP,KXB,Sangia Nibandera Airport,Kolaka,ID-SG,-4.3382,121.524,6070
WAWW,KDI,Haluoleo Airport,Kendari,ID-SG,-4.0816,122.418,6890
WBGB,BTU,Bintulu Airport,Bintulu,MY-13,3.1239,113.02,9006
WBGG,KCH,Kuching International Airport,Kuching,MY-13,1.4874,110.3529,12402
WBGJ,LMN,Limbang Airport,Limbang,MY-13,4.8083,115.01,4922
WBGK,MKM,Mukah Airport,Mukah,MY-13,2.8819,112.0433,4921
WBGR,MYY,Miri Airport,Miri,MY-13,4.322,113.987,9006
WBGS,SBW,Sibu Airport,Sibu,MY-13,2.2616,111.985,9036
WBKD,LDU,Lahad Datu Airport,Lahad Datu,MY-12,5.0324,118.3238,4498
WBKK,BKI,Kota Kinabalu International Airport,Kota Kinabalu,MY-12,5.9327,116.0493,12402
WBKL,LBU,Labuan Airport,Labuan,MY-15,5.3017,115.2483,9006
WBKS,SDK,Sandakan Airport,Sandakan,MY-12,5.9009,118.059,8202
WBKW,TWU,Tawau Airport,Tawau,MY-12,4.3134,118.1215,8800
WBMU,MZV,Mulu Airport,Mulu,MY-13,4.0483,114.805,4921
WBSB,BWN,Brunei International Airport,Bandar Seri Begawan,BN-BM,4.9442,114.928,12000
WBTM,TGC,Tanjung Manis Airport,Belawai,MY-13,2.1778,111.202,4912
WI1B,,Suparlan Batujajar Airport,Bandung,ID-JB,-6.9036,107.4756,5420
WI1G,,Gading Wonosari Airport,Gunung Kidul,ID-YO,-7.9169,110.5654,3965
WI31,,Minnesuing Airport,Lake Nebagamon,US-WI,46.4108,-91.6538,5300
WIBB,PKU,Sultan Syarif Kasim II International Airport / Roesmin Nurjadin AFB,Pekanbaru,ID-RI,0.4586,101.4443,7360
WIBD,DUM,Pinang Kampai Airport,Dumai,ID-RI,1.609,101.4335,5905
WIBJ,RGT,Japura Airport,Rengat-Sumatra Island,ID-RI,-0.3528,102.335,4265
WIRR,RTO,Budiarto Airport,Tangerang-Java Island,ID-BT,-6.2932,106.57,5975
WICC,BDO,Husein Sastranegara International Airport,Bandung,ID-JB,-6.9006,107.576,7381
WICD,CBN,Cakrabhuwana  Airport,Cirebon-Java Island,ID-JB,-6.757,108.5388,4131
WICM,TSY,Wiriadinata Airport,"Cibeureum, Tasikmalaya-Java Island",ID-JB,-7.348,108.247,3590
WICN,CJN,Nusawiru Airport,Cijulang,ID-JB,-7.7199,108.489,4549
WIDD,BTH,Hang Nadim International Airport,Batam,ID-KR,1.121,104.119,13218
WIBG,PPR,Tuanku Tambusai Airport,Pasir Pengarayan,ID-RI,0.8454,100.3702,4240
WIDM,MWK,Matak Airport,Palmatak,ID-KR,3.3481,106.258,3905
WIDN,TNJ,Raja Haji Fisabilillah International Airport,Tanjung Pinang-Bintan Island,ID-KR,0.924,104.5334,7380
WIDS,SIQ,Dabo Airport,Pasirkuning-Singkep Island,ID-KR,-0.4796,104.5795,3839
WIHH,HLP,Halim Perdanakusuma International Airport,Jakarta,ID-JK,-6.267,106.8903,9843
WIHP,PCB,Pondok Cabe Air Base,Jakarta,ID-JK,-6.337,106.765,6516
WIII,CGK,Soekarno-Hatta International Airport,Jakarta,ID-BT,-6.1256,106.656,12008
WILL,TKG,Radin Inten II International Airport,Bandar Lampung,ID-LA,-5.2468,105.1825,9088
WILP,TFY,Muhammad Taufiq Kiemas Airport,Krui,ID-LA,-5.2116,103.9365,4300
WIMA,LSW,Malikus Saleh Airport,Lhok Seumawe-Sumatra Island,ID-AC,5.2267,96.9503,6070
WIMB,GNS,Binaka Airport,Gunungsitoli,ID-SU,1.1663,97.7052,4445
WIME,AEG,Aek Godang Airport,Padang Sidempuan,ID-SU,1.4001,99.4305,4580
WIMK,MES,Soewondo Air Force Base,Medan,ID-SU,3.5584,98.6723,9514
WIMM,KNO,Kualanamu International Airport,Beringin,ID-SU,3.6378,98.8706,12303
WIMN,DTB,Silangit Airport,Siborong-Borong,ID-SU,2.2597,98.9919,7875
WIMS,FLZ,Dr. Ferdinand Lumban Tobing Airport,Sibolga (Pinangsori),ID-SU,1.5571,98.8871,5655
WIMU,LSR,Alas Leuser Airport,Kutacane,ID-AC,3.3915,97.8637,5358
WIKT,TJQ,H A S Hanandjoeddin International Airport,Tanjung Pandan,ID-BB,-2.7441,107.7545,8202
WIOK,KTG,Rahadi Osman Airport,Ketapang,ID-KB,-1.8172,109.9635,4585
WIDO,NTX,Ranai Airport,Ranai-Natuna Besar Island,ID-KR,3.9087,108.388,8410
WIOO,PNK,Supadio International Airport,Pontianak,ID-KB,-0.1523,109.4045,7380
WIJJ,DJB,Sultan Thaha Airport,Jambi,ID-JA,-1.6387,103.6451,8537
WIPB,LLJ,Silampari Airport,Lubuk Linggau,ID-SS,-3.2882,102.9145,4428
WIJB,BUU,Muara Bungo Airport,Muara Bungo,ID-JA,-1.5416,102.1816,4430
WIKK,PGK,Depati Amir Airport,Pangkal Pinang,ID-BB,-2.1622,106.139,7382
WIGG,BKS,Fatmawati Soekarno Airport,Bengkulu,ID-BE,-3.8637,102.339,7345
WIPO,,Gatot Subrato Airport,Batu Raja-Sumatra Island,ID-LA,-4.3918,104.401,6890
WIPP,PLM,Sultan Mahmud Badaruddin II Airport,Palembang,ID-SS,-2.8977,104.6981,8202
WIPQ,PDO,Pendopo Airport,Talang Gudang-Sumatra Island,ID-SS,-3.2861,103.88,4265
WIEE,PDG,Minangkabau International Airport,Padang (Katapiang),ID-SB,-0.786,100.2804,9843
WIMT,TPK,Teuku Cut Ali Airport,Tapaktuan,ID-AC,3.169,97.2883,4170
WITK,TXE,Rembele Airport,Takengon,ID-AC,4.7211,96.8519,3837
WITL,LSX,Lhok Sukon Airport,Lhok Sukon-Sumatra Island,ID-AC,5.0695,97.2592,3675
WITN,SBG,Maimun Saleh Airport,Sabang,ID-AC,5.8747,95.3397,6050
WITT,BTJ,Sultan Iskandar Muda International Airport,Banda Aceh,ID-AC,5.5251,95.42,9843
WMGK,,Gong Kedak Airport,,MY-03,5.7996,102.484,6600
WMKA,AOR,Sultan Abdul Halim Airport,Alor Satar,MY-02,6.1897,100.398,9005
WMKB,BWH,RMAF Butterworth Air Base,Butterworth,MY-07,5.4659,100.391,8000
WMKC,KBR,Sultan Ismail Petra Airport,Kota Baharu,MY-03,6.1669,102.293,7874
WMKD,KUA,Kuantan Airport,Kuantan,MY-06,3.7754,103.209,9200
WMKE,KTE,Kerteh Airport,Kerteh,MY-11,4.5372,103.427,4446
WMKF,,Simpang Airport,Kuala Lumpur,MY-14,3.1123,101.703,6205
WMKI,IPH,Sultan Azlan Shah Airport,Ipoh,MY-08,4.5673,101.0916,5900
WMKJ,JHB,Senai International Airport,Johor Bahru,MY-01,1.6413,103.67,12467
WMKK,KUL,Kuala Lumpur International Airport,Sepang,MY-10,2.7456,101.71,13530
WMKL,LGK,Langkawi International Airport,Langkawi,MY-02,6.3297,99.7287,12500
WMKM,MKZ,Malacca International Airport,Malacca,MY-04,2.2656,102.2528,7005
WMKN,TGG,Sultan Mahmud Airport,Kuala Terengganu,MY-11,5.3826,103.103,11417
WMKP,PEN,Penang International Airport,Penang,MY-07,5.2963,100.2762,10997
WMSA,SZB,Sultan Abdul Aziz Shah International Airport,Subang,MY-10,3.1306,101.549,12401
WN53,,Frontier Airpark,Lake Stevens,US-WA,48.1108,-122.063,3800
WAPS,SXK,Mathilda Batlayeri Airport,Saumlaki-Yamdena Island,ID-MA,-7.8484,131.3371,6562
WPDB,UAI,"Commander in Chief of FALINTIL, Kay Rala Xanana Gusmão, International Airport",Suai,TL-CO,-9.3019,125.2863,4921
WPDL,DIL,Presidente Nicolau Lobato International Airport,Dili,TL-DI,-8.5466,125.5245,6065
WPEC,BCH,Baucau Airport,Baucau,TL-BA,-8.4865,126.4,8233
WPOC,OEC,Oecusse Route of the Sandalwood International Airport,Oecussi-Ambeno,TL-OE,-9.1984,124.3379,7218
WAQA,NNX,Nunukan Airport,Nunukan-Nunukan Island,ID-KU,4.134,117.6695,3609
WS51,,Leeward Farm Airport,Soldiers Grove,US-WI,43.3528,-90.681,3791
WSAG,,Sembawang Air Base,Sembawang,SG-03,1.4253,103.813,6255
WSAP,QPG,Paya Lebar Air Base,Paya Lebar,SG-04,1.3604,103.91,12401
WSAT,TGA,Tengah Air Base,Western Water Catchment,SG-03,1.3876,103.7083,8999
WSSL,XSP,Seletar Airport,Seletar,SG-02,1.4156,103.8667,6023
WSSS,SIN,Singapore Changi Airport,Singapore,SG-04,1.3502,103.994,13123
WT18,,Meise Field,Moses Lake,US-WA,47.1846,-119.2231,3634
WV52,,Green Bank Observatory Airport,Green Bank,US-WV,38.4308,-79.8255,3500
WY00,,Red Reflet Ranch Airport,Ten Sleep,US-WY,43.9677,-107.3797,5000
WY11,,A Bar A Ranch Airstrip,Encampment,US-WY,41.1556,-106.556,5704
WY33,,Antelope Run Ranch Airport,Daniel,US-WY,42.8169,-110.278,7500
X-MMTG,,Francisco Sarabia National Airport,Tuxtla Gutiérrez,MX-CHP,16.7697,-93.3415,8220
XA05,,Fairview Field,Sudan,US-TX,34.1016,-102.6271,3960
XA08,,Los Cuernos Ranch Airport,Cotulla,US-TX,28.1574,-99.0955,4740
XA66,,El Jardin Ranch Airport,Encinal,US-TX,28.075,-99.2864,6302
XA89,,Faith Ranch Airport,Carrizo Springs,US-TX,28.2087,-100.019,5305
XA93,,Tortuga Ranch Airport,Brundage,US-TX,28.6185,-99.6538,4700
XK-0010,,Gjakovë Air Base,Gjakovë,XK-07,42.4351,20.4278,5904
XP-0003,,Yongxing Dao (Woody Island) Air Base,Woody Island,XP-U-A,16.8328,112.344,8858
XRMU,,Khankala Air Base,Grozny,RU-CE,43.2981,45.7841,8210
XRWL,,Lebyazhye Air Base,Kamyshin,RU-VGG,50.2017,45.2083,8202
XS20,,Dos Arroyos Ranch Airport,Mountain Home,US-TX,30.1541,-99.2978,3700
XS44,,Rancho del Cielo Airport,Fort Davis,US-TX,31.0153,-104.212,6280
XS59,,Mellon Ranch Airport,Refugio,US-TX,28.2808,-97.2114,4650
XS67,,San Jose Island Airport,Rockport,US-TX,27.9445,-96.985,4901
XS71,,San Christoval Ranch Airport,Pawnee,US-TX,28.7481,-98.045,3955
XS75,,West Ranch Airport,Round Mountain,US-TX,30.4544,-98.4892,5561
XS93,,Diamond O Ranch Airport,Santa Elena,US-TX,26.7206,-98.5604,4259
XS94,,Corralitos Airport,San Ygnacio,US-TX,27.111,-99.4233,5418
YABA,ALH,Albany Airport,Albany,AU-WA,-34.9433,117.8089,5906
YALP,,Alpurrurulam Airport,Alpurrurulam,AU-NT,-20.9849,137.8329,4152
YAMB,,RAAF Base Amberley,,AU-QLD,-27.6354,152.7112,9997
YARA,ARY,Ararat Airport,Ararat,AU-VIC,-37.31,142.9887,4068
YARG,GYL,Argyle Airport,,AU-WA,-16.6369,128.4514,7546
YARM,ARM,Armidale Airport,Armidale,AU-NSW,-30.5281,151.617,5702
YAYE,AYQ,Ayers Rock Connellan Airport,Yulara,AU-NT,-25.1859,130.977,8527
YAYR,AYR,Ayr Airport,Ayr,AU-QLD,-19.5958,147.3245,4796
YBAF,,Brisbane Archerfield Airport,Brisbane,AU-QLD,-27.5724,153.0042,4859
YBAR,BCI,Barcaldine Airport,Barcaldine,AU-QLD,-23.5663,145.3021,5591
YBAS,ASP,Alice Springs Airport,Alice Springs,AU-NT,-23.8066,133.9034,7999
YBBN,BNE,Brisbane International Airport,Brisbane,AU-QLD,-27.3842,153.117,11680
YBCG,OOL,Gold Coast Airport,Gold Coast,AU-QLD,-28.166,153.5066,8176
YBCK,BKQ,Blackall Airport,Blackall,AU-QLD,-24.4317,145.4297,5538
YBCS,CNS,Cairns International Airport,Cairns,AU-QLD,-16.8789,145.7495,10489
YBCV,CTL,Charleville Airport,Charleville,AU-QLD,-26.4133,146.262,5000
YBDG,BXG,Bendigo Airport,,AU-VIC,-36.7394,144.33,5249
YBDV,BVI,Birdsville Airport,,AU-QLD,-25.8975,139.348,5682
YBHI,BHQ,Broken Hill Airport,Broken Hill,AU-NSW,-32.0014,141.472,8251
YBHM,HTI,Hamilton Island Airport,Hamilton Island,AU-QLD,-20.3581,148.952,5591
YBIE,BEU,Bedourie Airport,Bedourie,AU-QLD,-24.3461,139.46,4921
YBKE,BRK,Bourke Airport,,AU-NSW,-30.0392,145.952,6004
YBKT,BUC,Burketown Airport,,AU-QLD,-17.7486,139.534,4501
YBLN,BQB,Busselton Margaret River Regional Airport,Busselton,AU-WA,-33.6872,115.4003,8071
YBLT,,Ballarat Airport,,AU-VIC,-37.5117,143.791,4150
YBMA,ISA,Mount Isa Airport,Mount Isa,AU-QLD,-20.6664,139.4885,8399
YBMK,MKY,Mackay Airport,Mackay,AU-QLD,-21.1708,149.1826,6499
YBNA,BNK,Ballina Byron Gateway Airport,Ballina,AU-NSW,-28.8332,153.5615,6234
YBNS,BSJ,Bairnsdale Airport,Bairnsdale,AU-VIC,-37.8875,147.5694,3612
YBOK,OKY,Oakey Army Aviation Centre,,AU-QLD,-27.4093,151.7367,5410
YBOU,BQL,Boulia Airport,,AU-QLD,-22.9133,139.9,4180
YBPN,PPP,Proserpine Whitsunday Coast Airport,Proserpine,AU-QLD,-20.4944,148.5536,6801
YBRK,ROK,Rockhampton Airport,Rockhampton,AU-QLD,-23.38,150.4754,8622
YBRL,BOX,Borroloola Airport,,AU-NT,-16.0753,136.302,3770
YBRM,BME,Broome International Airport,Broome,AU-WA,-17.9492,122.2283,7769
YBRN,BZD,Balranald Airport,,AU-NSW,-34.6248,143.5771,3888
YBRW,BWQ,Brewarrina Airport,,AU-NSW,-29.9758,146.8144,4547
YBSG,,RAAF Base Scherger,Mission River,AU-QLD,-12.6239,142.087,10003
YBSU,MCY,Sunshine Coast Airport,Maroochydore,AU-QLD,-26.5933,153.0832,9186
YBTH,BHS,Bathurst Airport,Bathurst,AU-NSW,-33.4068,149.6512,5594
YBTI,BRT,Bathurst Island Airport,Wurrumiyanga,AU-NT,-11.765,130.6158,4823
YBTL,TSV,Townsville Airport / RAAF Base Townsville,Townsville,AU-QLD,-19.2529,146.7665,7999
YBTR,BLT,Blackwater Airport,,AU-QLD,-23.6031,148.807,5023
YBUD,BDB,Bundaberg Airport,Bundaberg,AU-QLD,-24.905,152.3226,6562
YBWG,,Bronzewing Airport,,AU-WA,-27.3656,121.036,6692
YBWP,WEI,Weipa Airport,Weipa,AU-QLD,-12.6775,141.9226,5397
YBWW,WTB,Toowoomba Wellcamp Airport,Toowoomba,AU-QLD,-27.5583,151.7933,9416
YBWX,BWB,Barrow Island Airport,,AU-WA,-20.8644,115.4061,6234
YCAR,CVQ,Carnarvon Airport,Carnarvon,AU-WA,-24.8843,113.6664,5509
YCAS,CSI,Casino Airport,,AU-NSW,-28.8813,153.0607,3609
YCBA,CAZ,Cobar Airport,,AU-NSW,-31.5383,145.794,5564
YCBB,COJ,Coonabarabran Airport,,AU-NSW,-31.3325,149.267,4987
YCCY,CNJ,Cloncurry Airport,Cloncurry,AU-QLD,-20.6686,140.504,6562
YCDO,CBX,Condobolin Airport,,AU-NSW,-33.0656,147.2132,4501
YCDU,CED,Ceduna Airport,,AU-SA,-32.1306,133.71,5709
YCEE,CVC,Cleve Airport,,AU-SA,-33.7097,136.505,4429
YCFS,CFS,Coffs Harbour Airport,Coffs Harbour,AU-NSW,-30.3206,153.116,6824
YCHK,CKW,Christmas Creek Airport,Christmas Creek Mine,AU-WA,-22.3543,119.6426,8202
YCIN,DCN,RAAF Base Curtin,Derby,AU-WA,-17.5814,123.8283,10003
YCKN,CTN,Cooktown Airport,,AU-QLD,-15.4436,145.1832,5338
YCMT,CMQ,Clermont Airport,,AU-QLD,-22.7731,147.621,4301
YCMU,CMA,Cunnamulla Airport,,AU-QLD,-28.03,145.622,5686
YCNK,CES,Cessnock Airport,,AU-NSW,-32.7875,151.342,3600
YCNM,CNB,Coonamble Airport,,AU-NSW,-30.9809,148.3778,5010
YCNY,,Century Mine Airport,,AU-QLD,-18.7593,138.7097,5734
YCOE,CUQ,Coen Airport,Coen,AU-QLD,-13.7611,143.1133,4107
YCOM,OOM,Cooma Snowy Mountains Airport,Cooma,AU-NSW,-36.3004,148.9724,6955
YCOR,CWW,Corowa Airport,,AU-NSW,-35.9947,146.357,5994
YCPT,,Carrapateena Airport,Carrapateena mine,AU-SA,-31.3083,137.4434,5249
YCRG,CYG,Corryong Airport,,AU-VIC,-36.1828,147.888,4596
YCTM,CMD,Cootamundra Airport,,AU-NSW,-34.6243,148.0366,4682
YCUN,,Cunderdin Airport,,AU-WA,-31.6222,117.2167,6089
YCWA,CJF,Coondewanna Airport,Coondewanna,AU-WA,-22.9667,118.8133,6398
YCWR,CWT,Cowra Airport,,AU-NSW,-33.8469,148.648,5348
YDAY,DBY,Dalby Airport,,AU-QLD,-27.1585,151.2634,4160
YDBI,DRN,Dirranbandi Airport,,AU-QLD,-28.5879,148.2172,3993
YDBY,DRB,Derby Airport,Derby,AU-WA,-17.3719,123.6622,5696
YDLQ,DNQ,Deniliquin Airport,Deniliquin,AU-NSW,-35.5594,144.946,3999
YDMG,DMD,Doomadgee Airport,,AU-QLD,-17.9403,138.822,5433
YDOD,,Donald Airport,,AU-VIC,-36.3603,143.008,3825
YDPO,DPO,Devonport Airport,Devonport,AU-TAS,-41.1697,146.43,6030
YDYS,DYA,Dysart Airport,,AU-QLD,-22.6222,148.364,5085
YECH,ECH,Echuca Airport,,AU-VIC,-36.1572,144.762,3615
YELD,ELC,Elcho Island Airport,Elcho Island,AU-NT,-12.0194,135.571,4724
YEML,EMD,Emerald Airport,Emerald,AU-QLD,-23.5675,148.179,6234
YESP,EPR,Esperance Airport,Esperance,AU-WA,-33.6844,121.823,4921
YEVD,EVH,Evans Head Aerodrome,,AU-NSW,-29.1018,153.4193,4275
YEWA,WHB,Eliwana,,AU-WA,-22.4284,116.8879,8202
YFBS,FRB,Forbes Airport,Forbes,AU-NSW,-33.3636,147.935,4029
YFDF,KFE,Fortescue - Dave Forrest Aerodrome,Cloudbreak Village,AU-WA,-22.2908,119.4371,7546
YFRT,FOS,Forrest Airport,,AU-WA,-30.8366,128.1128,4984
YFTZ,FIZ,Fitzroy Crossing Airport,,AU-WA,-18.1836,125.5598,4265
YGAY,GAH,Gayndah Airport,Gayndah,AU-QLD,-25.6159,151.6206,4150
YGDH,GUH,Gunnedah Airport,,AU-NSW,-30.9575,150.249,5400
YGDI,GOO,Goondiwindi Airport,,AU-QLD,-28.5214,150.32,4396
YGEL,GET,Geraldton Airport,Moonyoonooka,AU-WA,-28.7961,114.707,7838
YGFN,GFN,Clarence Valley Regional Airport,Grafton,AU-NSW,-29.7548,153.0312,5607
YGIA,GBW,Ginbata Airport,Ginbata,AU-WA,-22.5812,120.0355,8202
YGIG,,RAAF Gingin,,AU-WA,-31.4653,115.863,5997
YGLA,GLT,Gladstone Airport,Gladstone,AU-QLD,-23.8698,151.2254,5364
YGLB,GUL,Goulburn Airport,,AU-NSW,-34.8103,149.726,4209
YGLI,GLI,Glen Innes Airport,Glen Innes,AU-NSW,-29.676,151.6912,4915
YGTE,GTE,Groote Eylandt Airport,Groote Eylandt,AU-NT,-13.9724,136.4586,6237
YGTH,GFF,Griffith Airport,Griffith,AU-NSW,-34.2508,146.067,4931
YGTN,GTT,Georgetown Airport,Georgetown,AU-QLD,-18.3027,143.5309,3799
YGYM,GYP,Gympie Airport,,AU-QLD,-26.2901,152.703,4600
YHAY,HXX,Hay Airport,,AU-NSW,-34.5314,144.83,4800
YHBA,HVB,Hervey Bay Airport,Hervey Bay,AU-QLD,-25.3201,152.8807,6561
YHID,HID,Horn Island Airport,Horn,AU-QLD,-10.5856,142.2928,4557
YHLC,HCQ,Halls Creek Airport,,AU-WA,-18.2339,127.67,4839
YHLS,,Hillston Airport,,AU-NSW,-33.4933,145.523,4262
YHML,HLT,Hamilton Airport,,AU-VIC,-37.6489,142.065,4606
YHOT,MHU,Mount Hotham Airport,Mount Hotham,AU-VIC,-37.0475,147.334,4762
YHPN,HTU,Hopetoun Airport,,AU-VIC,-35.7153,142.36,3730
YHSM,HSM,Horsham Airport,,AU-VIC,-36.6697,142.173,4337
YHUG,HGD,Hughenden Airport,Hughenden,AU-QLD,-20.815,144.225,5394
YIFL,IFL,Innisfail Airport,,AU-QLD,-17.5594,146.012,4439
YIGM,IGH,Ingham Airport,,AU-QLD,-18.6641,146.1458,5006
YIMB,,Kimba Airport,Kimba,AU-SA,-33.0932,136.4663,5183
YIVL,IVR,Inverell Airport,Inverell,AU-NSW,-29.8883,151.144,6936
YIVO,,Ivanhoe Airport,Ivanhoe,AU-NSW,-32.8824,144.3107,4088
YJBY,,Jervis Bay Airport,Jervis Bay Territory,AU-ACT,-35.1458,150.6963,5000
YJLC,JCK,Julia Creek Airport,,AU-QLD,-20.6683,141.723,4600
YKAR,KQR,Karara Airport,Karara,AU-WA,-29.2172,116.6872,4593
YKBR,KAX,Kalbarri Airport,Kalbarri,AU-WA,-27.6928,114.2592,5246
YKBY,KBY,Streaky Bay Airport,,AU-SA,-32.8366,134.293,4432
YKDD,OOD,Koodaideri Mine Airport,Koodaideri Mine,AU-WA,-22.5043,119.0768,7612
YKER,KRA,Kerang Airport,,AU-VIC,-35.7514,143.939,3501
YKII,KNS,King Island Airport,,AU-TAS,-39.8775,143.878,5198
YKKG,KFG,Kalkgurung Airport,,AU-NT,-17.4319,130.808,4101
YKLC,KCI,Koolan Central Airport,Koolan Island,AU-WA,-16.125,123.735,6890
YKMP,KPS,Kempsey Airport,,AU-NSW,-31.0723,152.7653,5413
YKOW,KWM,Kowanyama Airport,Kowanyama,AU-QLD,-15.4854,141.7526,4528
YKRY,KGY,Kingaroy Airport,,AU-QLD,-26.5811,151.8399,5249
YKSC,KGC,Kingscote Airport,,AU-SA,-35.7139,137.521,4600
YLEC,LGH,Leigh Creek Airport,,AU-SA,-30.5983,138.426,5610
YLED,,Lethbridge Airpark,,AU-VIC,-37.9212,144.1031,3608
YLEO,LNO,Leonora Airport,Leonora,AU-WA,-28.8781,121.315,6621
YLHR,IRG,Lockhart River Airport,Lockhart River,AU-QLD,-12.7869,143.305,4919
YLIS,LSY,Lismore Airport,Lismore,AU-NSW,-28.8307,153.2584,5404
YLLE,BBL,Ballera Airport,,AU-QLD,-27.4056,141.8095,5906
YLRD,LHG,Lightning Ridge Airport,,AU-NSW,-29.4529,147.9771,4613
YLRE,LRE,Longreach Airport,Longreach,AU-QLD,-23.432,144.2775,6352
YLST,LER,Leinster Airport,,AU-WA,-27.8433,120.703,5906
YLTN,LVO,Laverton Airport,Laverton,AU-WA,-28.6143,122.4287,5906
YLTV,TGN,Latrobe Valley Airport,Morwell,AU-VIC,-38.211,146.4708,4692
YMAV,AVV,Melbourne Avalon International Airport,Geelong/Melbourne,AU-VIC,-38.0403,144.4672,10000
YMAY,ABX,Albury Airport,East Albury,AU-NSW,-36.0668,146.9591,6234
YMBA,MRG,Mareeba Airport,Mareeba,AU-QLD,-17.0703,145.4242,4938
YMBT,,Mount Beauty Airport,Mount Beauty,AU-VIC,-36.7316,147.1689,4921
YMCT,MLR,Millicent Airport,,AU-SA,-37.5836,140.366,3937
YMDG,DGE,Mudgee Airport,Mudgee,AU-NSW,-32.5648,149.6095,5705
YMEK,MKR,Meekatharra Airport,,AU-WA,-26.6117,118.548,7156
YMEN,MEB,Melbourne Essendon Airport,Essendon Fields,AU-VIC,-37.7281,144.902,6302
YMER,MIM,Merimbula Airport,Merimbula,AU-NSW,-36.9086,149.901,5256
YMES,,RAAF Base East Sale,,AU-VIC,-38.0989,147.149,7995
YMGD,MNG,Maningrida Airport,Maningrida,AU-NT,-12.0561,134.234,5020
YMGI,,Mungindi Airport,,AU-NSW,-28.9666,149.053,4606
YMGT,MQZ,Margaret River Airport,,AU-WA,-33.9306,115.1,3619
YMHB,HBA,Hobart International Airport,Hobart (Cambridge),AU-TAS,-42.837,147.513,8947
YMHU,MCV,McArthur River Mine Airport,McArthur River Mine,AU-NT,-16.4425,136.084,4931
YMIA,MQL,Mildura Airport,Mildura,AU-VIC,-34.2292,142.086,6004
YMIT,MTQ,Mitchell Airport,,AU-QLD,-26.4833,147.937,4675
YMJM,MJP,Manjimup Airport,,AU-WA,-34.2653,116.14,4016
YMLS,WLE,Miles Airport,,AU-QLD,-26.8064,150.169,5217
YMLT,LST,Launceston Airport,Launceston (Western Junction),AU-TAS,-41.5449,147.2108,6499
YMMB,MBW,Melbourne Moorabbin Airport,Melbourne,AU-VIC,-37.9778,145.0998,4380
YMMI,WUI,Murrin Murrin Airport,Murrin Murrin,AU-WA,-28.7053,121.891,6562
YMML,MEL,Melbourne Airport,Melbourne,AU-VIC,-37.6707,144.8379,11998
YMMU,MMM,Middlemount Airport,,AU-QLD,-22.8014,148.7068,5085
YMND,MTL,Maitland Airport,,AU-NSW,-32.7013,151.4929,4022
YMNE,WME,Mount Keith Airport,,AU-WA,-27.2873,120.5549,5896
YMNG,,Mangalore Airport,Mangalore,AU-VIC,-36.8883,145.184,6650
YMOR,MRZ,Moree Airport,Moree,AU-NSW,-29.4989,149.845,5292
YMPC,,"RAAF Williams, Point Cook Base",Point Cook,AU-VIC,-37.9322,144.753,4508
YMRB,MOV,Moranbah Airport,Moranbah,AU-QLD,-22.0578,148.077,5000
YMRE,RRE,Marree Airport,,AU-SA,-29.6633,138.065,4422
YMRY,MYA,Moruya Airport,Moruya,AU-NSW,-35.8978,150.144,4997
YMTG,MGB,Mount Gambier Airport,Mount Gambier,AU-SA,-37.7444,140.7806,5394
YMTO,MNQ,Monto Airport,,AU-QLD,-24.8923,151.1018,4301
YMUL,,Murray Field,,AU-WA,-32.5083,115.842,3750
YMYB,MBH,Maryborough Airport,Maryborough,AU-QLD,-25.5135,152.7136,5207
YNAR,NRA,Narrandera Airport,Narrandera,AU-NSW,-34.7022,146.512,5302
YNBR,NAA,Narrabri Airport,Narrabri,AU-NSW,-30.3192,149.827,5000
YNGU,RPM,Ngukurr Airport,Roper River,AU-NT,-14.7228,134.747,5020
YNOV,,Nova Airport,,AU-WA,-31.8459,123.1922,6562
YNPE,ABM,Northern Peninsula Airport,Bamaga,AU-QLD,-10.9462,142.4551,5462
YNRM,QRM,Narromine Airport,,AU-NSW,-32.2147,148.225,4990
YNTN,NTN,Normanton Airport,Normanton,AU-QLD,-17.6841,141.0697,5499
YNWN,ZNE,Newman Airport,Newman,AU-WA,-23.4178,119.803,6798
YNYN,NYN,Nyngan Airport,,AU-NSW,-31.5506,147.203,5390
YOLD,OLP,Olympic Dam Airport,Olympic Dam,AU-SA,-30.4839,136.8767,6102
YOLW,ONS,Onslow Airport,,AU-WA,-21.6702,115.1149,5249
YOOM,MOO,Moomba Airport,Moomba,AU-SA,-28.0994,140.197,5636
YORG,OAG,Orange Airport,Orange,AU-NSW,-33.382,149.1313,5499
YOSB,OSO,Osborne Mine Airport,,AU-QLD,-22.0817,140.555,6550
YPAD,ADL,Adelaide International Airport,Adelaide,AU-SA,-34.9475,138.5334,10171
YPAG,PUG,Port Augusta Airport,,AU-SA,-32.5069,137.717,5413
YPAM,PMK,Palm Island Airport,,AU-QLD,-18.7553,146.581,3730
YPBO,PBO,Paraburdoo Airport,Paraburdoo,AU-WA,-23.1711,117.745,6995
YPCC,CCK,Cocos (Keeling) Islands Airport,West Island,CC-U-A,-12.1922,96.8341,7999
YPDN,DRW,Darwin International Airport / RAAF Darwin,Darwin,AU-NT,-12.415,130.8818,11004
YPEA,,RAAF Base Pearce,Bullsbrook,AU-WA,-31.6678,116.015,8002
YPED,,RAAF Base Edinburgh,Adelaide,AU-SA,-34.7057,138.6156,8399
YPGV,GOV,Gove Airport,Nhulunbuy,AU-NT,-12.2694,136.818,7244
YPJT,JAD,Perth Jandakot Airport,Perth,AU-WA,-32.0975,115.881,4948
YPKA,KTA,Karratha Airport,Karratha,AU-WA,-20.7122,116.773,7480
YPKG,KGI,Kalgoorlie Boulder Airport,Broadwood,AU-WA,-30.7915,121.4646,6562
YPKS,PKE,Parkes Airport,Parkes,AU-NSW,-33.1314,148.239,5525
YPKT,PKT,Port Keats Airport,Wadeye,AU-NT,-14.2497,129.5295,4626
YPKU,KNX,East Kimberley Regional (Kununurra) Airport,Kununurra,AU-WA,-15.7781,128.708,6000
YPLC,PLO,Port Lincoln Airport,Port Lincoln,AU-SA,-34.6053,135.88,4918
YPLM,LEA,Learmonth Airport,Exmouth,AU-WA,-22.2352,114.09,9997
YPMP,EDR,Pormpuraaw Airport,Pormpuraaw,AU-QLD,-14.8965,141.6091,4462
YPMQ,PQQ,Port Macquarie Airport,Port Macquarie,AU-NSW,-31.4358,152.863,5203
YPOD,PTJ,Portland Airport,,AU-VIC,-38.3181,141.471,5302
YPPD,PHE,Port Hedland International Airport,Port Hedland,AU-WA,-20.3828,118.6298,8202
YPPF,,Adelaide Parafield Airport,Adelaide,AU-SA,-34.7933,138.633,4429
YPPH,PER,Perth International Airport,Perth,AU-WA,-31.9403,115.967,11299
YPTN,KTR,Tindal Airport,,AU-NT,-14.5211,132.378,9003
YPWR,UMR,Woomera Airfield,Woomera,AU-SA,-31.1442,136.817,7782
YPXM,XCH,Christmas Island International Airport,Flying Fish Cove,CX-U-A,-10.4504,105.6911,6900
YQDI,UIR,Quirindi Airport,,AU-NSW,-31.4982,150.5217,3629
YREN,RMK,Renmark Airport,,AU-SA,-34.1964,140.674,5709
YRMD,RCM,Richmond Airport,,AU-QLD,-20.7019,143.115,5000
YROM,RMA,Roma Airport,Roma,AU-QLD,-26.545,148.775,4934
YRTI,RTS,Rottnest Island Airport,,AU-WA,-32.0067,115.54,4242
YSBK,BWU,Sydney Bankstown Airport,Sydney,AU-NSW,-33.9236,150.9908,4644
YSCB,CBR,Canberra Airport,Canberra,AU-ACT,-35.3069,149.195,10771
YSCN,CDU,Camden Airport,Cobbitty,AU-NSW,-34.0383,150.6864,4804
YSCO,NSO,Scone Airport,,AU-NSW,-32.038,150.832,4606
YSDU,DBO,Dubbo City Regional Airport,Dubbo,AU-NSW,-32.2167,148.575,5604
YSGE,SGO,St George Airport,,AU-QLD,-28.0497,148.595,4987
YSHK,MJK,Shark Bay Airport,Denham,AU-WA,-25.8973,113.5758,5545
YSHL,WOL,Shellharbour Airport,Albion Park Rail,AU-NSW,-34.5611,150.789,5967
YSHT,SHT,Shepparton Airport,,AU-VIC,-36.4283,145.3915,4521
YSMI,SIO,Smithton Airport,,AU-TAS,-40.835,145.084,5246
YSNK,SNB,Snake Bay Airport,Milikapiti,AU-NT,-11.4177,130.6485,4734
YSNF,NLK,Norfolk Island International Airport,Burnt Pine,NF-U-A,-29.0418,167.9395,6398
YSNW,NOA,Naval Air Station Nowra - HMAS Albatross,Nowra Hill,AU-NSW,-34.9466,150.5425,6870
YSPE,SNH,Stanthorpe Airport,,AU-QLD,-28.6201,151.9833,5597
YSRI,XRH,RAAF Base Richmond,Richmond,AU-NSW,-33.6047,150.7831,7001
YSSY,SYD,Sydney Kingsford Smith International Airport,Sydney (Mascot),AU-NSW,-33.9461,151.177,12999
YSTW,TMW,Tamworth Airport,Tamworth,AU-NSW,-31.0779,150.8455,7218
YSWG,WGA,Wagga Wagga Airport,Forest Hill,AU-NSW,-35.1635,147.4683,5807
YSWH,SWH,Swan Hill Airport,,AU-VIC,-35.3758,143.533,4905
YSWL,SWC,Stawell Airport,,AU-VIC,-37.0717,142.741,4603
YTEF,TEF,Telfer Airport,,AU-WA,-21.715,122.229,6562
YTEM,TEM,Temora Airport,Temora,AU-NSW,-34.4214,147.512,6454
YTGM,XTG,Thargomindah Airport,Thargomindah,AU-QLD,-27.9864,143.8121,4800
YTMO,PHQ,The Monument Airport,Phosphate Hill,AU-QLD,-21.8111,139.924,6233
YTNG,THG,Thangool Airport,Biloela,AU-QLD,-24.4949,150.578,4993
YTNK,TCA,Tennant Creek Airport,Tennant Creek,AU-NT,-19.6344,134.183,6427
YTOC,TCW,Tocumwal Airport,,AU-NSW,-35.8117,145.608,4596
YTRE,TRO,Taree Airport,Taree,AU-NSW,-31.8886,152.514,4934
YTWB,TWB,Toowoomba Airport,Toowoomba,AU-QLD,-27.5434,151.9191,3678
YWBL,WMB,Warrnambool Airport,,AU-VIC,-38.2953,142.447,4501
YWBR,,Warburton Airport,Warburton,AU-WA,-26.1255,126.5832,5216
YWDG,WRN,Windarling Airport,Windarling Mine,AU-WA,-30.0323,119.3865,6070
YWDH,WNR,Windorah Airport,Windorah,AU-QLD,-25.4106,142.6684,4508
YWGM,,White Gum Air Park,York,AU-WA,-31.8639,116.9361,3800
YWGT,WGT,Wangaratta Airport,Laceby,AU-VIC,-36.4179,146.3069,5381
YWHA,WYA,Whyalla Airport,Whyalla,AU-SA,-33.0589,137.514,5531
YWIS,,Williamson Airport,,AU-QLD,-22.4743,150.1792,5928
YWKB,WKB,Warracknabeal Airport,,AU-VIC,-36.3211,142.419,4501
YWLG,WGE,Walgett Airport,,AU-NSW,-30.0328,148.126,5335
YWLM,NTL,Newcastle Airport,Williamtown,AU-NSW,-32.7961,151.835,10033
YWLU,WUN,Wiluna Airport,,AU-WA,-26.6327,120.2219,5942
YWMC,,William Creek Aerodrome,William Creek,AU-SA,-28.91,136.3403,4265
YWRN,,Warren Airport,,AU-NSW,-31.7333,147.803,3894
YWSL,SXE,West Sale Airport,Sale,AU-VIC,-38.0908,146.9653,5010
YWTN,WIN,Winton Airport,,AU-QLD,-22.3636,143.086,4600
YWUD,WUD,Wudinna Airport,,AU-SA,-33.0433,135.447,4954
YWWL,WWY,West Wyalong Airport,West Wyalong,AU-NSW,-33.9372,147.191,5200
YWYM,WYN,Wyndham Airport,,AU-WA,-15.5114,128.153,5272
YWYY,BWT,Wynyard Airport,Burnie,AU-TAS,-40.997,145.726,5413
YYND,YUE,Yuendumu Airport,,AU-NT,-22.2542,131.782,4724
YYNG,NGA,Young Airport,,AU-NSW,-34.2556,148.2471,4003
YYWG,,Yarrawonga Airport,,AU-VIC,-36.0315,146.028,3750
Z19O,,Wujah Al Hajar Air Base,Hamat,LB-AS,34.2812,35.6801,6000
ZA-0114,,Zebula Airstrip,Bela-Bela,ZA-NP,-24.7567,27.9691,4593
ZA-0297,,Madikwe East Airport,,ZA-NW,-24.7333,26.4064,4878
FASY,,Baragwanath Airfield,Hiltonia,ZA-GT,-26.3487,27.7795,3640
ZBAA,PEK,Beijing Capital International Airport,Beijing,CN-11,40.0773,116.5967,12467
ZBAD,PKX,Beijing Daxing International Airport,Beijing,CN-11,39.5013,116.414,12467
ZBCZ,CIH,Changzhi Wangcun Airport,Changzhi,CN-14,36.2475,113.126,8530
ZBDH,BPE,Qinhuangdao Beidaihe Airport,Qinhuangdao (Changli),CN-13,39.6664,119.0614,8530
ZBDS,DSN,Ordos Ejin Horo International Airport,Ordos,CN-15,39.4935,109.8599,10499
ZBDT,DAT,Datong Yungang International Airport,Datong,CN-14,40.0614,113.4805,9843
ZBER,ERL,Erenhot Saiwusu International Airport,Erenhot,CN-15,43.4241,112.0911,9186
ZBHH,HET,Hohhot Baita International Airport,Hohhot,CN-15,40.8497,111.8246,11811
ZBLA,HLD,Hulunbuir Hailar Airport,Hailar,CN-15,49.2086,119.8223,8530
ZBLF,LFQ,Linfen Yaodu Airport,Linfen (Yaodu),CN-14,36.1326,111.6412,8530
ZBMZ,NZH,Manzhouli Xijiao Airport,Manzhouli,CN-15,49.5667,117.33,9186
ZBOW,BAV,Baotou Donghe International Airport,Baotou,CN-15,40.56,109.997,9186
ZBSG,SZH,Shuozhou Zirun Airport,Shuozhou,CN-14,39.2732,112.6916,8530
ZBSJ,SJW,Shijiazhuang Zhengding International Airport,Shijiazhuang,CN-13,38.2807,114.697,11155
ZBSN,TVS,Tangshan Sannühe Airport,Tangshan (Fengrun),CN-13,39.7178,118.0026,8858
ZBTJ,TSN,Tianjin Binhai International Airport,Tianjin,CN-12,39.1244,117.346,11811
ZBTL,TGO,Tongliao Airport,Tongliao,CN-15,43.5567,122.2,7546
ZBUC,UCB,Ulanqab Jining Airport,Ulanqab,CN-15,41.1303,113.1073,10499
ZBUH,WUA,Wuhai Airport,Wuhai,CN-15,39.7934,106.7993,8530
ZBXH,XIL,Xilinhot Airport,Xilinhot,CN-15,43.9156,115.964,9186
ZBYC,YCU,Yuncheng Yanhu International Airport,Yuncheng (Yanhu),CN-61,35.1178,111.034,10499
ZBYN,TYN,Taiyuan Wusu International Airport,Taiyuan,CN-14,37.7469,112.628,11811
ZBYZ,RLK,Bayannur Tianjitai Airport,Bayannur,CN-15,40.9264,107.7409,8530
ZBZJ,ZQZ,Zhangjiakou Ningyuan Airport,Zhangjiakou,CN-13,40.7387,114.9334,8202
ZGBH,BHY,Beihai Fucheng Airport,Beihai,CN-45,21.5387,109.2937,10499
ZGBS,AEB,Baise (Bose) Bama Airport,Baise (Tianyang),CN-45,23.7206,106.96,8202
ZGGG,CAN,Guangzhou Baiyun International Airport,Guangzhou (Huadu),CN-44,23.3924,113.299,12467
ZGHA,CSX,Changsha Huanghua International Airport,Changsha (Changsha),CN-43,28.1892,113.22,12467
ZGHC,HCJ,Hechi Jinchengjiang Airport,Hechi (Jinchengjiang),CN-45,24.8043,107.7108,7218
ZGKL,KWL,Guilin Liangjiang International Airport,Guilin (Lingui),CN-45,25.2198,110.0396,10499
ZGMX,MXZ,Meizhou Meixian Changgangji International Airport,Meizhou (Meixian),CN-44,24.2634,116.0979,7874
ZGNN,NNG,Nanning Wuxu International Airport,Nanning (Jiangnan),CN-45,22.5981,108.1819,10499
ZGOW,SWA,Jieyang Chaoshan International Airport,Jieyang (Rongcheng),CN-44,23.552,116.5033,10499
ZGSD,ZUH,Zhuhai Jinwan Airport,Zhuhai (Jinwan),CN-44,22.0064,113.376,13517
ZGSZ,SZX,Shenzhen Bao'an International Airport,Shenzhen,CN-44,22.6395,113.8033,12467
ZGWZ,WUZ,Wuzhou Xijiang Airport,Tangbu,CN-45,23.4032,111.0933,8202
ZGXX,DXJ,Xiangxi Biancheng Airport,Xiangxi,CN-43,28.4972,109.5218,8530
ZGYL,YLX,Yulin Fumian Airport,Yulin,CN-45,22.433,110.12,8530
ZHCC,CGO,Zhengzhou Xinzheng International Airport,Zhengzhou,CN-41,34.5265,113.8492,11155
ZHEC,EHU,Ezhou Huahu International Airport,Ezhou,CN-42,30.3412,115.0393,11811
ZHES,ENH,Enshi Xujiaping Airport,Enshi (Enshi),CN-42,30.3203,109.485,6890
ZHHH,WUH,Wuhan Tianhe International Airport,Wuhan (Huangpi),CN-42,30.7748,114.2137,11811
ZHJZ,SHS,Jingzhou Shashi Airport,Jingzhou (Shashi),CN-42,30.2928,112.4485,8530
ZHLY,LYA,Luoyang Beijiao Airport,Luoyang (Laocheng),CN-41,34.7411,112.388,8202
ZHXF,XFN,Xiangyang Liuji Airport,Xiangyang (Xiangzhou),CN-42,32.1522,112.2917,8530
ZHXY,XAI,Xinyang Minggang Airport,Xinyang,CN-41,32.5408,114.0791,8858
ZHYC,YIH,Yichang Sanxia Airport,Yichang (Xiaoting),CN-42,30.5541,111.4826,10499
ZJHK,HAK,Haikou Meilan International Airport,Haikou (Meilan),CN-46,19.9349,110.459,11811
ZJQH,BAR,Qionghai Bo'ao Airport,Qionghai (Basuo),CN-46,19.141,110.4528,10499
ZJSY,SYX,Sanya Phoenix International Airport,Sanya (Tianya),CN-46,18.3029,109.412,11155
ZKHM,RGO,Orang (Chongjin) Airport,Hoemun-ri,KP-09,41.4285,129.6476,8202
ZKPY,FNJ,Pyongyang Sunan International Airport,Pyongyang,KP-01,39.2241,125.67,11490
ZKSD,DSO,Sondok Airport,Sŏndŏng-ni,KP-08,39.7452,127.474,8210
ZKSE,YJS,Samjiyŏn Airport,Samjiyŏn,KP-10,41.9071,128.4098,10750
ZKUJ,UJU,Uiju Airport,Uiju,KP-03,40.15,124.5011,8180
ZKWS,WOS,Wonsan Kalma Airport,Wonsan,KP-07,39.1652,127.4879,11482
ZLAK,AKA,Ankang Fuqiang Airport,Ankang (Hanbin),CN-61,32.757,108.8734,8530
ZLDH,DNH,Dunhuang Mogao International Airport,Dunhuang,CN-62,40.162,94.8128,9186
ZLGL,GMQ,Golog Maqên Airport,Golog (Maqên),CN-63,34.4181,100.3011,12467
ZLGM,GOQ,Golmud Airport,Golmud,CN-63,36.4006,94.7861,15748
ZLIC,INC,Yinchuan Hedong International Airport,Yinchuan,CN-64,38.3228,106.3932,11811
ZLJC,JIC,Jinchang Jinchuan Airport,Jinchang,CN-62,38.5422,102.3483,9843
ZLJQ,JGN,Jiayuguan International Airport,Jiayuguan,CN-62,39.8591,98.3393,9843
ZLLL,LHW,Lanzhou Zhongchuan International Airport,Lanzhou (Yongdeng),CN-62,36.5152,103.62,13123
ZLLN,LNL,Longnan Chengzhou Airport,Longnan (Cheng),CN-62,33.7899,105.79,9186
ZLXN,XNN,Xining Caojiabao International Airport,Haidong (Huzhu Tu Autonomous County),CN-63,36.5277,102.0402,12467
ZLXY,XIY,Xi'an Xianyang International Airport,Xi'an,CN-61,34.4422,108.7624,12467
ZLYL,UYN,Yulin Yuyang Airport,Yulin,CN-61,38.3597,109.5909,9186
ZLYS,YUS,Yushu Batang Airport,Yushu (Batang),CN-63,32.8364,97.0364,12467
ZLZW,ZHY,Zhongwei Shapotou Airport,Zhongwei (Shapotou),CN-64,37.5731,105.1545,9186
ZMBH,BYN,Bayankhongor Airport,Bayankhongor,MN-069,46.1633,100.704,9186
ZMBU,UUN,Baruun Urt Airport,,MN-051,46.6603,113.285,7217
ZMCD,COQ,Choibalsan Airport,,MN-061,48.1354,114.6472,8530
ZMCK,UBN,Ulaanbaatar Chinggis Khaan International Airport,Ulaanbaatar (Sergelen),MN-047,47.6469,106.8198,11811
ZMDZ,DLZ,Dalanzadgad Airport,Dalanzadgad,MN-053,43.6086,104.3677,7545
ZMKD,HVD,Khovd Airport,Khovd,MN-043,47.9541,91.6282,9352
ZMMN,MXV,Mörön Airport,Mörön,MN-041,49.6637,100.1,7874
ZMUB,ULN,Buyant-Ukhaa International Airport,Ulaanbaatar,MN-1,47.8431,106.767,10170
ZMUG,ULO,Ulaangom Airport,Ulaangom,MN-046,50.0666,91.9383,8815
ZPCW,CWJ,Cangyuan Washan Airport,Lincang (Cangyuan),CN-53,23.2763,99.3732,8530
ZPDL,DLU,Dali Fengyi Airport,Dali (Xiaguan),CN-53,25.6494,100.319,8202
ZPDQ,DIG,Diqing Shangri-La Airport,Diqing (Shangri-La),CN-53,27.7936,99.6772,11647
ZPJH,JHG,Xishuangbanna Gasa International Airport,Jinghong (Gasa),CN-53,21.9746,100.7622,7874
ZPLJ,LJG,Lijiang Sanyi International Airport,Lijiang,CN-53,26.6775,100.2449,9843
ZPMS,LUM,Dehong Mangshi International Airport,Dehong (Mangshi),CN-53,24.4011,98.5317,7218
ZPPP,KMG,Kunming Changshui International Airport,Kunming,CN-53,25.1103,102.9367,14764
ZPZT,,Zhaotong Airport (Old),Zhaotong (Zhaoyang),CN-53,27.3275,103.7562,8530
ZSAM,XMN,Xiamen Gaoqi International Airport,Xiamen,CN-35,24.5439,118.1275,11155
ZSAQ,AQG,Anqing Tianzhushan Airport / Anqing North Air Base,Anqing,CN-34,30.5822,117.05,9186
ZSCG,CZX,Changzhou Benniu International Airport,Changzhou,CN-32,31.9205,119.7755,11155
ZSCN,KHN,Nanchang Changbei International Airport,Nanchang,CN-36,28.8648,115.9027,11155
ZSDY,DOY,Dongying Shengli Airport,Dongying (Kenli),CN-37,37.5014,118.7899,9186
ZSFY,FUG,Fuyang Xiguan Airport,"Yingzhou, Fuyang",CN-34,32.8822,115.7344,7874
ZSFZ,FOC,Fuzhou Changle International Airport,Fuzhou (Changle),CN-35,25.9293,119.6725,11811
ZSHC,HGH,Hangzhou Xiaoshan International Airport,Hangzhou,CN-33,30.2361,120.4289,11811
ZSJD,JDZ,Jingdezhen Luojia Airport,Jingdezhen,CN-36,29.3386,117.176,7874
ZSJG,JNG,Jining Da'an Airport,Jining,CN-37,35.6474,116.7433,9186
ZSJJ,JIU,Jiujiang Lushan Airport,Jiujiang,CN-36,29.4769,115.8011,9186
ZSJN,TNA,Jinan Yaoqiang International Airport,Jinan (Licheng),CN-37,36.8572,117.216,11812
ZSLY,LYI,Linyi Qiyang Airport,Linyi (Hedong),CN-37,35.0529,118.4118,10498
ZSNB,NGB,Ningbo Lishe International Airport,Ningbo,CN-33,29.8267,121.462,10499
ZSNJ,NKG,Nanjing Lukou International Airport,Nanjing,CN-32,31.735,118.8659,11811
ZSNT,NTG,Nantong Xingdong International Airport,Nantong (Tongzhou),CN-32,32.0736,120.9801,11155
ZSOF,HFE,Hefei Xinqiao International Airport,Hefei,CN-34,31.9878,116.9769,11155
ZSPD,PVG,Shanghai Pudong International Airport,Shanghai (Pudong),CN-31,31.1434,121.805,13123
ZSQD,TAO,Qingdao Jiaodong International Airport,Qingdao (Jiaozhou),CN-37,36.362,120.0882,11811
ZSQZ,JJN,Quanzhou Jinjiang International Airport,Quanzhou,CN-35,24.7959,118.5886,8530
ZSSH,HIA,Huai'an Lianshui Airport,Huai'an,CN-32,33.7927,119.1267,9186
ZSSR,SQD,Shangrao Sanqingshan Airport,Shangrao (Hengfeng),CN-36,28.3797,117.9643,7874
ZSSS,SHA,Shanghai Hongqiao International Airport,Shanghai (Minhang),CN-31,31.1981,121.3343,11154
ZSTX,TXN,Huangshan Tunxi International Airport,Huangshan,CN-34,29.7333,118.256,8530
ZSWF,WEF,Weifang Nanyuan Airport,Weifang (Kuiwen),CN-37,36.6467,119.119,8530
ZSWH,WEH,Weihai Dashuibo Airport,Weihai,CN-37,37.1871,122.229,8530
ZSWX,WUX,Sunan Shuofang International Airport,Wuxi,CN-32,31.497,120.4304,10499
ZSWZ,WNZ,Wenzhou Longwan International Airport,Wenzhou (Longwan),CN-33,27.9106,120.8535,10499
ZSXZ,XUZ,Xuzhou Guanyin International Airport,Xuzhou,CN-32,34.0591,117.5553,11548
ZSYA,YTY,Yangzhou Taizhou Airport,Yangzhou,CN-32,32.5634,119.7198,10499
ZSYN,YNZ,Yancheng Nanyang International Airport,Yancheng (Tinghu),CN-32,33.4283,120.2054,9186
ZSYT,YNT,Yantai Penglai International Airport,Yantai,CN-37,37.6597,120.9781,11155
ZSYW,YIW,Yiwu Airport,Yiwu/Jinhua,CN-33,29.3421,120.0312,9843
ZSZS,HSN,Zhoushan Putuoshan International Airport,Zhoushan,CN-33,29.9339,122.3623,8202
ZUAL,NGQ,Ngari Gunsa Airport,Shiquanhe,CN-54,32.0979,80.054,14764
ZUBD,BPX,Qamdo Bangda Airport,Bangda,CN-54,30.5536,97.1083,14764
ZUBJ,BFJ,Bijie Feixiong Airport,Bijie,CN-52,27.2671,105.4721,8530
ZUCK,CKG,Chongqing Jiangbei International Airport,Chongqing,CN-50,29.7123,106.6519,12467
ZUDC,DCY,Daocheng Yading Airport,Garzê (Daocheng),CN-51,29.3163,100.0603,13780
ZUGH,GHN,Guanghan Airport,Deyang (Guanghan),CN-51,30.9485,104.3296,7218
ZUGY,KWE,Guiyang Longdongbao International Airport,Guiyang (Nanming),CN-52,26.5418,106.804,13123
ZUHY,AHJ,Hongyuan Airport,Ngawa (Hongyuan),CN-51,32.5315,102.3522,11811
ZUJZ,JZH,Jiuzhai Huanglong Airport,Ngawa (Songpan),CN-51,32.8533,103.6822,10499
ZUKD,KGT,Kangding Airport,Garzê (Kangding),CN-51,30.1425,101.7387,13123
ZULB,LLB,Libo Airport,Qiannan (Libo),CN-52,25.4525,107.9617,7546
ZULS,LXA,Lhasa Gonggar International Airport,Shannan (Gonggar),CN-54,29.298,90.912,13123
ZURK,RKZ,Xigaze Peace Airport / Shigatse Air Base,Xigazê (Samzhubzê),CN-54,29.3509,89.2992,16404
ZUTF,TFU,Chengdu Tianfu International Airport,Chengdu (Jianyang),CN-51,30.3125,104.4413,13123
ZUTR,TEN,Tongren Fenghuang Airport,Tongren (Daxing),CN-52,27.8833,109.3089,9022
ZUUU,CTU,Chengdu Shuangliu International Airport,Chengdu (Shuangliu),CN-51,30.5583,103.946,11811
ZUWL,CQW,Chongqing Xiannüshan Airport,Wulong,CN-50,29.4657,107.6937,9186
ZUXC,XIC,Xichang Qingshan Airport,Liangshan (Xichang),CN-51,27.9891,102.184,11811
ZUZH,PZI,Panzhihua Bao'anying Airport,Panzhihua (Renhe),CN-51,26.54,101.7985,9186
ZWAK,AKU,Aksu Hongqipo Airport,Aksu (Onsu),CN-65,41.2625,80.2917,7874
ZWAL,ACF,Aral Tarim Airport,Aral,CN-65,40.4347,81.2621,9186
ZWAT,AAT,Altay Xuedu Airport,Altay,CN-65,47.7499,88.0858,7218
ZWHM,HMI,Hami Airport,Hami,CN-65,42.8414,93.6692,7874
ZWKC,KCA,Kuqa Qiuci Airport,Kuqa,CN-65,41.6779,82.8729,8530
ZWKN,KJI,Burqin Kanas Airport,Burqin,CN-65,48.2223,86.9959,8202
ZWNL,NLT,Xinyuan Nalati Airport,Xinyuan,CN-65,43.4318,83.3786,7546
ZWSH,KHG,Kashgar Laining International Airport,Kashgar,CN-65,39.5423,76.0202,10499
ZWTN,HTN,Hotan Airport,Hotan,CN-65,37.0385,79.8649,10499
ZWWW,URC,Ürümqi Tianshan International Airport,Ürümqi,CN-65,43.9136,87.4794,11811
ZYCC,CGQ,Changchun Longjia International Airport,Changchun,CN-22,43.9962,125.685,10500
ZYDD,DDG,Dandong Langtou International Airport,Dandong (Zhenxing),CN-21,40.0255,124.2867,8530
ZYDQ,DQA,Daqing Sartu Airport,Daqing,CN-23,46.7509,125.1386,8530
ZYHB,HRB,Harbin Taiping International Airport,Harbin,CN-23,45.6234,126.25,11811
ZYHE,HEK,Heihe Aihui Airport,Heihe,CN-23,50.1716,127.3089,8202
ZYJD,JGD,Daxing'anling Elunchun Airport,Jiagedaqi,CN-23,50.3714,124.1175,7546
ZYJM,JMU,Jiamusi Songjiang International Airport,Jiamusi,CN-23,46.8428,130.4643,8202
ZYJS,JSJ,Jiansanjiang Shidi Airport,Jiansanjiang,CN-23,47.1082,132.6579,8202
ZYJX,JXA,Jixi Xingkaihu Airport,Jixi,CN-23,45.293,131.193,7546
ZYMD,MDG,Mudanjiang Hailang International Airport,Mudanjiang,CN-23,44.5252,129.5686,8530
ZYMH,OHE,Mohe Gulian Airport,Mohe,CN-23,52.9169,122.4228,7218
ZYQQ,NDG,Qiqihar Sanjiazi Airport,Qiqihar,CN-23,47.23,123.9142,11811
ZYTL,DLC,Dalian Zhoushuizi International Airport,Dalian (Ganjingzi),CN-21,38.9657,121.5385,10827
ZYTX,SHE,Shenyang Taoxian International Airport,Shenyang,CN-21,41.6398,123.4837,10499
ZYYJ,YNJ,Yanji Chaoyangchuan Airport,Yanji,CN-22,42.8828,129.451,8530
